709;1;verlassen
709;1;ruhig
709;1;bedrückend
709;2;beruhigend
709;2;geborgen
709;2;verträumt
709;3;trauer
709;3;leere
709;3;dunkel
709;3;einsam
717;1;hell
717;1;interessant
717;1;ruhig
717;2;ruhig
717;2;verträumt
717;2;melancholisch
717;3;trist
717;3;alt
709;1;unruhig
709;1;verlassen
709;1;düster
709;1;traurig
709;1;leer
709;1;unvollständig
709;13;warm
709;13;sonnig
709;13;wohlwollend
709;13;geborgen
709;13;enthusiastisch
709;7;entspannt
709;7;freundlich
709;7;glücklich
709;7;nachdenklich
709;7;munter
709;7;verträumt
709;10;romantisch
709;10;vergnügt
709;10;verträumt
709;10;verzückt
709;10;verliebt
709;10;aufgeregt
709;8;entrüstet
709;8;böse
709;8;durcheinander
709;8;einsam
709;8;bekümmert
709;8;bedrückt
709;8;unruhig
709;15;unsicher
709;15;verblüfft
709;15;verstimmt
709;15;vorsichtig
709;15;zurückhaltend
709;17;begeistert
709;17;erfreut
709;17;erstaunt
709;17;freudig
709;17;zufrieden
709;17;verträumt
709;17;neugierig
709;17;nachdenklich
709;17;munter
709;17;interessiert
709;9;entspannt
709;9;erfreut
709;9;erleichtert
709;9;freudig
709;9;freundlich
709;9;froh
709;9;fröhlich
709;9;gelassen
709;9;glücklich
709;9;dankbar
709;9;beruhigt
709;9;behutsam
709;9;munter
709;9;neugierig
709;9;sicher
709;9;vergnügt
709;9;verliebt
709;9;verträumt
709;9;zufrieden
709;14;kalt
709;14;aufgeregt
709;14;empört
709;14;ernst
709;14;geduldig
709;14;neugierig
709;14;nachdenklich
709;14;misstrauisch
709;14;hingerissen
709;14;vorsichtig
709;14;zurückhaltend
709;14;verdutzt
709;14;verstimmt
709;11;durcheinander
709;11;besorgt
709;11;bekümmert
709;11;behutsam
709;11;aufgebracht
709;11;ärgerlich
709;11;empört
709;11;entsetzt
709;11;ernst
709;11;erstaunt
709;11;fassungslos
709;18;nett
709;18;unbekümmert
709;18;unbeschwert
709;18;sicher
709;18;erleichtert
709;18;heiter
709;18;zufrieden
709;18;begeistert
709;16;aufgeregt
709;16;aufgebracht
709;16;böse
709;16;boshaft
709;16;einsam
709;16;entgeistert
709;16;herablassend
709;16;ernst
709;16;missgunst
709;4;schadenfroh
709;4;verträumt
709;4;interessiert
709;4;glücklich
709;12;verwirrt
709;12;überrascht
709;12;verblüfft
709;12;verdutzt
709;5;freudig
709;5;nett
709;5;fröhlich
709;6;heiter
709;6;durcheinander
709;6;verwundert
709;79;euphorisch
709;79;andächtig
709;79;stark
709;79;überheblich
709;39;sprachlos
709;39;zornig
709;39;wild
709;39;böse
709;39;boshaft
709;19;verwirrt
709;19;verwundert
709;19;überrascht
709;19;entrüstet
709;19;misstrauisch
709;99;entspannt
709;99;zufrieden
709;99;gutmütig
709;99;gelassen
709;59;klar
709;59;nah
709;59;neugierig
709;59;offen
709;59;gesellig
723;1;warm
723;1;geordnet
723;1;organisiert
723;1;hell
723;2;gemütlich
723;2;gemeinsam
723;2;frisch
723;2;kühl
723;3;rebellisch
723;3;aufgefordert
723;3;bestimmt
717;1;ruhig
717;1;leicht
717;1;wachsend
717;16;düster
717;16;bedrückend
717;16;warm
717;13;warm
717;13;groß
717;13;hell
717;13;weit
717;7;paar
717;7;zusammen
717;7;gemeinsam
717;7;angenehm
717;11;kalt
717;11;stadt
717;11;winter
717;11;hell
717;14;durcheinander
717;14;verwirrend
717;14;beängstigend
717;14;chaos
717;15;idyllisch
717;15;romantisch
717;15;dunkel
717;15;verträumt
717;4;verträumt
717;4;ruhig
717;4;nacht
717;8;durcheinander
717;8;wahllos
717;8;streifen
717;8;zufall
717;9;romantisch
717;9;herbst
717;9;pärchen
717;9;warm
717;6;abstrakt
717;6;muster
717;6;mosaik
717;6;anordnung
717;10;nebel
717;10;wald
717;10;spazieren
717;10;romantisch
717;10;weg
717;10;bedrückend
717;18;symmetrisch
717;18;unordentlich
717;18;verspielt
717;5;einsam
717;5;traurig
717;5;kalt
717;5;verlassen
717;12;künstlerisch
717;12;intensiv
717;12;hervorstechend
717;12;ruhig
717;17;romantisch
717;17;stark
717;17;eindrucksvoll
717;17;warm
717;17;ruhig
726;1;symmetrisch
726;1;ruhig
726;1;statisch
726;1;warm
726;1;dunkel
726;2;einsam
726;2;bunt
726;2;regnerisch
726;2;beruhigend
726;2;verträumt
726;2;melancholisch
726;2;verschwommen
726;3;warm
726;3;langweilig
726;3;statisch
726;3;unbewegt
726;3;lernatmosphäre
723;1;organisiert
723;1;warm
723;1;strukturiert
723;1;geordnet
723;16;lebendig
723;16;heiß
723;16;frisch
723;16;belebt
723;10;gemütlich
723;10;behütet
723;10;frisch
723;10;frei
723;10;zweisam
723;10;entspannt
723;7;gemütlich
723;7;warm
723;7;frei
723;7;zweisam
723;7;frisch
723;7;belebt
723;18;verwirrt
723;18;überfordert
723;18;ungeordnet
723;18;gereizt
723;8;nass
723;8;kalt
723;8;emotional
723;8;alleine
723;8;traurig
723;5;zurückgehalten
723;5;gefährdet
723;5;nervös
723;5;eingeschüchtert
723;15;frisch
723;15;frei
723;15;belebt
723;15;ausgeglichen
723;15;geschützt
723;17;frei
723;17;entspannt
723;17;zufrieden
723;17;sehnsüchtig
723;12;beobachtet
723;9;frei
723;9;frisch
723;9;zweisam
723;9;ausgeglichen
723;9;warm
723;9;geschützt
723;4;warm
723;4;frei
723;4;frisch
723;4;ausgeglichen
723;4;aktiv
723;4;zufrieden
723;4;sehnsüchtig
723;14;überfordert
723;14;chaotisch
723;14;unausgeglichen
723;14;aufgeregt
723;13;einsam
723;13;überhitzt
723;13;erschöpft
723;11;bewegt
723;11;nass
723;6;reduziert
723;6;vielfältig
723;6;undurchsichtig
731;1;hell
731;1;freundlich
731;1;warm
731;1;abend
731;1;licht
731;2;nass
731;2;gemütlich
731;2;ruhig
731;3;wirr
731;3;unruhig
726;1;warm
726;1;freundlich
726;1;dunkel
726;1;heiter
726;1;statisch
726;1;ruhig
726;1;konzeptionistisch
726;1;rational
726;1;berechnend
726;17;warm
726;17;friedvoll
726;17;freiheit
726;17;ruhig
726;17;einsam
726;17;bewegt
726;17;melancholisch
726;17;beruhigend
726;17;autonom
726;17;selbstbestimmt
726;5;herbstlich
726;5;kalt
726;5;dunkel
726;5;ruhig
726;5;beruhigend
726;13;einsamkeit
726;13;wärme
726;13;hitze
726;13;freiheit
726;13;autonomie
726;13;ruhe
726;13;unabhängigkeit
726;13;gefährlich
726;8;kalt
726;8;statisch
726;8;schmutzig
726;8;konzeptionistisch
726;8;unruhig
726;8;unbewegt
726;14;trist
726;14;langweilig
726;14;ermüdend
726;14;statisch
726;14;konzeptionistisch
726;14;unbewegt
726;14;ruhig
726;14;futuristisch
726;14;abstrakt
726;4;warm
726;4;ruhig
726;4;freiheit
726;4;unabhängigkeit
726;4;romantisch
726;4;beruhigend
726;4;bewegt
726;4;melancholisch
726;4;verträumt
726;4;schwärmerisch
726;4;weltentrückt
726;16;warm
726;16;natürlich
726;16;lebendig
726;16;sensibel
726;16;sensitiv
726;7;kalt
726;7;tödlich
726;7;beklemmend
726;7;krankheit
726;7;hilfe
726;7;rettung
726;7;notfall
726;12;weiblich
726;12;asiatisch
726;12;warm
726;12;geisha
726;12;farbenfroh
726;12;fröhlich
726;12;ermunternd
726;12;erheiternd
726;12;niedlich
726;6;kalt
726;6;glasfenster
726;6;zelle
726;6;bunt
726;11;abstrakt
726;11;kalt
726;11;meer
726;11;umweltkatastrophe
726;11;überschwemmung
726;11;tod
726;11;untergang
726;11;verderben
726;11;menschheit
726;9;herbstlich
726;9;regnerisch
726;9;warm
726;9;zweisam
726;9;lieblich
726;9;fröhlich
726;9;romantisch
726;18;herbstlich
726;18;warm
726;18;verschwommen
726;18;schmutzig
726;15;romantisch
726;15;warm
726;15;herbstlich
726;15;einsam
726;15;ruhig
726;15;beruhigend
726;10;bedrohlich
726;10;herbstlich
726;10;zweisam
726;10;romantisch
726;10;liebevoll
726;10;dunkel
726;10;bunt
731;1;hell
731;1;aufregend
731;1;freundlich
731;1;lustig
731;1;frisch
731;11;ruhig
731;11;gemütlich
731;11;freundlich
731;11;weitläufig
731;13;einsam
731;13;leer
731;13;weitläufig
731;13;eben
731;13;bunt
731;15;einsam
731;15;dunkel
731;15;nass
731;15;feucht
731;15;kühl
731;15;abendlich
731;15;kalt
731;15;düster
731;15;leuchtend
731;18;natürlich
731;18;bunt
731;18;geometrisch
731;18;braun
731;18;ländlich
731;18;wald
731;18;still
731;18;ruhig
731;18;freundlich
731;8;feucht
731;8;mysteriös
731;8;nass
731;8;einsam
731;8;trist
731;8;ruhig
731;8;eintönig
731;17;sonnig
731;17;dunkel
731;17;leuchtend
731;17;weit
731;17;fern
731;17;beeindruckend
731;17;scheinen
731;17;spiegeln
731;6;organisch
731;6;bunt
731;6;pflanzen
731;6;natürlich
731;6;geometrisch
731;6;regelmäßig
731;14;trist
731;14;grau
731;14;urban
731;14;einsam
731;14;fern
731;14;verschwommen
731;4;sonnig
731;4;hell
731;4;wolkig
731;4;leuchtend
731;4;ruhig
731;4;entspannt
731;4;dämmerung
731;16;organisch
731;16;natürlich
731;16;abendlich
731;16;ruhig
731;16;frei
731;16;streben
731;16;wachsen
731;9;gemütlich
731;9;nass
731;9;feucht
731;9;herbstlich
731;9;abendlich
731;9;hell
731;9;romantisch
731;9;ruhig
731;12;asiatisch
731;12;bunt
731;12;kreativ
731;12;abstrakt
731;12;künstlerisch
731;12;malerisch
731;12;wild
731;12;gemischt
731;7;herbstlich
731;7;bunt
731;7;natürlich
731;7;einsam
731;7;trost
731;7;gemeinsam
731;7;ruhig
731;7;still
731;5;natürlich
731;5;bunt
731;5;kalt
731;5;ruhig
731;5;kontrastreich
731;5;einsam
731;5;still
731;5;getrennt
731;10;einsam
731;10;gemeinsam
731;10;herbstlich
731;10;dunkel
731;10;geschützt
731;10;umschlungen
731;10;romantisch
731;10;zweisam
731;39;dunkel
731;39;bedrohlich
731;39;düster
731;39;gefährlich
731;39;wirr
731;39;schauderhaft
731;39;dunkel
731;39;bedrohlich
731;39;düster
731;39;gefährlich
731;39;wirr
731;39;schauderhaft
731;99;
731;19;rostig
731;19;alt
731;19;rustikal
731;19;abstrakt
731;19;verwischt
731;19;rötlich
731;59;abstrakt
731;59;bunt
731;59;gemustert
731;59;formen
731;59;freundlich
731;59;lustig
731;59;hell
731;59;spaßig
731;79;natürlich
731;79;kontrastreich
731;79;einsam
731;79;abstrakt
746;1;fruchtbar
746;1;gestaffelt
746;1;chaotisch
746;2;romantisch
746;2;französisch
746;2;verliebt
746;2;nass
746;2;frisch
746;3;bedrückend
746;3;einschüchternd
746;3;blutig
746;3;kalt
746;1;geordnet
746;1;kubisch
746;1;natürlich
746;1;gesund
746;11;nordisch
746;11;windig
746;11;erholen
746;11;fischen
746;11;kalt
746;8;nass
746;8;dreckig
746;8;bunt
746;8;träumerisch
746;18;herbstlich
746;18;gemütlich
746;18;natürlich
746;17;warm
746;17;gemütlich
746;17;nostalgisch
746;17;ruhig
746;12;exotisch
746;12;asiatisch
746;12;farbenfroh
746;12;besinnlich
746;14;technisch
746;14;elektronisch
746;14;detailliert
746;14;klein
746;9;französisch
746;9;paris
746;9;herbstlich
746;9;verliebt
746;9;nass
746;9;gemütlich
746;13;heiß
746;13;sand
746;13;unsichtbar
746;13;unendlich
746;13;hell
746;5;düster
746;5;geheimnisvoll
746;4;warm
746;4;ruhig
746;4;gemütlich
746;4;einladend
746;10;herbstlich
746;10;verliebt
746;10;nass
746;10;düster
746;16;unecht
746;16;unattraktiv
746;16;langweilig
746;15;herbstlich
746;15;nass
746;15;gemütlich
746;15;ruhig
746;6;biologisch
746;6;unruhig
746;6;lebendig
746;7;langweilig
746;7;verliebt
746;7;natürlich
746;7;herbstlich
746;99;warm
746;99;göttlich
746;79;lebendig
746;79;natürlich
746;79;kalt
746;19;bedrohlich
746;19;verschwommen
746;19;warm
746;59;kindlich
746;59;fröhlich
746;59;chaotisch
746;39;bedrohlich
746;39;tödlich
746;39;traurig
750;1;hell
750;1;freundlich
750;1;sonnig
750;1;positiv
750;1;ruhig
750;1;unberührt
750;2;romantisch
750;3;bedrohlich
750;3;unruhig
751;1;sicherheit
751;1;leer
751;2;fröhlich
751;2;bunt
751;2;menschen
751;2;ruhe
751;2;frieden
751;2;romantisch
751;2;zweisamkeit
751;2;frühling
751;2;sozial
751;3;propaganda
751;3;kunst
751;3;nachricht
751;3;botschaft
751;3;grafik
751;3;wand
751;3;vision
752;1;abstrakt
752;1;kunst
752;1;barriere
752;1;mauer
752;1;auflösung
752;2;paar
752;2;regen
752;2;park
752;2;romantik
752;3;botschaft
752;3;graffiti
752;3;straßenkunst
752;3;modern
754;1;unruhig
754;1;verlassen
754;1;düster
754;2;glücklich
754;2;ruhig
754;2;verträumt
754;3;dunkel
754;3;trist
754;3;warm
773;1;hässlich
773;1;kinderfickendekirche
773;2;spass
773;2;freude
773;2;warm
773;2;kalt
773;2;schön
773;3;merkwürdig
773;3;kopfzerbrechend
775;1;durcheinander
775;1;vielschichtig
775;2;allein
775;3;deprimiert
775;3;düster
775;3;kalt
779;1;hell
779;1;einsam
779;1;verlassen
779;1;chaotisch
779;2;vertraut
779;2;glücklich
779;2;ruhig
779;2;verträumt
779;2;geborgen
779;3;angst
779;3;düster
779;3;trist
779;3;geheimnisvoll
779;3;ungeordnet
780;1;unruhig
780;1;verlassen
780;1;düster
780;2;glücklich
780;2;ruhig
780;2;verträumt
780;3;dunkel
780;3;trist
780;3;warm
751;1;xray
751;1;unstimmig
751;1;abstrakt
751;1;geheimnisvoll
751;1;bunt
751;1;information
751;1;struktur
751;1;aufbau
751;1;schichten
751;1;formen
751;1;einheit
751;5;wald
751;5;ruhe
751;5;verlassen
751;5;herbst
751;5;wind
751;5;harmonisch
751;5;atmosphärisch
751;5;idyll
751;5;spaziergang
751;5;entspanntheit
751;5;wahrnehmung
751;5;frieden
751;11;
751;14;kunst
751;14;abstrakt
751;14;grau
751;14;stimmungslos
751;14;struktur
751;14;emotionen
751;7;herbst
751;7;frieden
751;7;liebe
751;7;zweisamkeit
751;7;ruhe
751;7;isolierung
751;7;frei
751;7;offen
751;7;weiträumig
751;7;natur
751;6;chaos
751;6;formen
751;6;kreise
751;6;bunt
751;6;früchte
751;6;stimmung
751;6;emotionen
751;6;gefühle
751;15;abend
751;15;lichter
751;15;dunkel
751;15;ruhig
751;15;düster
751;15;innenleben
751;15;stadt
751;15;einsamkeit
751;15;abendleben
751;15;traurig
751;17;sonnenuntergang
751;17;sonne
751;17;meer
751;17;schiffsfahrt
751;17;wind
751;17;himmel
751;17;idyllisch
751;17;herzlich
751;17;ruhig
751;17;stürmisch
751;18;bäume
751;18;spiegelung
751;18;wasser
751;18;herbst
751;18;eintönig
751;9;alley
751;9;spaziergang
751;9;zweisamkeit
751;9;romantisch
751;9;couple
751;9;liebespaar
751;9;jung
751;9;traumhaft
751;9;real
751;9;harmonisch
751;9;ruhig
751;16;pflanzen
751;16;natur
751;16;blumen
751;16;poster
751;16;kunst
751;16;design
751;16;rot
751;16;weiß
751;16;schwarz
751;13;kunst
751;13;abstrakt
751;13;farbig
751;13;struktur
751;13;linien
751;13;einheit
751;13;schichten
751;13;ebenen
751;13;bedeutsam
751;4;schiffe
751;4;ufer
751;4;see
751;4;meer
751;4;ozean
751;4;sonnenuntergang
751;4;himmel
751;4;ort
751;4;stadt
751;4;frieden
751;4;ruhe
751;4;spaß
751;8;linien
751;8;bunt
751;8;abstrakt
751;8;kunst
751;8;sterne
751;8;poster
751;8;wandmalerei
751;12;japanisch
751;12;asiatisch
751;12;kunst
751;12;person
751;12;portrait
751;12;bunt
751;12;surreal
751;12;verziert
751;12;traditionell
751;10;alley
751;10;herbst
751;10;zweisamkeit
751;10;verlassen
751;10;emotionslos
780;1;unruhig
780;1;verlassen
780;1;düster
780;10;ruhig
780;10;vertraut
780;10;friedlich
780;10;entspannt
780;14;kalt
780;14;einsam
780;14;bedrohlich
780;14;still
780;14;ruhig
780;12;lebhaft
780;12;wild
780;12;heiter
780;12;laut
780;12;verspielt
780;15;verregnet
780;15;romantisch
780;15;ruhig
780;15;einsam
780;15;harmonisch
780;15;idyllisch
780;15;friedlich
780;7;verträumt
780;7;paradiesisch
780;7;natürlich
780;7;herbstlich
780;7;vertraut
780;7;friedlich
780;7;ruhig
780;7;harmonisch
780;7;warm
780;7;herzlich
780;6;unruhig
780;6;bunt
780;6;farbenfroh
780;6;vielfältig
780;6;fröhlich
780;6;wirr
780;6;überladen
780;6;unstrukturiert
780;17;ruhig
780;17;idyllisch
780;17;romantisch
780;17;gelassen
780;17;entspannt
780;17;beruhigend
780;17;erholsam
780;17;friedlich
780;17;warm
780;18;natürlich
780;18;verwirrend
780;18;ungesund
780;18;destruktiv
780;18;bedrohlich
780;18;zerstörerisch
780;18;abweisend
780;18;krank
780;18;kränklich
780;18;morbid
780;18;erkrankt
780;18;leidend
780;18;verletzt
780;18;siechend
780;18;kaputt
780;9;romantisch
780;9;bunt
780;9;friedlich
780;9;harmonisch
780;9;warm
780;9;liebevoll
780;9;lieblich
780;9;frisch
780;9;herbstlich
780;9;abendlich
780;9;dämmrig
780;9;leuchtend
780;9;farbenfroh
780;16;bedrohlich
780;16;warm
780;16;heiß
780;16;abendlich
780;8;bedrückend
780;8;alleine
780;8;zart
780;8;nass
780;8;feucht
780;8;zurückhaltend
780;8;blass
780;8;kalt
780;11;nass
780;11;kalt
780;11;feucht
780;11;idyllisch
780;11;erholsam
780;11;ruhig
780;11;gelassen
780;11;blau
780;4;romantisch
780;4;warm
780;4;feucht
780;4;nass
780;4;idyllisch
780;4;ruhig
780;4;farbenfroh
780;4;einladend
780;4;entspannt
780;4;malerisch
780;4;stimmungsvoll
780;13;warm
780;13;heiß
780;13;brennend
780;13;bedrohlich
780;13;einsam
780;13;exotisch
780;13;fremd
780;5;herbstlich
780;5;warm
780;5;nass
780;5;feucht
780;5;ruhig
780;5;verwirrend
780;5;unruhig
780;5;belebt
750;1;verlassen
750;1;sonnig
750;1;hell
750;1;freundlich
750;1;hoffnungsvoll
750;1;ruhig
750;1;still
750;1;herbstlich
750;11;kalt
750;11;verlassen
750;11;einsam
750;11;dunkel
750;11;ruhig
750;11;still
750;11;winterlich
750;11;beruhigend
750;6;unruhig
750;6;bunt
750;6;stimmungserhellend
750;6;erfrischend
750;6;anregend
750;5;herbstlich
750;5;bunt
750;5;frisch
750;5;kühl
750;5;ruhig
750;5;entspannend
750;5;still
750;5;inspirierend
750;5;verlassen
750;17;abendlich
750;17;ruhig
750;17;still
750;17;entspannend
750;17;beruhigend
750;10;herbstlich
750;10;einsam
750;10;verlassen
750;10;bunt
750;10;kalt
750;13;einsam
750;13;verlassen
750;13;ruhig
750;18;bunt
750;18;einsam
750;7;liebevoll
750;7;grün
750;7;fröhlich
750;7;glücklich
750;7;frisch
750;7;warm
750;16;rot
750;16;frühlingshaft
750;16;schön
750;9;kalt
750;9;herbstlich
750;9;bunt
750;9;nass
750;9;verlassen
750;9;romantisch
750;14;grau
750;14;verlassen
750;14;einsam
750;14;langweilig
750;1;bunt
773;1;kinderschänderkirche
773;1;bunt
773;1;entspannt
750;1;bunt
750;1;gelb
750;1;hell
750;1;sonnig
750;1;freundlich
750;1;herbstlich
750;1;golden
750;12;bunt
750;12;freundlich
750;8;grau
750;8;inspirierend
750;8;verregnet
750;15;verregnet
750;15;herbstlich
750;15;orange
750;15;einsam
750;15;nass
750;15;dunkel
750;4;abendlich
750;4;romantisch
750;4;hoffnungsvoll
750;4;bunt
750;4;orange
750;4;rot
750;4;verträumt
775;1;unruhig
775;1;verlassen
775;1;düster
775;1;minimal
775;1;depressiv
775;1;allein
775;11;ländlich
775;11;idyllisch
775;11;still
775;11;geborgen
775;15;allein
775;15;geborgen
775;15;einsam
775;17;idyllisch
775;17;ruhig
775;17;romantisch
775;17;ausgelassen
775;17;entspannt
775;6;verbunden
775;6;individualistisch
775;6;hoffnungsvoll
775;6;identitätsfördernd
775;16;leidenschaftlich
775;16;wild
775;16;geheimnisvoll
775;16;romantisch
775;16;verführend
775;16;verboten
775;16;gefährlich
775;16;verlockend
775;14;isoliert
775;14;einklemmend
775;14;klein
775;14;unwichtig
775;14;unmotiviert
775;14;kapitalistisch
775;9;herbstlich
775;9;romantisch
775;9;leidenschaftlich
775;9;vertraut
775;9;glücklich
775;18;unheilvoll
775;18;beklemmend
775;18;tödlich
775;18;gefährlich
775;18;mächtig
775;18;kontrolliert
775;18;zerbrechlich
775;18;natürlich
775;18;geordnet
775;4;romantisch
775;4;leidenschaftlich
775;4;idyllisch
775;4;vertraut
775;4;liebend
775;4;entspannt
775;4;glücklich
775;4;frei
775;4;ungestüm
775;13;beklemmend
775;13;gefährlich
775;13;wild
775;13;ungestüm
775;13;spacey
775;13;unwohl
775;13;unangenehm
775;13;rau
775;13;tödlich
775;13;trocken
775;8;kalt
775;8;unwohl
775;8;beklemmend
775;8;einschneidend
775;8;angekettet
775;8;gefangen
775;12;friedlich
775;12;leidenschaftlich
775;12;zufrieden
775;12;gelassen
775;12;geborgen
775;12;erregt
775;10;romantisch
775;10;herbstlich
775;10;vertraut
775;10;leidenschaftlich
775;10;lieblig
775;10;gelassen
775;10;zufrieden
775;5;gefährlich
775;5;alleine
775;5;unwohl
775;5;herbstlig
775;5;kar
775;5;düster
775;7;vertraut
775;7;romantisch
775;7;liebend
775;7;endlich
775;7;zufrieden
775;7;beruhigend
786;1;kunst
786;1;abstrakt
786;1;gelb
786;1;vierecke
786;1;konfus
786;2;romantisch
786;2;zweisamkeit
786;2;glücklich
786;2;ruhig
786;2;nacht
786;3;wirr
786;3;urban
786;3;kühl
787;1;bunt
787;2;harmonisch
787;2;ruhig
787;2;romantisch
787;2;gemütlich
787;3;gefährlich
788;1;sonnig
788;1;verspielt
788;1;schön
788;2;ruhig
788;2;romantisch
788;2;schön
788;3;unruhig
788;3;wild
788;3;herausfordernd
787;1;unruhig
787;16;exotisch
787;16;abendlich
787;16;gefährlich
787;14;verschwommen
787;14;leer
787;14;langweilig
787;13;wüste
787;13;entspannt
787;13;einsam
787;9;vergnügsam
787;9;ausgeglichen
787;9;harmonisch
787;9;behütet
787;4;entspannt
787;4;ruhig
787;4;erholsam
787;4;ausgeglichen
787;4;müde
787;6;wirr
787;6;durcheinander
787;6;bunt
787;6;nass
787;7;zweisam
787;7;harmonisch
787;7;ruhig
787;7;entspannt
787;7;glücklich
787;7;ausgeglichen
787;11;nass
787;11;ausgewohgen
787;11;bunt
787;11;ruhig
787;18;dreckig
787;18;nass
787;18;unangenehm
787;8;kalt
787;8;nass
787;8;beklemmt
787;15;warm
787;15;nass
787;15;ruhig
787;15;entspannt
787;15;gelassen
787;15;müde
787;10;ruhig
787;10;warm
787;10;entspannt
787;10;gelassen
787;12;bunt
787;12;allein
787;12;traurig
787;12;gefühlvoll
787;12;nachdenklich
787;5;langweilig
787;5;verspielt
787;17;entspannt
787;17;ruhig
787;17;warm
787;17;langweilig
787;17;glücklich
787;17;bunt
787;19;bedrohlich
787;19;neblig
787;19;kalt
787;19;gefährlich
787;19;unangenehm
787;19;düster
787;59;bunt
787;59;verspielt
787;59;träumerisch
787;99;fantasievoll
787;99;warm
787;99;bunt
787;79;kalt
787;79;bedrohlich
787;79;einsam
787;79;traurig
787;39;gefährlich
787;39;düster
787;39;traurig
787;39;einsam