2;1;nächtlich;3;3
17;1;hell;3;3
2;1;mystisch;3;3
1;2;melanchonisch;3;3
3;2;verregnet;3;3
1;2;trauernd;3;3
1;2;zurückgezogen;3;3
1;4;beendet;1;1
7;4;idyllisch;3;3
2;4;weit;2;2
1;4;einladend;3;3
1;4;ländlich;2;2
1;5;naturbelassen;2;2
3;5;herbstlich;3;3
1;5;tröstlich;3;3
1;5;eng;2;2
1;6;fruchtig;2;2
1;6;reich;2;2
1;6;tropisch;3;3
1;6;wertvoll;2;2
1;7;naturbelassen;2;2
2;7;idyllisch;3;3
6;7;warm;3;3
1;7;genügsam;3;3
2;7;isoliert;2;2
8;7;zweisamkeit;2;2
1;8;verregnet;3;3
3;8;magisch;3;3
1;8;verloren;3;3
2;8;vergessen;3;3
1;8;unsehnlich;1;1
6;9;zweisamkeit;3;2
8;9;regnerisch;3;3
3;9;natürlich;3;3
5;9;idyllisch;3;3
2;9;gemeinsam;3;2
4;10;zweisamkeit;2;2
21;10;herbstlich;3;3
1;10;naturbelassen;2;2
1;10;verloren;3;3
1;10;suchend;2;2
1;11;schneebedeckt;2;2
2;11;idyllisch;3;3
1;11;vergessen;3;3
16;11;ruhig;3;3
4;11;allein;3;3
2;11;einsamkeit;3;3
2;12;orientalisch;3;3
3;12;traditionell;2;2
1;12;melanchonisch;3;3
5;12;nachdenklich;3;3
6;12;einsam;3;3
2;12;traumhaft;2;2
2;13;kahl;2;3
1;13;ziellos;3;3
8;13;verloren;3;3
1;13;verfehlt;1;1
6;14;modern;3;3
3;14;futuristisch;3;3
12;14;kühl;3;3
1;14;technologisch;2;2
1;14;abgeschottet;3;3
2;14;verloren;3;3
27;14;kalt;3;3
3;15;nächtlich;3;3
3;15;ruhe;3;3
1;15;bewegend;3;3
1;15;malerisch;3;3
1;15;sehnsucht;3;3
1;16;orientalisch;2;2
1;16;nächtlich;3;3
2;16;verlassen;3;3
1;16;isoliert;3;3
1;16;poetisch;2;3
2;17;idyllisch;3;3
17;17;warm;3;3
2;17;erfreut;3;3
1;17;wandelnd;2;3
1;17;poetisch;2;3
1;18;leuchtend;2;3
1;18;dämmernd;2;3
1;18;naturbelassen;2;2
3;18;friedlich;3;3
1;18;idyllisch;3;3
11;1;verlassen;3;3
18;1;ruhig;3;3
2;1;erleuchtet;2;3
21;2;bunt;2;2
3;2;stimmungsvoll;3;3
1;2;nächtlich;3;3
1;2;festlich;3;3
4;4;Steg;2;2
12;4;Hafen;2;2
22;4;Sonnenuntergang;2;2
19;4;romantisch;3;3
1;4;weitläufig;3;2
2;4;maritim;3;3
1;5;nichtssagend;3;3
1;5;naturnah;3;3
2;5;leer;3;3
2;5;Wandern;2;2
8;5;grün;2;2
22;6;bunt;2;2
10;6;Zellen;2;2
10;6;Kreise;2;2
1;6;unterschiedlich;2;2
9;6;unruhig;3;3
5;6;lebendig;3;3
3;7;sommerlich;3;3
1;7;naturnah;3;3
6;7;zweisam;3;2
2;7;Picknick;2;2
2;7;hell;3;3
5;8;unruhig;3;3
1;8;farblos;2;2
1;8;durcheinander;3;3
1;8;nichtssagend;3;3
20;9;herbstlich;3;3
29;9;romantisch;3;3
1;9;weitläufig;2;2
1;9;kreativ;3;3
1;9;erzählerisch;3;3
2;9;malerisch;3;3
1;10;weitläufig;2;2
23;10;romantisch;3;3
1;10;erzählerisch;3;3
1;10;bildhaft;2;2
1;10;malerisch;3;3
1;11;winterlich;3;3
2;11;weihnachtlich;3;3
1;11;isoliert;3;2
1;11;weitläufig;2;2
24;11;kalt;3;3
1;11;entfernt;2;2
1;12;menschlich;2;2
17;12;asiatisch;2;2
1;12;organisch;2;2
5;12;warm;3;3
1;12;natürlich;3;3
1;12;portraithaft;2;2
3;12;harmonisch;3;3
34;13;warm;3;3
3;13;harmonisch;3;3
2;13;einheitlich;3;2
1;13;wüstenartig;2;2
14;14;leer;3;3
1;14;weiträumig;2;2
12;14;weiß;2;2
1;14;detailarm;1;2
1;14;interpretativ;2;2
7;15;Spaziergang;2;2
2;15;erleuchtet;3;3
23;15;einsam;3;3
2;15;städtisch;2;3
18;15;kalt;3;3
1;16;stimmungsvoll;3;3
1;16;simplistisch;3;2
1;16;silhouettenhaft;2;2
14;16;warm;3;3
1;16;abendlich;3;3
1;16;organisch;3;2
17;17;Sonnenuntergang;2;2
1;17;weitläufig;2;2
7;17;Boot;2;2
7;17;Segeln;2;2
13;17;romantisch;3;3
1;17;aufbruchhaft;3;3
1;18;bräunlich;2;2
6;18;dreckig;2;3
1;18;fleckig;2;2
2;18;gespiegelt;2;2
1;18;verschmiert;2;2
5;18;unangenehm;3;3
1;1;beengt;3;3
20;1;düster;3;3
1;1;erdrückend;3;3
3;1;einsam;3;3
7;2;herbstlich;3;3
37;2;romantisch;3;3
4;2;träumerisch;3;3
13;2;regnerisch;3;3
8;2;gemütlich;3;3
8;4;friedlich;3;3
7;4;gelassen;3;3
34;4;ruhig;3;3
24;4;entspannt;3;3
4;4;nachdenklich;3;3
6;5;unruhig;3;3
2;5;bedrohlich;3;3
3;5;gefährlich;3;3
2;5;unwohl;3;3
1;6;gesellig;3;3
9;6;fröhlich;3;3
4;7;einsam;3;3
13;7;traurig;3;3
1;7;dankbar;3;3
4;7;friedlich;3;3
11;7;entspannt;3;3
1;8;nachdenklich;3;3
5;8;grau;2;2
4;8;trüb;3;3
9;9;verträumt;3;3
7;9;friedlich;3;3
22;9;ruhig;3;3
3;10;verträumt;3;3
26;10;ruhig;3;3
1;10;humorvoll;3;3
1;10;lächeln;3;2
6;11;bunt;2;2
2;11;beschwingt;3;3
1;12;unruhig;3;3
11;12;farbenfroh;3;2
26;12;bunt;2;2
1;12;durcheinander;3;3
1;12;musikalisch;2;2
15;13;ruhig;3;3
1;13;natürlich;3;3
5;13;allein;3;3
1;13;naturverbunden;2;3
3;13;nachdenklich;3;3
6;14;steril;3;3
4;14;verlassen;3;3
12;15;warm;3;3
6;15;abendlich;3;3
6;15;herbstlich;3;3
29;15;ruhig;3;3
10;15;regnerisch;3;3
4;15;nachdenklich;3;3
14;16;ruhig;3;3
2;16;friedlich;3;3
1;16;beschwingt;3;3
1;16;gelassen;3;3
1;16;naturbelassen;3;2
32;17;ruhig;3;3
5;17;gelassen;3;3
18;17;entspannt;3;3
8;17;verträumt;3;3
8;17;einsam;3;3
14;18;düster;3;3
1;18;bedrohlich;3;3
1;18;kontrolliert;2;3
1;18;ängstlich;3;3
1;1;ausgegelichen;3;3
1;1;gediegen;3;3
6;1;fröhlich;3;3
1;1;euphorisch;3;3
1;1;elektrisierend;3;3
1;1;spannend;3;3
2;1;aufgeregt;3;3
1;2;verletzend;3;3
10;2;traurig;3;3
1;2;Misanthrop;2;2
1;2;unglücklich;3;3
1;2;düster;3;3
1;2;geknickt;3;3
3;2;unwohl;3;3
2;2;hass;3;3
1;4;hoffnung;3;3
1;4;zuversicht;3;3
1;4;leben;3;3
1;4;glück;3;3
1;5;gediegen;3;3
1;5;verlässlich;3;3
2;5;beruhigend;3;3
1;5;dezent;2;2
1;5;achtbar;2;2
1;5;echt;3;3
1;5;leben;3;3
4;6;leben;3;3
1;6;zellteilung;2;2
1;6;entwicklung;2;2
3;7;tod;1;3
1;7;verlust;2;3
1;7;vermissen;3;3
2;8;angeschlagen;3;3
1;8;verwirrt;3;3
1;8;benutzt;1;3
1;8;unseriös;1;3
1;8;unbehaglich;3;3
1;8;angst;3;3
1;8;verschreckend;3;3
2;9;leben;3;3
1;9;friede;3;3
1;9;freude;3;3
8;10;traurig;3;3
14;10;düster;3;3
6;10;verlassen;3;3
1;10;schwach;3;3
1;10;zerstört;3;3
1;10;zaghaft;3;3
1;11;zuversicht;3;3
1;11;stabilität;2;2
1;12;handynummer?;1;1
12;12;traurig;3;3
1;12;verlassen;3;3
1;13;subtil;2;3
4;13;geheimnisvoll;3;3
1;13;larviert;2;3
1;13;hermetisch;2;3
1;13;undruchsichtig;2;3
2;13;unklar;2;2
1;14;berauschend;3;3
1;14;neugierig;3;3
1;14;spanned;3;3
1;15;hoffnung;3;3
1;15;chance;2;2
1;15;strebennachglück;1;1
1;15;aussicht;2;2
1;15;derwegistdasziel;1;1
1;16;euphorisierend;3;3
2;16;motivierend;3;3
1;17;sehnsucht;2;3
1;17;hoffnung;3;3
1;17;leben;3;3
2;18;neutral;2;3
1;18;objektiv;2;1
1;18;frei;3;3
1;18;gerecht;2;1
1;18;unbeeinflusst;3;2
1;18;sachlich;2;2
1;1;asd;1;1
1;1;test;1;1
1;1;ekel;3;3
2;1;unwohl;3;3
23;1;unruhig;3;3
7;2;melancholisch;3;3
23;2;verträumt;3;3
29;2;ruhig;3;3
26;2;glücklich;3;3
1;4;entspanned;3;3
20;4;schön;2;2
6;4;verträumt;2;3
1;4;verliebt;3;3
18;5;einsam;3;3
1;5;naturverbunden;3;3
1;6;neugierig;3;3
2;6;eklig;2;3
1;6;inspirierend;3;3
1;6;nachdenklich;3;3
7;7;liebevoll;3;3
1;7;anregend;3;3
1;7;scharm;3;3
4;8;weiß;2;2
1;8;ich;1;1
2;8;nicht;1;1
3;9;traurig;3;3
3;9;melancholisch;3;3
2;9;düster;3;3
2;9;einsam;3;3
10;11;einsam;3;3
2;11;unwohl;3;3
1;11;edüllisch;3;3
3;12;verrückt;3;3
1;12;gestört;3;3
30;13;einsam;3;3
2;13;verzweifelt;3;3
2;13;unwohl;3;3
1;15;entspanned;3;3
12;15;romantisch;3;3
3;15;melancholisch;3;3
1;16;agressiv;3;3
1;16;gewaltsam;3;3
3;16;wütend;3;3
1;16;unrihig;3;3
1;16;impulsiv;3;3
15;17;schön;2;3
1;17;liebevoll;3;3
12;17;entspannend;3;3
1;18;ich;1;1
1;18;habe;1;1
1;18;keine;1;1
1;18;Ahnung;1;1
1;18;und;1;1
1;18;will;1;1
1;18;viele;1;1
2;18;Punkte;1;1
1;18;obwohl;1;1
1;18;nicht;1;1
1;18;weiß;1;1
1;18;was;1;1
1;18;zu;1;1
1;18;dem;1;1
1;18;Bild;1;1
1;18;sagen;1;1
1;18;ist;1;1
1;1;gemütlich;3;3
1;1;geräumig;2;2
10;2;nass;2;2
18;2;entspannt;3;3
2;4;zweisam;3;2
1;4;isoliert;3;3
3;4;schläfrig;3;3
13;4;beruhigend;3;3
13;5;düster;3;3
1;5;unheimlich;2;3
1;5;angst-vorm-unbekannten;3;3
1;5;versteck;2;2
2;5;nebelig;2;2
1;6;abwechslung;2;2
1;6;enge;3;2
1;6;dicht-an-dicht;1;1
1;6;kategorien;1;2
11;7;romantisch;3;3
4;7;ruhe;3;3
13;7;liebe;3;3
3;7;paar;2;2
1;7;naturverbundenheit;3;3
1;8;noisy;1;1
3;8;verwirrend;3;3
1;8;verrauscht;2;3
1;8;unübersichtlich;2;2
5;8;regnerisch;2;3
8;9;paar;2;2
6;9;gemütlich;3;3
10;10;glücklich;3;3
6;10;zweisam;3;2
3;11;kindisch;3;3
2;11;verspielt;3;3
1;11;unlogisch;2;2
1;11;unrealistisch;2;2
1;11;wiederholend;2;2
4;11;simpel;3;2
2;12;futuristisch;2;2
5;12;japanisch;2;2
2;12;schläfrig;3;3
2;13;entspannt;3;3
3;13;trocken;2;2
5;13;sandig;2;2
2;13;Schichten;1;2
6;14;unruhig;3;3
1;14;belebt;3;3
3;14;farblos;2;2
9;14;trist;3;3
4;14;hektisch;2;3
13;15;entspannt;3;3
12;15;nass;2;2
1;15;warm-und-kalt;3;3
1;15;determiniert;3;1
1;15;hilfreich;2;1
1;16;zwzeiseitig;2;2
1;16;blutig;1;2
3;16;romantisch;3;3
1;16;assymetrisch;2;2
4;17;gemütlich;3;3
1;17;utopisch;2;3
1;17;bilderhaft;2;3
1;17;nass;2;2
2;17;abenteuerlich;3;3
1;18;unübersichtlich;2;2
1;18;unverständlich;2;2
2;18;surreal;3;3
9;18;verwirrend;3;3
1;1;chaotic;3;1
2;1;verwirrend;3;3
9;2;beruhigend;3;3
16;2;liebe;3;3
1;2;comfort;1;1
1;4;angeregt;3;3
7;4;harmonisch;3;3
3;5;frei;3;3
1;5;energetisch;3;3
2;6;freude;3;3
1;6;kräftig;3;3
1;6;interesse;3;3
4;6;beruhigend;3;3
1;7;optimistisch;3;3
2;7;nah;2;3
2;7;geliebt;3;3
3;7;frei;2;3
3;8;trist;3;3
2;8;abstrakt;3;2
8;8;ruhig;3;3
4;8;sanft;3;3
2;9;herzlich;3;3
11;9;warm;3;3
1;9;einladend;3;3
2;10;frei;3;3
1;10;klar;3;3
6;10;warm;3;3
1;10;erfüllend;3;3
1;10;herzlich;3;3
1;10;lebhaft;3;3
1;11;angeregt;3;3
1;11;bedrückend;3;3
1;11;inspirierend;3;3
1;11;kraftvoll;3;3
2;11;meditativ;3;3
1;12;beruhigned;3;3
1;12;herzlich;3;3
1;12;faszienierd;3;3
1;12;inspierierend;3;3
10;12;schön;2;2
2;13;beunruhigend;3;3
3;14;verwirrend;3;3
2;14;karg;2;3
1;15;trist;3;3
1;16;angeregt;3;3
1;16;lebhaft;3;3
2;16;meditativ;2;3
1;17;angeregt;3;3
10;17;frei;3;3
7;17;harmonisch;3;3
2;17;lebhaft;3;3
1;18;offen;3;2
1;18;uneindeiutig;1;1
1;18;lebhaft;3;3
4;1;verwirrt;3;3
1;1;djungel;2;2
1;1;urwald;2;2
1;1;metropole;2;2
1;1;cyberpunk;1;2
1;2;gemälde;1;2
1;2;wasserfarben;2;2
25;2;regen;2;2
3;2;stadt;2;2
12;2;spaziergang;2;2
5;2;entspannend;3;3
14;4;entspannend;3;3
3;4;heiter;3;3
1;4;liebevoll;3;3
1;4;sozial;3;3
4;4;fröhlich;3;3
2;5;gruselig;3;3
1;5;seltsam;2;3
1;5;feindlich;3;3
1;5;furchteinflössend;2;3
8;5;verlassen;3;3
1;6;grusleig;3;3
1;6;erschreckend;3;3
4;6;interessant;3;3
1;6;bedrückend;3;3
1;7;warmherzig;3;3
4;7;freundlich;3;3
1;7;enspannend;3;3
2;7;fürsorglich;3;3
2;7;still;3;3
1;7;besinnlich;3;3
1;7;sentimental;3;3
19;8;traurig;3;3
2;8;gruselig;3;3
4;8;einsam;3;3
14;8;kalt;3;3
5;9;entspannend;3;3
3;9;freundlich;3;3
3;9;liebevoll;3;3
1;9;heiter;3;3
22;9;glücklich;3;3
3;10;entspannend;3;3
3;10;still;3;3
3;10;fröhlich;3;3
1;10;sentimental;3;3
1;10;heiter;3;3
1;11;verwirrt;3;3
2;11;nervös;3;3
1;11;gestresst;3;3
1;11;ärgerlich;3;3
1;11;aufgebracht;3;3
3;12;aufgeregt;3;3
1;12;heiter;3;3
3;13;gruselig;3;3
2;13;entspannend;3;3
1;13;erzürnt;3;3
1;13;gelangweilt;3;3
1;13;sprachlos;2;1
1;13;verwirrt;3;3
1;13;verwundert;3;3
2;13;unsicher;3;3
1;13;unzufrieden;3;3
3;13;hitzig;3;3
2;14;regen;2;2
5;14;still;3;3
15;14;einsam;3;3
2;14;trüb;3;3
1;14;schnee;1;2
9;14;hell;2;3
2;14;leise;2;3
1;14;Wald;1;2
1;14;lustlos;3;3
1;14;selstame;2;3
3;14;verwirrt;3;3
1;14;weich;2;2
1;14;poetisch;2;3
5;15;entspannend;3;3
1;15;froh;3;3
9;15;beruhigend;3;3
1;15;neugierig;3;3
1;15;fröhlich;3;3
3;16;fröhlich;2;3
7;16;entspannend;3;3
1;16;liebevoll;2;3
1;16;nachdänklich;3;3
4;17;heiter;3;3
1;17;freundlich;3;3
1;17;energielos;3;3
2;18;laut;2;3
1;18;aufregend;3;3
1;18;nervös;3;3
2;1;leuchtend;2;3
1;1;fröhlig;3;3
3;2;trist;3;3
4;2;idyllisch;3;3
1;2;langsam;2;3
2;4;abendlich;2;3
3;4;leise;2;3
6;4;bunt;2;2
7;4;still;3;3
5;4;wasser;2;2
6;4;gemütlich;3;3
1;5;gespalten;3;2
1;5;dynamisch;3;3
8;5;traurig;3;3
1;5;optimistisch;3;3
4;6;abstrakt;3;2
5;6;biologisch;2;2
1;6;zellbildung;2;2
6;6;rund;2;2
1;6;zusammenhängend;2;2
4;6;grün;2;2
2;6;dynamisch;3;3
22;7;grün;2;2
3;7;bunt;2;2
7;7;menschen;2;2
7;7;natur;2;2
7;7;wiese;2;2
1;7;müde;3;3
16;8;regen;2;2
3;8;dreckig;2;3
1;8;tropfen;2;2
4;8;fenster;2;2
3;8;entspannend;3;3
5;9;harmonisch;3;3
13;9;bunt;2;2
5;9;geborgen;3;3
3;10;harmonisch;3;3
2;10;idyllisch;3;3
9;10;bunt;3;2
8;10;einsam;3;3
1;10;abgeschattet;3;3
2;10;zeitlos;2;3
2;11;harmonisch;3;3
1;11;idylle;3;3
1;11;venedig;2;2
3;11;kontrastreich;2;2
2;11;dynamisch;3;3
1;11;langsam;3;3
3;11;klar;3;3
1;12;spaß;3;3
4;12;kreativ;3;3
1;12;cool;3;3
2;12;weiblich;2;2
2;13;einfach;2;2
2;13;vielschichtig;2;2
5;13;mensch;2;2
4;13;schatten;2;2
2;13;bunt;2;2
1;13;farbverlauf;2;2
6;13;sonnenuntergang;2;2
1;13;abendlich;2;3
1;13;rötlich;2;2
2;13;romantisch;3;3
2;14;deprimierend;3;3
8;14;grau;2;2
8;14;traurig;3;3
6;14;langweilig;3;3
7;14;eintönig;3;3
1;14;asphalt;2;2
1;14;beton;2;2
1;15;munter;3;3
2;15;langsam;2;3
1;15;leuchtend;2;2
1;15;traum;3;3
1;16;basic;2;1
13;16;rot;2;2
1;17;abendlich;3;3
1;17;traum;3;3
1;17;langsam;3;3
1;17;schaukeln;2;2
23;17;meer;2;2
2;17;wellen;2;2
4;18;abstrakt;3;2
13;18;herbst;2;2
9;18;braun;2;2
1;18;verwischen;2;2
2;18;trist;3;3
5;1;dunkel;2;3
1;1;hell-dunkel;2;3
6;1;abstrakt;2;2
1;4;erleuchtet;3;2
4;4;inspirierend;3;3
1;5;müde;3;3
1;5;schlapp;3;3
2;5;unklar;2;3
2;6;hell;3;3
1;6;dunkel;2;2
1;6;bezaubernd;3;3
1;7;herzlich;3;3
1;7;lustvoll;3;3
1;8;dunkel;2;2
2;9;träumerisch;3;3
1;9;hell;3;3
3;10;gemütlich;2;3
1;10;vergnügt;3;3
1;12;kraftvoll;3;3
4;12;gelassen;3;3
1;12;erheitert;3;3
1;13;melancholisch;3;3
2;13;bedrückend;3;3
16;15;dunkel;2;3
1;15;verspielt;3;3
1;16;optimistisch;3;3
1;17;warmherzig;3;3
1;17;tatkräftig;3;3
1;17;gütig;3;3
1;17;ermutigend;3;3
2;18;wirr;3;3
1;1;lebendig;3;3
1;1;angenehm;3;3
13;1;warm;3;3
3;2;dunkel;2;3
5;4;wunderschön;1;3
1;4;natürlich;3;3
1;4;authentisch;2;3
2;4;traumhaft;2;3
1;5;rätselhaft;2;3
2;5;fraglich;2;3
1;5;abstract;2;1
1;6;feinsinisch;2;1
1;6;harmonisch;2;3
1;6;präzise;2;2
1;6;echt;2;2
1;7;authentisch;2;3
2;7;gerührt;3;3
1;7;lebendig;3;3
3;8;depressiv;3;3
1;8;beängstigt;3;3
5;9;angenehm;2;3
3;9;erfrischend;3;3
1;10;farblich;2;2
3;10;angenehm;3;3
3;10;freundlich;3;3
1;10;erfrischend;3;3
1;10;bezaubert;3;3
2;11;wunderschön;1;2
1;11;echt;3;3
1;11;lebendig;3;3
2;11;angenehm;2;3
3;12;hübsch;2;2
15;12;ruhig;3;3
1;13;einzigartig;2;2
4;13;mysteriös;3;3
3;13;schön;2;2
12;13;heiß;2;3
3;14;Schön;2;2
1;14;beeindruckt;2;3
1;15;echt;2;3
4;15;angenehm;3;3
2;15;leise;2;3
5;16;natürlich;2;3
2;16;hübsch;2;2
2;16;dunkel;2;3
4;17;wunderschön;1;2
2;17;hell;2;3
3;17;dunkel;2;3
1;17;lebendig;3;3
4;18;komisch;2;3
1;18;fraglich;1;3
6;1;Freundlich;3;3
4;1;geordnet;2;2
4;2;vertraut;2;3
1;2;zusammengehörig;2;2
16;5;ruhig;3;3
1;5;zwiespältig;3;3
4;6;geordnet;2;2
4;6;strukturiert;2;2
4;6;lebhaft;3;3
5;7;beruhigend;3;3
11;7;glücklich;3;3
4;7;verträumt;3;3
3;8;verträumt;3;3
3;8;entspannt;3;3
1;8;beruhigend;3;3
11;9;entspannt;3;3
5;9;vertraut;3;3
3;10;vertraut;3;3
10;10;entspannt;3;3
8;11;entspannt;3;3
4;11;beruhigend;3;3
5;12;verträumt;3;3
11;13;verlassen;2;3
4;14;düster;3;3
1;14;spartanisch;1;1
3;16;bedrohlich;3;3
4;16;einsam;2;3
11;17;glücklich;3;3
11;17;beruhigend;3;3
3;18;verlassen;2;3
4;18;traurig;3;3
5;18;einsam;3;3
1;1;Dorf;1;2
1;1;Markt;1;2
1;2;Reggentag;2;2
3;2;Spazieren;2;2
8;2;Herbst;2;2
4;4;Dämmerung;2;2
1;4;Ufer;2;2
2;4;Frieden;3;2
1;4;Fischer;2;2
10;5;Herbst;2;2
2;5;Tot;2;3
3;7;Frühling;2;2
1;7;Frieden;3;2
1;7;Pe;1;1
1;8;Licht;1;2
1;8;Vorhang;1;2
1;8;Fest;1;2
22;9;Herbst;2;2
16;9;Regen;2;2
13;9;nass;2;2
26;10;Herbst;2;2
1;10;Spazieren;2;2
12;10;Liebe;3;3
15;10;Kalt;3;3
2;10;Vergänglich;3;3
2;11;Land;2;2
1;11;Natur;1;2
1;11;Frieden;3;2
1;11;Bauernhof;1;2
6;12;Japan;1;2
1;12;Mädchen;2;2
1;12;Bund;1;1
6;12;Manga;1;2
26;13;Wüste;2;2
1;13;Kunst;1;2
1;13;Lost;1;1
5;14;Stadt;2;2
1;14;Japan;1;2
1;14;Tokio;1;2
1;14;Geschäfte;1;2
1;14;Streetfood;1;2
13;15;Nacht;2;3
9;15;Herbst;2;2
6;15;Straße;2;2
21;15;Regen;2;2
8;15;Licht;2;2
1;15;Boulevard;2;1
1;16;Berg;1;2
3;17;Dämmerung;2;2
6;17;Freiheit;2;2
2;18;Kunst;1;2
1;18;Lutscher;2;2
1;1;Fröhsinn;3;3
14;4;Urlaub;2;2
1;6;verrückt;3;3
2;7;Trauer;3;3
4;11;Urlaub;2;2
5;12;schönheit;2;2
1;15;leichtigkeit;2;3
1;16;einfälltig;3;2
6;17;Ruhe;2;3
3;18;hässlich;2;2
4;1;eckig;1;2
1;1;inhomogen;2;2
22;4;warm;2;3
1;6;hoffungsvoll;3;3
5;7;hoffnungsvoll;3;3
2;8;unsicher;3;3
1;8;harmonisch;3;3
4;8;hell;2;3
8;9;kalt;2;3
5;10;friedlich;3;3
1;11;entspannend;3;3
2;12;grell;2;3
3;15;farbenfroh;2;2
6;15;gemütlich;3;3
3;16;gefährlich;3;3
14;17;friedlich;3;3
2;18;hell;2;3
3;18;unsicher;3;3
2;1;hässlich;2;2
1;1;verpixelt;1;2
1;1;Rechteckig;2;2
7;2;farbenfroh;2;2
1;2;gemeinsam;2;2
1;4;idylle;3;3
2;4;sunset;1;1
1;4;Natur;2;2
1;4;Naturverbunden;2;3
7;5;Bunt;2;2
1;5;abgehackt;1;2
1;5;quatratisch;1;2
10;6;farbenfroh;2;2
2;7;lieb;3;3
1;8;fardig;2;3
1;8;braun;2;2
3;9;farbenfroh;2;2
7;9;park;2;2
1;11;wässrig;2;2
5;11;Himmel;2;2
2;12;sinnlich;3;3
10;12;frau;2;2
4;12;düster;3;3
1;13;fleck;2;2
3;15;lampen;2;2
1;15;Latere;2;2
3;15;Weg;2;2
4;15;Park;2;2
1;16;Weiße;1;1
9;16;pflanze;2;2
1;16;schwarze;1;1
2;16;wut;3;3
1;16;zorn;3;3
5;17;farbenfroh;2;2
6;17;schiff;2;2
2;17;sunset;1;1
2;18;kreise;2;2
1;18;gespieglt;2;2
1;1;Eiswürfel;1;2
1;2;Regenspaziergang;2;2
1;5;Lesestoff;1;1
3;8;Eis;2;2
3;9;Vertrauen;3;3
1;10;gerade;2;2
2;11;gemütlich;3;3
2;12;blumig;2;3
8;17;Abend;2;3
4;18;Natur;2;3
1;1;ZNA1;1;1
1;2;ZNA1;1;1
3;1;Wärme;2;3
2;1;hektisch;3;3
4;1;durcheinander;3;3
2;2;geliebt;3;3
9;2;einsam;3;3
8;2;fröhlich;3;3
2;2;wärme;3;3
1;4;gemeinsam;3;2
3;4;wärme;2;3
3;4;abenteuer;2;3
2;4;entspannung;3;3
1;4;neu;2;2
1;4;lebendig;3;3
3;4;reisen;2;2
1;4;wohlbefinden;3;3
1;5;suchend;2;3
1;5;uneinig;3;3
2;5;verwirrt;3;3
1;5;zwigespalten;3;3
2;5;durcheinander;3;2
2;7;verliebt;3;3
1;7;wohlbefinden;3;3
1;7;altern;2;2
2;7;wärme;2;3
3;7;gelassen;3;3
1;8;vergänglich;2;3
4;8;winter;2;2
1;8;zwigespalten;3;3
1;8;uneinig;3;3
1;8;unterschiedlich;2;3
1;8;ruhelos;3;3
1;11;kinder;1;1
1;11;einzigartig;2;2
1;11;gemeinsamkeiten;2;2
1;11;unterschiede;1;2
1;11;hervorstechen;2;2
1;13;verblassen;2;2
4;13;wärme;2;3
1;13;mut;3;3
1;13;vergänglichkeit;3;3
2;14;kälte;2;3
1;14;einsamkeit;3;3
1;14;blass;2;2
1;14;hoffnungsschimmer;2;3
7;15;düster;3;3
1;15;trüb;2;3
1;15;gefährlich;3;3
10;15;schön;2;2
1;15;unterwegs;2;2
1;15;heimweg;2;2
2;17;reisen;2;2
1;17;suchen;2;2
1;17;zeit;1;2
4;17;abenteuer;2;3
1;17;entspannung;3;3
7;17;angenehm;3;3
4;18;alt;3;2
7;18;warm;2;3
1;18;zerfallen;2;2
2;18;natürlich;2;2
1;18;zeit;2;2
1;1;alleine;3;3
1;1;enden;2;1
1;1;scheinen;2;2
1;1;verschwommen;2;2
2;2;alleine;3;3
1;2;behaglich;3;3
6;5;friedlich;3;3
3;5;farbenfroh;2;2
3;5;natürlich;2;2
1;5;unbehaglich;3;3
5;5;schön;2;2
3;7;eintönig;2;3
1;7;weitläufig;2;2
1;7;trist;3;3
2;7;karg;3;3
1;1;naturnah;2;3
2;1;allein;3;3
1;2;kuschelig;3;3
11;5;kalt;2;3
6;5;allein;3;3
3;6;wild;2;3
24;7;ruhig;3;3
1;7;verschlafen;2;3
1;8;böse;3;3
4;8;chaotisch;3;3
13;9;verliebt;3;3
9;10;verliebt;3;3
2;10;kuschelig;3;3
3;10;liebevoll;3;3
2;14;laut;2;3
2;14;wild;3;3
5;15;allein;3;3
7;17;hoffnungsvoll;3;3
5;18;ruhig;3;3
1;18;allein;3;3
1;1;offen;3;2
1;1;erheiternd;3;3
4;2;gelassen;3;3
6;2;friedlich;3;3
3;1;entspannend;3;3
5;4;zufrieden;3;3
2;5;aufregend;3;3
2;5;abenteuerlich;3;3
2;6;glücklich;3;3
2;6;hoffnungsvoll;3;3
1;7;außergewöhnlich;3;3
4;7;geborgen;3;3
1;7;sicher;3;3
1;11;freiheit;3;3
3;12;kultur;2;2
2;12;musik;2;2
4;13;düster;3;3
1;15;veregnet;2;3
2;16;abstrakt;2;2
2;17;zufrieden;3;3
1;17;sorgenlos;3;3
1;1;beunruhigt;3;3
1;1;nervös;3;3
1;2;unbeschwert;3;3
1;4;bedrückt;3;3
4;5;nachdenklich;3;3
2;6;neutral;3;3
3;7;träumerisch;3;3
1;7;romantisierend;3;3
1;7;sorgenfrei;3;3
1;7;unbeschwert;3;3
3;8;neutral;3;3
2;9;nachdenklich;3;3
1;10;unbekümmert;3;3
1;10;sorgenfrei;3;3
1;12;abenteuerlust;3;3
3;12;mystisch;3;3
3;14;neutral;3;3
2;15;trostlos;3;3
2;16;neutral;3;3
1;17;traumversunken;3;3
1;17;froh;3;3
1;18;mulmig;3;3
2;18;unwohl;3;3
1;1;Stroh;2;2
1;4;Sommerabend;2;2
1;4;Segeltour;2;2
1;4;Sekt;2;1
3;7;Seltsam;2;3
3;7;leer;2;3
2;11;Still;3;3
1;12;Viel;1;2
1;12;ausländisch;1;2
1;12;Farbthema;1;1
1;12;aufwendig;2;2
1;14;Drist;3;3
4;14;Chaos;3;3
1;14;Kompliziert;3;3
1;14;undurchschaubar;2;2
1;14;unaufwendig;2;1
1;15;Abenddämerung;2;2
1;15;Regnersich;2;3
5;15;Bunt;2;2
5;15;Alleine;3;3
1;15;Selfcare;1;1
1;15;melankonisch;3;3
7;2;kalt;3;3
1;1;Raum;2;2
7;1;Licht;2;2
1;1;TIsch;1;2
1;1;Stuhl;1;1
6;1;Sommer;2;2
2;1;dunkelheit;2;3
1;1;hitze;2;2
2;1;sonnenschein;2;2
1;2;altstadt;1;2
2;2;sommerregen;2;2
1;2;leichtigkeit;2;3
3;2;frühling;2;2
1;1;altmodisch;2;3
1;1;schwach;3;3
1;1;ausdrucksschwach;2;3
1;2;kräftig;3;3
1;2;stark;3;3
1;2;frisch;3;3
1;2;ausdrucksstark;2;3
1;2;emotional;3;3
1;6;dreidimensional;1;1
1;6;tiefgehend;2;2
5;6;komisch;3;3
1;6;altmodisch;2;2
1;9;konkret;2;1
7;10;nass;2;2
3;10;feucht;2;2
1;10;diffus;3;3
2;11;dunkel;2;3
1;11;finster;2;3
1;11;geheimnisvoll;2;3
7;11;kindlich;3;3
1;14;interessant;3;3
8;14;abstrakt;2;2
1;14;diffus;3;3
1;14;elegant;2;3
1;16;fruchtig;2;2
2;16;altmodisch;2;2
1;16;kitschig;2;3
1;16;geschmacklos;1;2
1;16;unkreativ;1;2
1;16;einfältig;1;2
1;1;ländlich;2;2
1;1;heimlich;3;3
1;1;natürlich;2;3
1;1;geborgen;3;3
1;1;vertraut;3;3
1;4;stimmungsvoll;3;3
1;6;anregend;3;3
7;6;natürlich;2;3
1;6;nostalgisch;3;3
1;10;isoliert;3;3
1;10;beengend;3;3
2;10;ungewiss;2;3
1;1;verborgen;2;3
6;1;gelassen;3;3
3;2;kühl;2;3
1;2;ausgelassen;2;3
1;2;versöhnlich;2;3
1;4;Stressfrei;2;3
1;5;Überfordert;3;3
2;5;kühl;2;3
1;8;Verwirrung;2;3
1;8;voll;1;2
2;8;bedrückend;3;3
1;10;ausgelassen;3;3
1;12;Fany;1;1
2;12;außergewöhnlich;2;3
1;15;verregnet;2;3
1;16;Clean;1;1
1;16;schaudernd;2;3
2;1;interessant;3;3
4;2;harmonisch;3;3
2;9;sicher;3;3
15;9;liebe;3;3
1;9;partner;2;2
1;9;nachmittag;2;2
8;1;Natur;2;2
2;1;Stimmungsvoll;3;3
4;2;paris;2;2
1;2;Regentag;2;2
11;2;Warm;2;3
16;4;meer;2;2
1;4;firedvoll;3;3
1;4;Zeitstillstand;2;3
5;4;freiheit;3;3
3;7;herbst;2;2
1;7;romtanik;3;3
1;7;blumenwiese;2;2
4;8;trauer;3;3
1;8;mitleidig;3;3
1;9;regentag;2;2
1;9;friedvoll;3;3
19;11;meer;2;2
1;11;friedvoll;3;3
1;11;nachbarschaft;2;2
3;12;zufrieden;3;3
7;13;sonne;2;2
1;13;herbst;2;2
5;14;minimalistisch;2;2
1;14;reduziert;2;2
2;15;stimmungsvoll;3;3
1;15;regentag;2;2
1;15;zielgerichtet;3;3
1;15;stille;2;3
1;16;blackandwhite;1;1
3;6;vielfältig;2;2
3;6;aufregend;3;3
6;11;unruhig;3;3
5;11;verlassen;2;3
2;12;exotisch;2;3
1;13;gefährlich;3;3
2;14;wirr;3;3
4;14;eisig;2;3
5;15;verlassen;2;3
1;17;dämmrig;2;3
1;1; verlassen;3;3
1;1; düster;3;3
2;2;still;2;3
2;9;still;2;3
1;9;veträumt;3;3
2;10;gruselig;3;3
1;10;beklemmend;3;3
5;17;still;3;3
4;17;fernweh;2;3
1;18;gruselig;3;3
3;1;komisch;3;3
11;2;schön;2;2
1;1;campen;2;2
15;1;wald;2;2
1;2;zufrieden;3;3
2;5;Ruhe;3;3
2;5;gelassen;3;3
4;5;entspannt;3;3
1;10;Verschlafen;3;3
1;12;lebendig;3;3
1;12;neugierig;3;3
5;14;Durcheinander;3;2
1;17;erholt;3;3
1;17;ausgeglichen;3;3
1;18;Geborgenheit;3;3
1;18;glücklich;3;3
7;1;grün;2;2
1;1;hoch;2;2
15;1;gelb;2;2
3;1;Kirche;1;2
1;1;Chor;1;2
8;2;Paar;2;2
7;2;Park;2;2
5;4;schiff;2;2
1;4;saturiert;2;2
1;5;brot;1;2
5;5;boot;1;2
1;5;primitiv;2;2
1;6;punkt;1;2
1;6;kreis;2;2
7;6;biologie;2;2
1;8;wasser;2;2
1;10;hoch;1;2
1;10;Alee;2;2
13;11;häuser;2;2
2;11;kontrast;2;2
2;11;unsicher;2;3
2;11;gefährlich;3;3
1;12;schlaf;2;2
1;13;verblasst;2;2
4;13;weit;2;2
1;13;weg;2;2
1;13;ausblick;2;2
9;15;abend;2;3
3;16;wild;3;3
1;16;kontast;2;2
2;16;böse;3;3
3;17;bunt;2;2
1;17;saturiert;2;2
14;18;bäume;2;2
1;18;kaffee;2;2
1;2;vertrautheit;3;3
6;2;liebevoll;3;3
1;4;urlaubssreif;3;2
1;4;schönheit;2;2
1;5;leere;2;3
1;6;mikrobiologisch;2;2
1;7;hingebungsvoll;3;3
1;7;vertrauend;3;3
2;7;anonym;2;2
1;8;aufgeregt;3;3
2;9;vertrautheit;3;3
1;10;lustwandeln;2;3
1;11;besiedelt;2;2
1;11;trostlos;3;3
1;11;naturlos;2;2
1;12;frabenfroh;2;2
2;13;trostlos;3;3
2;15;kälte;2;3
1;15;heimkehr;2;2
1;16;intensiv;2;3
2;16;morgenröte;2;2
1;17;urbaubsstimmung;2;3
1;17;stresslos;3;3
2;18;künstlerisch;2;3
4;18;erdig;2;2
2;1;yellow;1;1
2;1;golden;2;1
1;1;glass;2;1
1;1;lieve;1;1
1;1;office;1;1
1;5;frisch;3;3
1;5;künstlich;3;3
2;5;frühling;2;2
1;6;mysteriös;3;3
1;6;schleife;2;2
5;8;schön;2;2
3;8;Frühling;2;2
1;8;Frieden;3;3
1;9;unwohl;3;3
2;10;frisch;3;3
1;10;Entspannung;3;3
1;10;Frieden;3;3
1;11;künstlich;2;3
1;11;wand;2;2
1;11;uninteressant;3;3
2;12;interessant;3;3
5;12;kunst;2;2
1;12;motivierend;3;3
2;12;geheimnisvoll;3;3
2;13;Durst;2;2
2;13;unruhig;3;3
1;14;Industrie;2;2
1;14;CO2;2;1
1;16;unruhig;3;3
1;16;auffregend;3;3
1;16;billig;2;2
1;16;künstlich;2;3
2;17;sommerlich;3;3
1;18;durst;2;2
1;1;emotionslos;3;3
1;1;kalt;2;3
3;2;belebt;3;3
2;2;einladend;2;3
1;5;emotionslos;3;3
4;6;verwirrend;3;3
1;7;unpersönlich;2;3
1;8;eisig;3;3
1;9;verregnet;2;3
3;9;zweisam;2;2
1;10;natürlich;2;3
1;11;ausgrenzend;3;3
1;12;emotionslos;3;3
2;13;alleine;3;3
2;14;unnatürlich;2;3
1;15;uneinladend;2;3
3;16;kontrastreich;2;2
3;16;floral;2;2
2;17;erheiternd;3;3
1;18;emotionslos;3;3
2;1;Freude;3;3
1;1;Geschäftigkeit;2;3
2;1;as;1;1
2;1;strukturiert;2;2
3;1;frei;3;3
1;1;einzeln;2;1
2;2;wohlfühlend;3;3
1;2;klassisch;2;2
1;2;symphatisch;3;3
9;2;angenehm;3;3
1;1;Lagerfeuer;2;2
4;1;sonne;2;2
2;1;feuer;2;2
1;2;unreal;3;1
2;2;glück;3;3
4;2;traum;3;3
1;1;a;1;1
1;8;angenehm;3;3
1;8;lauwarm;3;3
1;8;beängstigend;3;3
1;8;schleieferhaft;2;3
1;1;Gebäude;2;2
1;1;Boden;2;2
1;1;Essen;1;2
5;2;Ruhe;3;3
1;6;Verwirrung;3;3
2;6;Bewegung;2;2
4;7;Entspannung;3;3
1;8;Sehnsucht;3;3
1;8;Warten;2;2
2;8;Einsamkeit;3;3
1;11;Lärm;2;2
1;11;schönesWetter;1;1
1;12;Kultiviertheit;2;2
3;12;Ruhe;3;3
1;14;Rauschen;2;2
1;14;Unklarheit;2;3
1;15;Abendsruhe;2;3
1;15;Wandern;2;2
2;16;Schönheit;2;2
1;16;Feinheit;2;2
1;16;Nervosität;3;3
1;17;Meersgeruch;2;2
1;18;Distanz;2;3
1;18;Verwüstung;2;3
1;1;Leuchtturm;2;2
1;2;zusammen;2;3
7;4;See;2;2
16;5;Wald;2;2
4;6;Zelle;2;2
1;7;zusammen;2;2
1;8;Shnee;2;2
1;8;Fernster;2;2
1;10;Zusammensein;2;3
2;11;See;2;2
1;13;Würste;2;2
1;14;Stark;2;3
1;14;Ordnung;2;3
4;15;Einsamkeit;3;3
4;16;Leben;3;3
4;17;See;2;2
1;18;Spiegel;2;2
3;1;gruselig;3;3
5;2;gelassenheit;3;3
1;2;müdigkeit;3;3
1;2;traurigkeit;3;3
1;2;sorge;3;3
1;1;mondän;2;3
1;1;modern;2;3
1;1;clean;1;1
1;1;eingängig;2;2
4;1;dominant;2;3
2;1;farbenfroh;2;2
1;1;unlesbar;2;2
1;2;gutefarbe;1;1
1;5;wunderschön;2;2
1;6;wunderschön;2;2
1;7;wunderschön;2;2
1;9;wunderschön;2;2
1;10;wunderschön;2;2
2;12;wunderschön;2;2
1;13;wunderschön;2;2
1;14;wunderschön;2;2
2;15;wunderschön;2;2
1;16;wunderschön;2;2
1;18;schön;2;2
1;1;wandern;2;2
5;2;Abend;2;2
5;4;Schiffe;2;2
1;10;mystisch;3;3
9;10;Wald;2;2
3;11;Gemeinschaft;2;3
4;12;Asien;2;2
3;13;Horizont;2;2
4;13;Einsamkeit;3;3
3;18;Farbe;2;2
9;18;Wald;2;2
4;1;traurig;3;3
10;1;chaotisch;3;3
2;2;nostalgisch;3;3
1;1;Versammlung;2;2
1;1;Pflanze;2;2
1;1;einsamkeit;3;3
1;1;Traum;2;3
1;1;Höhle;2;2
7;2;verliebt;3;3
2;2;Date;2;3
1;2;Kennenlernen;2;2
1;2;Desigual;1;1
3;4;Romantik;3;3
3;4;Erholsam;3;3
2;4;Abschalten;2;3
1;4;Genuss;3;3
1;4;Italien;2;2
1;4;impressionistisch;1;2
1;5;Schlamm;2;2
1;5;Vogel;2;2
2;5;Matsch;2;2
1;6;Desigual;1;1
1;6;Mama;1;1
1;6;Vielfalt;2;2
1;6;Zusammenspiel;2;2
1;7;WirMüssenMiteinanderReden;1;1
1;7;Unbeholfen;3;3
1;7;1.Date;1;3
1;7;Palmenblätter?;1;1
1;7;Verwirrung;3;3
1;8;Trauerweide;2;2
1;8;Fee;2;2
1;8;Leichtigkeit;2;3
1;9;Fürsorge;3;3
1;9;Prommenade;2;2
1;9;Lichtspiele;2;2
1;9;AllesStimmt;1;1
6;10;orange;2;2
4;10;rot;2;2
5;10;Weg;2;2
8;10;Spaziergang;2;2
1;10;Freundschaft;2;3
2;10;Ende;2;2
1;10;Unklarheit;2;3
1;10;Ziellosigkeit;3;3
2;11;Norwegen;2;2
2;11;Flut;2;2
1;11;dasgrünehaus;1;1
1;11;Welle;2;2
2;11;Nordsee;2;2
1;11;Aarthal;2;2
2;12;Desigual;1;1
1;12;Restaurant;1;2
2;12;fröhlich;3;3
2;13;Oase;2;2
2;13;Kamel;1;2
1;13;Wasser;1;2
1;13;Urlaub;2;2
1;13;Freiheit;3;3
1;13;grenzenlos;3;3
1;13;verlorengehen;3;3
4;13;Hitze;2;2
1;13;Burka;1;2
1;14;Kleinteiligkeit;2;2
1;14;Barcode;1;2
2;14;Skyline;2;2
1;14;Hochhäuser;2;2
2;14;Hektik;2;3
2;14;Nebel;2;2
1;14;Weitwinkel;2;2
1;15;Prommenade;2;2
1;15;Arbeitsweg;2;2
5;15;friedlich;3;3
1;15;Erleichterung;3;3
1;15;Lichtspiegelung;2;2
1;15;Naturnähe;2;3
1;15;NachHauseKommen;1;3
1;16;Wüste;2;2
2;16;Tatoo;2;2
1;16;BildeneKunst;1;2
1;16;Schattenwurf;2;2
1;16;Schablone;2;2
5;17;Wärme;3;3
1;17;Zeitenwende;2;2
1;17;Freidlich;3;3
1;17;Veränderung;2;3
2;18;Regen;2;2
1;18;Feuchte;2;2
1;18;Gummistiefel;2;2
1;1;aufgewühlt;3;3
12;4;glücklich;3;3
1;4;befreiend;3;3
3;5;trist;3;3
1;7;mitfühlend;3;3
1;7;aufgewühlt;3;3
1;8;nostalgisch;3;3
1;8;berührend;3;3
1;9;nostalgisch;3;3
1;10;berührt;3;3
2;11;geborgen;3;3
2;11;glücklich;3;3
3;12;chaotisch;3;3
2;12;mitreißend;3;3
1;13;verängstigt;3;3
1;14;verzweifelt;3;3
2;14;Hoffnung;3;3
3;15;glücklich;3;3
1;16;verzerrend;3;3
2;18;chaotisch;3;3
1;18;verzweifelt;3;3
1;1;Herbst;2;2
5;1;sonnig;2;2
2;5;Moor;2;2
2;5;Nebel;2;2
1;6;Algen;2;2
3;7;Park;2;2
2;7;Lust;3;3
1;8;windig;2;2
1;8;Salweide;2;2
1;8;Eiszapfen;2;2
1;9;Paris;2;2
4;11;Hafen;2;2
2;11;Skandinavien;2;2
4;11;Winter;2;2
3;12;Anime;2;2
1;12;Jugend;2;2
1;13;Wilder-West;2;2
1;14;Depression;2;3
1;14;müde;3;3
1;15;Altstadt;2;2
4;15;Paris;2;2
1;16;unheimlich;3;3
1;16;Brand;2;2
1;16;Moor;2;2
4;17;Urlaub;2;3
1;17;Mittelmeer;2;2
2;17;Strand;2;2
2;18;Verschmutzung;2;2
1;1;fundamental;2;2
3;1;beruhigend;3;3
1;1;aufbauend;3;3
4;2;geborgen;3;3
2;4;erschöpft;3;3
1;4;ausgelaugt;3;3
1;4;herzerwärmend;3;3
1;4;melancholisch;3;3
4;5;dunkel;3;3
1;5;schwer;2;3
1;5;regnerisch;2;3
3;5;melancholisch;3;3
1;5;besinnlich;3;3
1;6;transzendent;3;2
1;6;einfach;2;3
1;6;komplex;2;2
1;7;feucht;2;2
1;8;metallisch;1;2
1;8;ungemütlich;3;3
1;8;einfach;2;3
1;9;besinnlich;3;3
1;9;erquickend;3;3
3;10;melancholisch;3;3
3;10;lieblich;3;3
1;10;seelenfrieden;2;3
1;11;aufwühlend;3;3
3;11;beängstigend;3;3
3;11;wild;2;3
1;11;komplex;2;2
1;11;verzerrend;2;2
1;12;rauchig;2;2
1;12;aromatisch;2;3
2;12;laut;2;3
1;12;klassisch;2;2
1;12;gemütlich;3;3
1;13;heilsbringer;2;2
1;13;erlösend;3;3
1;13;glücklich;3;3
1;13;freudig;3;3
1;13;aromatisch;2;3
1;14;zentriert;2;2
4;14;ruhig;3;3
1;14;fokussiert;3;3
3;14;einfach;2;3
1;15;heiter;2;3
5;15;geborgen;3;3
1;15;geschützt;3;3
1;15;erfrischend;3;3
1;15;neugeboren;2;3
1;16;surreal;3;3
1;16;fremd;3;3
1;16;unpersönlich;3;3
2;16;ungewohnt;3;3
1;16;aufgewühlt;3;3
2;17;besinnlich;3;3
1;17;ausgelaugt;3;3
1;18;besinnlich;3;3
1;18;traditionell;2;2
1;18;abschalten;3;3
1;18;heimat;2;2
8;1;bunt;2;2
2;1;Glück;2;3
1;1;Glitzer;2;2
1;1;Edelsteine;1;2
1;1;Abenteuer;2;3
1;1;Reise;2;2
1;1;Kultur;2;2
1;2;alltag;2;2
1;2;gespräch;2;2
1;4;bucht;2;2
1;4;anlegeplatz;2;2
3;4;segeln;2;2
1;4;wellen;2;2
1;4;rauschen;2;2
4;4;ruhe;3;3
1;5;lichtung;2;2
1;5;waldrand;2;2
1;5;feld;2;2
3;5;wiese;2;2
1;5;feldweg;2;2
1;5;reiten;2;2
6;5;natur;2;2
1;5;bauer;1;2
1;5;gemüße;1;2
1;5;laufen;1;2
1;5;spazieren;2;2
4;6;natur;2;2
1;6;blätter;2;2
1;6;bäume;2;2
1;6;wald;2;2
1;6;urwald;2;2
1;6;dschungel;2;2
1;6;amazonas;2;2
1;6;brasilien;2;2
1;6;afrika;2;2
1;6;tiere;1;2
1;6;flora;2;2
1;6;fauna;1;2
1;6;entdeckungen;2;2
1;6;urlaub;1;2
1;6;faszination;2;2
1;6;naturwunder;2;2
1;6;überlebenskampf;1;2
1;7;zusammensein;2;2
3;7;pärchen;2;2
1;7;gespräch;2;2
2;7;gelassenheit;1;3
4;7;schön;2;2
2;7;geborgenheit;3;3
4;8;schnee;2;2
1;8;glitzer;2;2
1;8;warm;2;3
1;8;feuer;2;2
1;8;cognac;1;2
1;8;baum;1;2
1;8;entspannung;3;3
1;8;familie;1;2
1;9;alltag;2;2
7;9;spaziergang;2;2
2;9;reden;2;2
6;9;ruhe;2;3
1;9;wichtig;2;3
1;9;pfützen;2;2
2;9;feucht;2;2
10;11;blau;2;2
1;11;hügel;2;2
1;11;tulpen;1;2
2;11;holland;2;2
4;11;wasser;2;2
1;11;dörfer;2;2
1;11;wind;2;2
1;11;möwen;1;2
1;11;shrimp;1;1
2;11;fisch;1;2
1;11;rau;2;3
4;11;schön;2;2
1;12;besinnlich;3;3
1;13;verborgen;2;3
5;13;leer;2;3
1;13;unendlich;2;3
2;13;ruhe;3;3
1;13;ungewissheit;3;3
1;13;ägypten;2;2
2;13;wandern;2;2
2;14;kunst;2;2
2;14;vergessen;3;3
1;14;überlegen;2;3
2;14;suchen;1;3
2;15;nachdenken;2;3
8;15;traurig;3;3
2;15;laufen;2;2
1;15;langertag;1;2
4;15;lichter;2;2
1;15;lazternen;2;2
1;15;geräusche;1;2
1;15;stadt;1;2
1;16;wiese;2;2
1;16;dämmerung;2;2
1;16;zirpen;1;2
1;16;kühl;3;2
1;16;frühling;2;2
1;16;insekten;1;2
1;16;grillen;2;2
8;16;natur;2;2
1;16;luft;2;2
1;17;alleine;2;3
3;17;melancholisch;3;3
5;17;wasser;2;2
1;17;endlos;3;2
1;17;spannung;3;3
1;17;schwanken;2;2
1;17;plätschern;2;2
1;17;fische;1;2
2;17;reise;2;2
1;18;lichtung;2;2
1;18;radfahren;1;2
1;18;vögel;1;2
2;18;teich;2;2
3;18;see;2;2
2;18;weiher;2;2
5;18;grün;1;2
1;18;guteluft;1;1
2;18;draußen;2;2
3;18;sommer;2;2
4;7;angenehm;3;3
2;12;inspirierend;3;3
4;16;beruhigend;3;3
1;2;frostig;3;2
1;2;erholsam;3;3
1;2;farbig;2;2
1;2;feucht;2;2
2;4;salzig;2;2
3;4;sonnig;2;2
2;4;kühl;3;3
4;4;kalt;3;3
1;4;nass;2;2
1;4;feucht;2;2
1;4;beruhigt;3;3
1;6;farbig;2;2
5;6;warm;3;3
2;6;kalt;3;3
1;6;kühl;3;3
1;6;ekelerregend;3;3
1;6;angeekelt;3;3
1;6;übel;3;3
1;7;beklemmend;3;3
1;7;beunruhigend;3;3
1;7;ängstlich;3;3
1;7;angewidert;3;3
1;7;angeekelt;3;3
1;7;eklig;3;3
1;8;beklemmend;3;3
1;8;beunruhigend;3;3
1;8;kühl;3;3
1;8;kahl;2;3
2;8;nass;2;2
2;8;frisch;3;3
2;8;unwohl;3;3
2;9;kühl;3;3
1;9;duftend;2;2
7;10;kühl;3;3
2;10;regnerisch;2;3
1;10;überglücklich;3;3
1;10;glückseelig;3;3
1;10;erfreut;3;3
4;11;kühl;3;3
1;11;frostig;3;2
1;11;erfreut;3;3
1;11;weiß;2;2
4;11;traurig;3;3
3;11;frisch;2;3
1;12;bildschön;2;2
1;12;künstlerisch;2;3
3;12;farbig;2;2
2;12;extravagant;2;3
3;12;beruhigend;3;3
1;12;beruhigt;3;3
5;13;sonnig;2;2
1;13;windig;1;2
2;13;wärmend;2;3
1;14;beklemmend;3;3
2;15;feucht;2;2
1;15;beruhigt;3;3
3;15;kühl;3;3
1;15;frostig;3;2
2;16;bunt;2;2
2;17;kühl;2;3
1;17;wärmend;3;3
2;17;salzig;2;2
2;18;beklemmend;3;3
3;18;beunruhigend;3;3
1;18;gedankenverloren;3;3
1;18;nachdenkend;3;3
1;1;abandoned;1;1
1;2;amazing;1;1
1;2;rainy;1;1
2;2;beautiful;1;1
1;2;nostlgic;1;1
1;4;missing;1;1
1;4;happy;1;1
1;4;lookingforward;1;1
1;5;happy;1;1
1;5;calm;1;1
1;5;going;1;1
1;6;attention;1;1
1;6;to;1;1
1;6;detail;1;1
1;7;lonely;1;1
1;8;happy;1;1
1;8;calm;1;1
1;8;therapatic;1;1
1;9;loved;1;1
1;9;complete;1;1
1;9;happy;1;1
1;10;calm;1;1
1;11;confident;1;1
1;11;clear;1;1
1;11;imaginative;1;1
1;12;ethnic;1;1
1;12;culturala;1;1
1;13;guilt;1;1
1;13;sad;1;1
1;13;angry;1;1
1;14;unclear;1;1
1;14;void;1;1
1;14;empty;1;1
1;14;blured;1;1
1;15;raniy;1;1
1;15;cold;1;1
2;15;cozy;1;1
1;15;beautiful;1;1
1;16;artistic;1;1
1;16;leaves;1;1
1;16;potrait;1;1
1;16;painting;1;1
1;16;calm;1;1
1;17;happy;1;1
1;17;soothing;1;1
1;18;reflecting;1;1
2;4;windig;2;1
1;4;frisch;3;1
1;5;erdig;2;2
1;5;feucht;2;2
2;5;waldig;2;2
5;6;chaotisch;3;3
1;6;abtrakt;2;2
1;6;laut;2;3
1;6;mechanisch;2;2
1;7;naturbezogen;2;3
1;7;starr;2;3
1;7;sexuell;1;3
1;8;verworren;3;3
1;10;intim;3;3
1;10;geborgen;3;3
3;11;chaotisch;3;3
1;12;elegant;2;3
1;12;feminin;2;3
4;13;still;2;3
2;14;chaotisch;3;3
1;14;friedlich;3;3
1;14;verworren;3;3
3;14;verschwommen;2;3
2;16;feminin;3;2
2;16;elegant;2;3
1;17;windig;2;2
1;17;abenteurlustig;3;3
1;17;mutig;3;3
1;18;naturbezogen;2;3
1;18;still;3;3
1;18;verworren;3;3
1;1;Dämmerung;2;2
1;1;Ruhe;2;3
2;1;Bäume;2;2
2;2;Farben;1;2
2;2;Dämmerung;2;2
4;2;Menschen;2;2
2;2;Lichter;2;2
3;2;Laternen;2;2
3;4;Himmel;2;2
4;4;Insel;2;2
1;5;Blätter;2;2
1;6;Blatt;2;2
4;7;Blätter;2;2
1;8;Blumen;2;2
1;8;Farben;1;2
1;8;Verlauf;2;2
5;9;Menschen;2;3
4;9;Pärchen;2;2
1;9;Natur;2;2
2;10;Pärchen;2;2
3;10;Natur;2;2
1;11;Landschaft;2;2
4;11;Wolken;2;2
2;13;Landschaft;2;2
9;13;Sand;2;2
1;14;Ausstellung;2;2
1;14;Museum;2;2
1;15;Dämmerung;2;2
3;15;Bäume;2;2
4;16;Schwarz;2;2
4;16;Weiß;2;2
8;16;Pflanzen;2;2
2;17;Wolken;2;2
4;17;Himmel;2;2
2;17;Segelboot;2;2
8;18;Spiegelung;2;2
1;2;kein;1;1
1;2;bild;1;1
1;2;zu;1;1
1;2;sehen;1;1
1;2;ggewesen;1;1
6;4;boot;2;2
1;4;mast;2;2
1;4;segel;2;2
4;4;sonne;2;2
1;4;gold;2;2
6;5;bäume;2;2
1;5;kahl;2;3
1;5;schwarz;2;1
1;5;weiß;1;1
3;5;braun;2;2
3;5;papierboot;2;2
1;5;landschaft;2;2
1;6;blasen;2;2
1;6;petrischale;2;2
4;6;mikroskop;2;2
1;6;forschen;2;2
1;6;krankheit;2;2
1;6;rung;1;1
2;6;formen;1;2
3;7;sommer;2;2
1;7;blumen;2;2
1;7;personen;2;2
1;7;leute;2;2
2;7;zwei;2;2
1;7;liebende;2;3
2;7;liegen;2;2
1;7;sitzen;2;2
1;7;unterhalten;2;2
1;7;träumen;2;3
3;7;vertrauen;3;3
1;8;bunt;2;2
1;8;glitter;2;2
1;8;streifen;2;2
2;8;sterne;2;2
1;8;punkte;2;2
1;8;flecken;2;2
1;8;altmodisch;2;2
1;8;out;1;1
3;9;laternen;2;2
2;9;weg;2;2
4;9;allee;2;2
5;9;bäume;2;2
2;9;lichter;2;2
1;9;lampen;2;2
1;9;leute;2;2
1;9;personen;2;2
1;9;zwei;2;2
4;9;regenschirm;2;2
2;9;laub;2;2
1;9;laufen;2;2
4;10;laub;2;2
5;10;regen;2;2
3;10;menschen;2;2
1;10;personen;2;2
1;10;leute;2;2
6;10;blätter;2;2
2;10;schwarz;2;2
1;11;fluss;2;2
1;11;ufer;2;2
5;11;rot;2;2
1;11;wellen;2;2
1;11;untergang;2;3
1;12;geisha;1;1
1;12;nerd;1;1
1;12;haare;2;2
1;12;schwarz;2;2
3;12;china;2;2
1;12;directions;1;1
1;12;haarfarbe;1;2
1;12;anders;1;2
1;12;altmodisch;2;2
1;12;grün;2;2
1;13;gestalt;2;2
1;13;scheme;2;1
2;13;strand;2;2
1;13;afrika;2;2
1;13;meer;2;2
1;13;streifen;2;2
1;13;linien;1;2
1;13;person;2;2
1;13;warten;2;2
4;13;verträumt;3;3
1;14;formen;2;2
1;14;bunt;1;2
1;14;streifen;2;2
1;14;striche;2;2
1;14;linien;2;2
1;14;stalakmiten;2;2
1;14;wand;2;2
1;14;depressiv;3;3
1;14;uninteressant;3;3
1;14;unstrukturiert;2;3
6;15;regenschirm;2;2
4;15;menschen;2;3
1;15;leute;2;2
4;15;laternen;2;2
3;15;allee;2;2
1;15;frankreich;2;2
2;15;feierabend;2;2
1;15;gemälde;2;2
3;16;feuer;2;2
2;16;orange;1;1
1;16;lodernd;2;3
1;16;blumen;2;2
2;16;ranken;2;2
1;16;schwarzweiß;2;2
5;16;schatten;2;2
1;17;sonnenunteergang;2;2
7;17;sonne;2;2
1;17;segelschiff;2;2
1;17;segel;2;2
2;17;ferne;2;2
3;17;horizont;2;2
3;18;wasser;2;2
1;18;tümpel;2;2
3;18;rund;2;2
3;18;orange;2;2
1;1;Gerichtet;2;2
2;2;hoffnungsvoll;3;3
1;2;vorfreude;2;3
1;4;gemeinschaftlich;3;3
1;5;alleine;3;3
1;5;kokon;2;2
3;5;glücklich;3;3
1;5;freude;3;3
1;6;unzufrieden;3;3
1;6;panisch;3;3
1;6;unglücklich;3;3
1;7;apathisch;3;3
1;7;unverbunden;3;3
1;7;unglücklich;3;3
1;7;losgelöst;3;3
1;7;unzufrieden;3;3
1;8;ordentlich;3;3
1;8;zufrieden;3;3
1;8;bescheiden;3;3
1;8;erfolge;2;3
1;8;eingeschlossen;2;3
1;9;hoffnungsvoll;3;3
2;9;zufrieden;3;3
1;9;aufgeregt;3;3
1;9;unsicher;3;3
1;10;ausgeschlossen;2;3
1;10;nervös;3;3
1;10;unwissend;3;3
1;10;freudig;3;3
1;11;alleine;3;3
1;11;gezwungen;3;3
2;11;unzufrieden;3;3
1;11;gedrängt;3;3
3;12;glücklich;3;3
1;12;Frühlingsgefühl;2;3
1;12;selbstsicher;3;3
2;13;sehnsucht;3;3
1;13;träumen;3;3
1;14;abgelegen;3;2
1;15;endlich;2;2
1;15;fertig;2;2
6;16;düster;3;3
1;16;täuschend;2;3
1;16;unzufrieden;3;3
1;16;nervös;3;3
1;17;abschluss;2;2
1;17;zukunft;2;2
1;18;tod;2;3
1;18;endlich;2;2
1;18;sterben;2;3
1;18;alleine;3;3
1;18;ausgeschlossen;2;3
1;1;unzufrieden;3;3
2;1;nachdenklich;3;3
1;1;verspottet;3;3
5;1;Hoffnung;3;3
1;1;Besserung;2;3
1;1;Gefühle;2;3
1;1;Angst;3;3
1;1;Abstand;2;3
1;2;Mischung;2;2
1;2;Gefühle;2;3
3;2;verspielt;3;3
1;2;verspannt;3;3
1;4;herrlich;3;3
1;4;wundervoll;3;3
1;4;Ausgelassenheit;3;3
1;4;heiterkeit;3;3
1;4;beglückt;3;3
1;4;besinnlich;3;3
1;4;verspielt;3;3
1;4;orientiert;3;2
1;4;allein;2;3
2;4;verlassen;3;3
1;4;positv;3;3
1;4;motivieren;3;3
1;4;aufbauend;3;3
1;4;spannend;3;3
1;4;angespannt;3;3
1;4;negativ;3;3
1;4;einsam;3;3
1;4;deprimierend;3;3
1;4;traurig;3;3
1;4;aufgregend;3;3
1;4;verschlafen;3;3
1;4;schlaflos;3;3
1;4;laut;3;3
1;4;erwärmend;3;3
1;4;erfirschend;3;3
1;4;merkwürdig;3;3
1;4;cool;3;3
1;4;vorsichtig;3;3
1;4;beängstigend;3;3
2;4;einfühlsam;3;3
1;4;abenteuerlich;3;3
1;4;unantastbar;3;3
1;4;unerreichbar;3;3
1;4;fantastisch;3;3
1;5;beängtigend;3;3
3;5;hell;3;3
1;5;flüchtend;3;3
1;5;abenteurlich;2;3
1;5;negativ;3;3
1;5;aufgewühlt;3;3
1;5;besorgt;3;3
1;5;laut;2;3
1;5;leise;2;3
2;5;still;2;3
2;5;verwirrend;3;3
1;5;unentschlossen;3;3
1;5;verlaufen;2;3
1;5;ansteckend;2;3
1;5;anstrengend;3;3
1;5;motivierend;3;3
1;6;freudig;3;3
1;6;freudevoll;3;3
1;6;magsich;3;3
2;6;verspielt;3;3
1;6;postiv;3;3
1;6;negativ;3;3
1;7;einfühlsam;3;3
1;7;aufblühend;3;3
2;7;nachdenklich;3;3
2;7;unsicher;3;3
4;7;vertraut;3;3
1;7;betrübt;3;3
3;7;fröhlich;3;3
2;8;fröhlich;3;3
1;8;tolle;2;3
1;8;motivierend;3;3
2;8;verzaubert;3;3
1;8;gut;3;3
1;8;glücklich;3;3
1;8;verspielt;3;3
1;8;unentschlossen;3;3
1;8;aufblühend;3;3
1;8;erfrischend;3;3
2;8;leise;2;3
1;8;positiv;1;3
1;9;verwirrend;3;3
1;9;komisch;2;3
4;9;verspielt;3;3
1;10;unaufhaltbar;3;3
1;10;rosig;2;2
1;10;gesellig;3;3
1;10;motivierend;3;3
1;10;aufbauend;3;3
1;10;zielstrebig;3;3
1;11;laut;2;3
1;11;negativ;3;3
1;11;angespannt;3;3
1;11;nachdenklich;3;3
2;11;bedrohlich;3;3
1;11;ansteckend;3;3
1;11;gesellig;3;3
3;12;verspielt;3;3
2;12;aufregend;3;3
2;12;ungewiss;3;3
2;12;merkwürdig;3;3
1;12;komisch;3;3
1;12;gemischt;2;3
1;12;dunkel;3;3
1;12;deprimierend;3;3
1;12;still;3;3
2;13;aufregend;3;3
1;14;entspannt;3;3
2;14;unsicher;3;3
2;14;komisch;3;3
1;14;nachdenklich;3;3
2;14;negativ;3;3
2;14;allein;3;3
1;14;aufregend;3;3
1;15;still;3;3
1;15;deprimierend;3;3
1;15;hilflos;3;3
1;15;verwirrend;3;3
1;15;bedenklich;3;3
1;15;behutsam;3;3
1;15;aufregend;3;3
1;15;negativ;3;3
2;16;nachdenklich;3;3
1;16;aufbauend;3;3
1;16;glücklich;3;3
2;16;rosig;3;2
1;16;heiter;3;3
2;16;positiv;3;3
1;16;ungewiss;3;3
2;17;düster;3;3
1;17;traurig;3;3
2;17;verlassen;3;3
3;17;allein;3;3
2;17;leise;3;3
1;17;wütend;3;3
1;17;emotional;3;3
1;17;aufbrausend;3;3
1;17;fesselnd;3;3
1;17;ängstlich;3;3
1;17;beängstigend;3;3
3;17;vertraut;3;3
1;17;erniedrigend;2;3
2;17;nachdenklich;3;3
1;17;aufregend;3;3
3;18;dunkel;3;3
2;18;negativ;3;3
1;18;aufblühend;3;3
1;18;motivierend;3;3
1;18;aufbauend;3;3
1;18;leise;3;3
1;18;positv;3;3
1;1;vereinnahmend;2;3
2;2;lebendig;3;3
1;4;entschleunigend;3;3
1;5;fremd;3;3
2;5;beengend;3;3
1;6;bedrängend;3;3
1;6;erdrückend;3;3
1;6;überfüllt;3;3
1;7;angenommen;2;2
1;8;zerreißend;3;3
1;9;lebendig;3;3
1;9;tröstend;3;3
1;10;fremd;3;3
1;10;fantasievoll;3;3
1;11;ziellos;3;3
1;11;unbekannt;3;1
1;12;ängstlich;3;3
1;12;verzweifelt;3;3
1;12;fremd;3;3
1;13;unwirklich;3;3
1;16;lockend;3;3
1;17;ehrfürchtig;3;3
1;17;beeindruckend;3;3
1;17;hypnotisierend;3;3
1;17;verweilend;3;3
1;18;fremd;3;3
1;18;unwirklich;3;3
3;1;Friedlich;3;3
1;1;Mosaik;2;2
1;2;Ölfarben;1;2
1;2;Licht;2;2
6;4;Abend;2;2
2;4;Ölfarben;1;2
1;5;Grell;2;2
1;6;wand;2;2
2;6;kunst;1;2
1;6;veraltet;2;2
1;6;indisch;1;2
2;6;schmutzig;2;3
1;7;unrealistisch;2;3
1;8;Schimmel;2;2
1;9;französisch;2;2
9;9;schön;2;2
2;9;kunst;1;2
7;10;schön;2;2
2;10;winter;2;2
1;11;nostalgisch;3;3
2;12;chinesisch;2;2
2;13;dämmerung;2;2
1;13;silhouette;2;2
2;13;staubig;2;2
1;15;ölfarbe;1;2
3;15;kunst;1;2
3;15;winter;2;2
4;16;kontrast;2;2
2;16;blume;2;2
1;17;kunstvoll;2;3
1;18;trüb;2;3
2;18;schmutzig;2;3
3;1;Frühling;2;2
2;2;freude;3;3
1;2;geborgenheit;3;3
1;2;ungewissheit;3;3
1;2;zeitlosigkeit;3;3
1;5;gemütlichkeit;3;3
1;5;wärme;3;3
1;5;entspannung;3;3
2;13;leere;3;3
1;13;erwartungsvoll;3;3
1;14;unruhe;3;3
1;14;ungewissheit;3;3
1;14;rein;3;3
1;14;klinisch;2;2
1;17;geborgenheit;3;3
3;17;romantik;3;3
1;18;ungewissheit;3;3
1;1;Sushirolle;1;2
1;1;kränklich;1;3
1;1;belebt;3;3
1;1;diesig;3;3
1;1;schemenhaft;2;3
1;2;regennass;2;2
1;2;wohlig;3;3
1;2;distanziert;3;3
2;2;müde;3;3
1;2;dumpf;3;3
1;2;abendlich;3;3
1;2;atmospherisch;3;3
1;4;heimig;3;3
1;5;verunsichernd;3;3
1;5;versetörrend;3;3
3;5;beängstigend;3;3
4;5;interessant;3;3
1;5;langweilig;3;3
2;5;unangenehm;3;3
1;6;pflanzlich;2;2
3;6;spannend;3;3
4;6;unangenehm;3;3
1;6;fremd;3;3
1;6;bizarr;3;3
1;7;bizarr;3;3
2;7;interessant;3;3
2;7;verstörend;3;3
1;7;unattraktiv;2;3
1;7;belanglos;2;3
1;7;unschön;2;3
6;7;verwirrend;3;3
1;8;öde;3;3
1;8;farbenfroh;2;2
1;8;beänstigend;3;3
1;8;schwammig;3;2
1;8;verunsichernd;3;3
1;9;abendlich;3;3
1;9;heimig;3;3
4;9;froh;3;3
1;9;schläfrig;3;3
1;9;frei;3;3
1;9;gelassen;3;3
1;10;langweilig;3;3
1;10;abendlich;3;3
1;10;befremdlich;3;3
2;10;unangenehm;3;3
1;11;erfreuend;3;3
2;11;interessant;3;3
1;11;mittelmäßig;2;2
1;12;unterhaltsam;2;3
1;12;spannend;3;3
1;12;modern;2;3
2;12;entspannend;3;3
1;13;öde;2;3
1;13;geborgen;3;3
1;13;angenehm;3;3
1;15;trübe;3;3
1;15;heimig;3;3
1;16;klischeehaft;2;2
2;16;langweilig;3;3
1;16;ermüdend;3;3
1;16;nichts-sagend;2;2
1;16;leer;3;3
1;16;uninteressant;3;3
1;17;beschwingend;3;3
1;17;belebend;3;3
1;17;offen;3;3
1;17;freimütig;3;3
3;17;geborgen;3;3
2;18;eklig;3;3
1;18;bizarr;3;3
1;18;diesig;3;3
1;18;unheimlich;3;3
1;18;seltsam;3;3
1;18;dumpf;3;3
1;18;fremdartig;3;3
1;18;distanziert;3;3
1;18;ungeheur;3;3
4;1;Chaos;3;3
1;1;Verauf;1;2
1;2;shirm;2;2
1;4;friedilch;3;3
5;4;rot;2;2
4;4;angenehm;3;3
3;4;abendstimmung;3;3
1;4;abgelegen;3;2
1;5;ES;1;1
4;5;fluss;2;2
1;5;verlauf;2;2
2;6;chaos;3;3
3;6;organisch;2;3
1;7;Adam&Eva;1;1
1;7;bibel;1;2
1;7;Zweifaltigkeit;2;2
1;8;japanischerBaum;1;1
1;8;Hilfe;1;2
1;8;chaos;3;3
1;9;einheit;3;2
2;9;laterne;2;2
5;9;blätter;2;2
6;11;stadt;2;2
1;11;hafenstadt;2;2
2;11;insel;2;2
1;12;friedlich;3;3
1;13;unbehagen;3;3
1;13;weite;3;2
1;14;systemlos;2;2
2;14;leblos;3;3
1;14;menschenleer;3;2
2;16;simpel;3;3
1;16;einfachheit;3;3
3;17;schiffe;2;2
1;18;spieglung;2;2
1;18;ungwissheit;3;3
1;1;unklar;3;3
1;1;sehr;1;1
1;1;störend;3;3
1;2;wintermood;3;1
1;2;ruhiges;3;3
2;2;Gefühl;2;3
1;2;sehr;1;1
1;1;alt;2;3
1;1;gelblich;2;2
2;1;antik;2;2
1;2;paralleln;2;2
1;2;pech;2;3
2;2;froh;3;3
1;11;kindheit;3;3
2;11;jung;2;3
1;11;windig;2;2
1;18;verlaufen;2;2
1;4;sanft;3;3
1;5;augeruht;3;3
3;6;ekel;3;3
1;7;froh;3;3
1;8;morbide;3;3
10;8;düster;3;3
1;12;träge;3;3
2;12;verloren;3;3
1;16;unangenhm;3;3
1;17;ausgeruht;3;3
1;18;ekel;3;3
1;18;verrückt;3;3
1;1;Palme;2;2
1;1;Regenwald;2;2
1;1;Tropenwetter;2;2
4;2;Romantik;3;3
1;2;Spieglung;2;2
1;4;Segelschiff;2;2
2;4;Farbenspiel;2;2
1;4;orange;2;2
2;4;blau;2;2
1;4;Wind;2;2
1;5;rot;1;2
2;5;Moos;2;2
1;5;Flora;2;2
1;5;verschwommen;2;2
1;6;Farben;2;2
1;6;Orange;2;2
2;6;klein;2;2
2;6;groß;2;2
1;6;Mandala;2;2
2;8;Schmetterlinge;2;2
1;8;grün;1;1
1;8;pastell;2;2
1;8;Linien;2;2
1;9;Herbstvibes;3;3
2;9;Entspannung;3;3
1;9;Farben;2;2
2;10;Romantik;3;3
4;10;Paar;2;2
5;10;Bäume;2;2
2;10;Farben;2;2
1;10;Mann;2;2
1;10;Frau;2;2
1;11;verloren;3;3
1;12;Farben;2;2
2;13;Fatamorgana;2;2
1;14;Bar;2;2
1;14;Flaschen;2;2
1;14;Getränke;2;2
1;14;Sorten;1;2
2;14;Alkohol;2;2
1;14;Etiketten;2;2
1;14;trinken;2;2
1;14;Abend;1;2
1;17;Segelschiffe;2;2
3;17;blau;2;2
1;17;Spieglung;2;2
3;17;rot;2;2
2;17;orange;2;2
1;17;drei;2;2
1;18;nichtsaussagend;2;2
1;1;rechteck;2;2
1;1;geometrie;2;2
1;1;erleuchtend;2;3
1;1;vertikal;2;2
1;1;kubistisch;2;2
1;1;verschachtelt;2;2
1;1;mythologisch;2;3
1;1;fantastisch;3;3
1;1;darksouls2esk;1;1
2;1;feurig;2;3
1;2;somber;1;1
1;2;Nouvelle Vague;1;1
1;2;Gaslamp Fantasy;1;1
1;4;niederländisch;2;2
1;4;nordseehaft;2;2
1;4;geerdet;2;3
1;4;heimelig;3;3
1;5;nostalgisch;3;3
1;5;liminal;3;3
2;5;sommerlich;3;3
1;5;abendlich;3;2
1;5;morgendlich;3;3
3;5;kindlich;3;3
1;5;Zwischen;2;2
1;5;Rusty Lake Hotel;1;1
1;5;und;1;1
1;5;Night of the Rabbit;1;1
1;6;botanisch;2;2
1;6;zellular;2;2
3;6;mikroskopisch;2;3
1;6;fraktal;2;2
1;6;mosaik;2;2
1;6;utopisch;3;3
1;6;solar-punk;1;1
1;6;chlorophyll;2;2
1;6;art nouveau;1;1
1;6;repetition;2;2
2;6;struktur;2;2
1;6;stabil;3;3
2;6;freundlich;3;3
1;6;netzwerk;2;2
1;6;solidarisch;2;3
1;6;verbunden;3;3
1;6;egalitär;3;3
1;7;Erster;1;1
1;7;Gedanke;1;2
1;7;so;1;1
1;7;fuck;1;1
1;7;wieder;1;1
1;7;ein;1;1
1;7;Fromsoftware;1;1
1;7;Giftsumpf;1;1
1;7;dann;1;1
1;7;auf;1;1
1;7;den;1;1
1;7;zweiten;1;1
1;7;blick;1;1
1;7;doch;1;1
1;7;sehr;1;1
1;7;und;1;1
1;7;cute;1;1
1;8;befleckt;2;2
3;8;verlassen;3;3
1;8;zerfallen;3;3
2;8;alt;3;3
1;8;medizinisch;2;2
1;8;elitär;2;3
1;8;royal;2;3
1;8;viktorianisch;2;2
1;9;urban;2;3
1;10;cineastisch;2;3
1;10;hyggelig;1;1
2;10;schwermütig;3;3
1;10;hunde;1;1
1;10;alt;1;3
1;10;schmerzgel-werbung;1;1
1;10;sport;2;1
1;10;park;2;2
1;10;stadt;1;1
1;11;maritim;2;3
3;11;nordisch;2;2
1;11;dörflisch;2;2
1;11;freundlich;3;3
2;11;einfach;3;3
4;12;fantasievoll;3;3
1;12;reflektiert;3;3
1;12;introspektion;3;3
1;12;neurodivergent;3;3
1;13;Mediterran;2;2
1;13;aufbruch;2;3
1;13;dune;1;1
1;14;technisch;2;2
1;14;verblassend;2;3
1;14;roboterhaft;2;2
1;14;starr;3;3
1;14;zersplittert;2;3
1;14;verchromt;2;2
1;15;gloomy;1;1
1;15;mysteriös;3;3
2;15;verträumt;3;3
1;15;urban;2;3
1;15;noir;2;1
2;16;asiatisch;2;2
1;16;botanisch;2;2
1;16;mysteriös;3;3
1;16;aufstrebend;3;3
1;16;stark;3;3
1;16;grindhouse cinema;1;1
1;16;cealid;1;1
1;16;sexuell;1;3
1;17;schwermütig;3;3
1;17;yearning;1;1
1;17;Unrast;2;3
1;17;erwartungsvoll;3;3
1;17;aufbruch;2;3
1;17;ungewiss;3;3
1;18;nebelig;2;2
1;18;herbtlisch;3;3
1;18;vergilbt;3;2
1;18;zerfallend;2;3
1;18;gifitg;2;3
2;18;müde;3;3
1;18;verträumt;3;3
2;1;Weihnachten;2;2
2;1;Geschenke;2;2
3;1;Tannenbaum;2;2
1;1;Wihnachtsbaum;2;2
1;1;Feier;2;2
1;1;Gemeinschaft;2;3
2;2;Allee;2;2
2;2;Wasser;2;2
1;2;gleichgültig;3;3
1;2;gedrückt;3;3
2;4;Segelboot;2;2
1;4;Vorbereitung;1;2
1;4;erwartungsvoll;3;3
1;4;gespannt;3;3
1;4;ungewiss;3;3
1;5;Kunst;2;2
1;5;versteckt;2;2
1;5;verborgen;2;2
2;6;Optimistisch;3;3
2;6;Muster;2;2
1;6;Chamäleon;1;2
1;6;trocken;2;2
1;7;versteckt;2;2
1;7;beobachtet;2;3
1;7;vertieft;3;3
2;8;farbig;2;2
1;8;hoffnungsvoll;3;3
1;8;optmistisch;3;3
1;8;verhangen;3;2
1;8;unklar;2;3
1;8;vielseitig;2;2
1;8;Lichtblick;2;3
1;8;ausgefallen;2;3
1;9;bedrückend;3;3
1;9;farbig;2;2
1;10;zwei;2;2
3;10;Nebel;2;2
2;10;nachdenklich;3;3
1;10;vertieft;3;3
1;10;unklar;2;3
1;11;verschlafen;3;3
1;11;Introvertiert;2;2
3;12;entspannt;3;3
1;12;depressiv;3;3
1;12;zurückgezogen;3;3
1;12;gelangweilt;3;3
1;12;weggetreten;3;3
2;13;Traum;3;3
1;13;ungreifbar;2;3
1;13;verschwunden;2;2
1;13;verschollen;2;2
1;13;eben;2;2
2;13;durstig;2;2
1;13;durchhalten;2;3
1;13;Teufelskreis;2;2
1;13;vergänlich;2;3
1;13;betrogen;3;3
3;14;unklar;2;3
1;14;Büro;2;2
1;14;kurzsichtig;2;2
1;14;verschleiert;2;3
1;15;WInd;1;2
2;15;Nebel;2;2
3;15;versunken;2;3
1;15;zerflossen;2;3
1;15;perspektivlos;3;3
3;16;Wachstum;2;2
1;16;farblos;2;2
1;16;bedrückend;3;3
1;16;still;3;3
1;16;Beunruhigt;3;3
1;16;unklar;2;3
1;16;perspektivlos;2;3
1;17;Wind;2;2
1;17;farbig;2;2
1;17;zielsicher;3;3
1;17;bewegt;2;3
1;17;ergriffen;3;3
1;18;Symmetrie;2;2
2;18;unklar;2;3
1;18;bedrückend;3;3
1;1;harmonisch;3;3
1;2;Zweisamkeit;2;2
1;2;Nachtspaziergang;2;2
1;4;erleichtert;3;3
1;4;gedankenvoll;3;3
1;4;vertieft;3;3
1;4;geistesabwesend;3;3
1;5;undurchsichtig;2;2
1;5;finster;2;3
1;5;schattig;2;3
1;6;leuchtend;3;3
1;6;unaufdringlich;2;3
1;6;wirr;3;3
3;7;lieblich;3;3
3;7;herbstlich;3;3
1;8;bewegt;3;3
2;8;heiter;3;3
1;8;strahlend;3;3
1;9;ausgeglichen;3;3
1;9;verlassen;3;3
1;10;träumerisch;3;3
1;11;erfrischend;3;3
3;11;fröhlich;3;3
1;11;schwungvoll;3;3
1;11;leichtlebig;3;3
1;12;Sehnsucht;3;3
1;13;linear;2;2
4;13;friedlich;3;3
1;14;geometrisch;2;2
1;14;fokussierend;3;3
1;15;gedankenverloren;3;3
1;16;einfach;2;3
1;16;kontraste;2;2
1;16;mediterran;2;2
1;17;ausdrucksstark;2;3
1;17;unbekannt;2;2
1;18;ausgeglichen;3;3
2;18;freundlich;3;3
4;18;wild;3;3
1;1;kompliziert;2;3
1;1;verwischen;2;2
2;4;Einzigartig;2;2
1;4;Anfang;2;2
1;5;Mut;3;3
1;5;wagend;3;3
2;6;Vertraut;3;3
1;6;rätsel;2;3
1;8;fin;1;1
1;8;Anfang;1;2
2;9;Frühling;3;2
1;9;chemie;2;2
1;9;....;1;1
1;10;Schutz;2;2
1;11;zusammen;2;2
1;12;gefährlich;3;3
1;13;prüfung;1;2
1;13;text;1;1
1;13;übertreffen;2;2
1;13;tranzendieren;2;2
1;14;erforschen;2;3
1;14;experiment;2;2
1;15;Geschmack;2;1
1;15;Neutral;3;2
1;15;Abenteuer;2;3
1;16;unsicherheit;3;3
1;16;risiko;3;3
1;17;fahigkeit;2;1
1;17;selbstsicher;3;3
1;18;neugier;3;3
1;1;bedrohlich;3;3
1;1;glänzend;2;3
1;1;gemeinnissvoll;2;3
1;2;fabspiel;2;2
1;2;Großstadtvibes;2;1
1;2;Parisvibes;2;1
1;4;unbeschwerheit;3;3
1;5;kühler;3;3
1;5;wärmer;3;3
1;5;satt;2;2
1;5;strahlend;2;3
1;6;kühler;3;3
1;6;sanft;3;3
1;7;satt;3;3
1;7;emotionslos;3;3
1;8;zart;2;3
1;8;weich;2;3
1;8;zurückhaltend;3;3
1;8;blühen;2;3
1;9;kuschelig;3;3
1;9;kälter;3;3
2;9;Wärme;3;3
1;9;farbspiel;2;2
1;10;luft;2;2
2;10;bedrohlich;3;3
1;10;gehalten;1;3
1;11;plump;2;2
1;11;schlicht;2;3
1;11;zurückhaltend;3;3
1;11;satt;2;2
1;12;farbenspiel;2;2
1;12;sanft;3;3
1;12;zurückhaltend;3;3
4;13;verwirrend;3;3
1;13;präsent;2;3
1;13;vorpreschend;3;3
1;14;clean;3;1
1;14;beruhigend;3;3
2;14;zurückhaltend;3;3
1;15;Großstadt;2;2
2;15;erleuchtend;3;3
1;15;Farbspiel;2;2
2;17;verliebt;3;3
1;17;bedrohlich;3;3
5;17;kalt;3;3
3;18;kalt;3;3
2;1;Unruhe;3;3
1;1;Viel;2;1
1;1;böse;3;3
2;2;nacht;2;2
2;2;romatisch;3;3
1;2;ungemütlich;3;3
1;4;Weite;2;2
2;4;Ferne;2;2
1;4;fabelhaft;3;3
1;5;einsamkeit;3;3
1;6;obst;2;2
1;6;gemüse;2;2
1;6;früchte;2;2
1;7;grüneWiese;2;2
1;8;frostig;3;3
1;9;romatisch;3;3
2;10;Einsamkeit;3;3
2;10;Kälte;3;3
1;10;ungemtülich;3;3
1;11;weite;2;2
2;11;ferne;2;2
2;11;berge;2;2
2;11;schnee;2;2
2;12;trauer;3;3
1;13;verlorenheit;3;3
1;14;Stadtleben;2;2
2;14;ungemütlich;3;3
1;15;ungemütlich;3;3
1;16;erotisch;3;3
2;17;Weite;2;2
1;18;gespenstig;3;3
1;18;müstig;3;3
1;1;brocken;1;2
1;1;fällt;1;1
1;1;nach;1;1
1;1;bedrückend;3;3
1;5;modrig;3;2
1;6;stimmungsvoll;3;3
1;6;kreisend;2;2
1;6;springen;1;2
1;6;hüpfen;1;2
1;7;allein;3;3
1;9;abendstimmung;3;3
1;9;feierabend;2;2
1;10;neblig;2;2
3;11;stürmisch;2;3
1;12;in;1;1
1;12;sich;1;1
1;12;gekhrt;3;1
1;12;melancholisch;3;3
1;13;weitweg;2;2
1;14;frostig;3;3
1;15;gelassen;3;3
1;15;anmutig;3;3
1;17;stimmungsvoll;3;3
1;18;farbvoll;2;2
1;1;ausgeglichen;3;3
1;1;Ananas;2;2
1;2;Fürhling;3;2
1;2;Sommer;2;2
1;1;innekehrend;3;3
1;1;virtuos;2;3
1;1;systematisch;2;2
1;1;lebensfroh;3;3
2;1;trüb;3;3
1;1;schweigend;3;3
1;1;schwelgend;3;3
1;1;wiederkehrend;2;2
1;1;auffrischend;3;3
1;2;amurös;3;3
1;2;ruhend;3;3
1;2;nachdneklich;3;3
1;2;verweilend;3;3
1;2;fest;3;2
1;2;bindend;3;3
1;2;heranziehen;2;2
1;2;lieblich;3;3
1;4;heimisch;3;3
2;4;hoffnungsvoll;3;3
1;4;nah;3;3
1;4;nordisch;2;2
1;4;südlich;2;2
1;4;reizend;3;3
1;4;anziehend;3;3
1;4;anlockend;3;3
3;5;ängstlich;3;3
1;5;verkümmert;3;3
1;5;lose;2;1
1;5;nah;2;3
1;5;verschollen;2;3
1;5;hoffnungschenkend;3;3
1;6;speziell;2;2
1;6;koloriert;2;2
1;6;detailliert;2;2
1;6;human;2;2
1;6;munter;3;3
2;6;wissenschaftlich;2;2
1;6;stärkend;3;3
1;6;natrülich;2;3
1;6;offen;3;3
1;6;nah;3;3
1;6;fassend;3;3
1;6;vertretbar;2;2
1;6;klar;2;3
1;6;definiert;2;2
1;6;hervorgehoben;2;2
2;7;leicht;3;3
1;7;einfach;3;3
1;7;bestrebend;3;3
2;7;fest;3;2
1;7;zeitnah;2;2
1;7;strukturiert;2;2
1;7;klar;2;3
1;7;offen;3;3
1;7;verweilend;3;3
1;7;extra;1;2
1;7;privat;2;2
1;7;offennah;2;1
1;7;bestrebt;3;3
1;8;kindlich;3;3
1;8;scheu;3;3
1;8;schüchtern;3;3
1;8;müde;3;3
1;8;bezaubernd;3;3
1;8;speziell;2;2
1;8;leicht;3;3
1;8;lieblich;3;3
1;8;entzückend;3;3
1;8;ruhend;3;3
2;8;fließend;3;3
1;8;einvernommen;3;3
1;8;beruhigt;3;3
1;9;lieblich;3;3
1;9;lebensfroh;3;3
1;9;qualitativ;2;2
1;9;romanitsch,§;3;3
1;9;verweilend;2;3
1;9;stolz;3;3
1;9;speziell;2;2
1;9;haftend;2;2
1;9;fest;3;2
1;9;tugendhaft;3;3
1;9;farblich;2;2
1;9;amorös;3;3
1;9;virtuos;3;3
2;9;spielerisch;3;3
1;9;süss;2;3
1;9;wiederkehrend;3;2
1;9;inneführend;3;3
1;9;verzaubernd#;3;3
1;9;bezaubernd;3;3
1;9;magisch;3;3
1;9;koloriert;2;2
1;9;atmosphärisch;3;3
1;9;entzückend;3;3
1;9;reizend;3;3
1;9;bodenständig;3;3
1;9;dezent;3;3
1;9;munter;3;3
1;9;svhwelgend;3;3
1;9;schwelgend;3;3
1;10;virtuos;3;3
1;10;amorös;3;3
1;10;kindlich;3;3
1;10;erweckend;3;3
1;10;wach;3;3
1;10;lieb;3;3
1;10;zeitnah;2;2
1;10;realistisch;2;2
1;10;künstlerisch;2;3
1;10;entzückend;3;3
1;10;bezaubernd;3;3
1;10;wahrhaftig;3;3
1;11;strukturiert;2;2
1;11;farblich;2;2
1;11;herausstechend;2;2
1;11;leicht;3;3
1;11;systematisch;2;2
1;11;bezaubernd;3;3
1;11;vergänglich;3;3
1;11;mitnehmend;2;3
1;11;gedanklich;3;3
1;12;versteckt;2;2
1;12;gedeckt;2;2
1;12;farblich;2;2
1;12;schematisch;2;2
1;12;beglückend;3;3
1;12;definiert;2;2
1;13;atemberaubend;3;3
1;13;nah;3;3
1;13;fern;3;2
1;13;familiär;3;3
1;13;temparamentvoll;3;3
1;13;gefunden;2;2
1;13;vereint;3;2
1;13;allwissend;2;2
1;13;stark;3;3
1;13;belehrend;3;3
1;13;verwurzelnd;3;3
1;13;rückzug;3;3
1;13;bekannt;3;2
1;13;wüstig;2;2
1;13;anziehend;3;3
1;13;qualitativ;2;2
1;13;hochwertig;2;2
1;13;verzaubernd;3;3
1;13;magisch;3;3
1;13;myhstisch;3;3
1;13;glaubend;3;2
1;13;religiös;3;2
1;13;stärkend;3;3
1;13;vielfältig;2;2
1;13;offen;3;3
1;13;kultiviert;2;2
1;13;schätzend;3;3
1;13;freundlich;3;3
2;14;hoffnungslos;3;3
1;14;strukturiert;2;2
1;14;systematisiert;2;2
1;14;schwelgend;3;3
1;14;isoliert;3;3
1;14;abgekommen;2;2
1;14;gedanklich;3;3
2;14;klar;3;3
1;14;träge;3;3
1;14;befassend;3;2
1;15;erweckend;3;3
1;15;nachdenkiend;3;3
1;15;lieb;3;3
1;15;vergessend;3;3
2;15;verliebt;3;3
1;15;geliebt;3;3
2;15;hoffnungsvoll;3;3
2;15;freundlich;3;3
2;16;modern;2;3
1;16;flora;2;2
1;16;virtuos;2;3
1;16;feenhaft;3;3
1;16;strukturiert;2;2
1;16;fest;3;2
1;16;planvoll;3;2
1;17;fern;3;2
1;17;nah;3;3
1;17;herzlich;3;3
1;17;verführend;3;3
1;17;stark;3;3
1;17;hochwertig;3;3
1;17;fabelhaft;3;3
1;17;träumerisch;3;3
1;17;magisch;3;3
1;17;bezaubernd;3;3
2;17;stolz;3;3
1;17;gedanklich;3;3
1;17;festigend;3;2
1;18;diffus;3;3
2;18;krank;3;3
2;18;durcheinander;3;3
1;18;depressiv;3;3
1;18;expressiv;3;3
1;18;verkommen;3;3
1;18;kindlich;3;3
1;18;hoffnungslos;3;3
1;18;verzeweifelt;3;3
1;18;suchend;3;3
3;18;verloren;3;3
1;18;verschollen;3;3
1;18;eingenommen;3;3
1;18;eingeschnappt;3;3
1;18;destruktiv;3;3
1;18;vergessen;3;3
1;18;gehasst;3;3
1;18;unschuldig;3;3
1;18;schwach;3;3
1;18;gemütlich;3;3
1;18;faul;3;3
1;18;undeutlich;3;2
1;1;gefährlich;3;3
1;2;anonym;2;2
4;4;frei;3;3
1;5;simpel;2;3
1;5;künstlerisch;2;3
1;6;gemustert;2;2
2;6;geometrisch;2;2
1;6;proportional;2;2
1;7;schlicht;2;3
1;7;führsorglich;3;3
1;8;herbstlich;3;3
1;10;symetrisch;3;2
1;12;alternativ;2;2
1;12;städtisch;2;2
1;13;abstrakt;2;2
2;13;strukturiert;2;2
3;14;frei;3;3
2;15;harmonisch;3;3
6;16;schön;2;2
1;16;grazil;2;3
2;16;lebendig;3;3
1;18;symetrisch;2;2
1;18;naturel;2;3
1;18;simpel;2;3
2;4;Boote;2;2
3;5;Laub;2;2
1;6;winzig;2;2
2;7;Glück;3;3
1;7;Freundschaft;3;3
1;8;rost;2;2
1;8;öl;2;2
1;9;freundschaft;3;3
1;9;kälte;3;3
1;9;nähe;3;3
1;10;Trennung;3;3
2;11;Nass;2;2
1;11;Gefahr;3;3
1;11;Überschwemmung;2;2
1;16;keimen;2;2
1;17;Segeltörn;2;2
1;17;Abschied;2;3
1;18;Abholzung;2;2
1;18;Artensterben;2;2
1;1;wow;1;1
1;1;toll;2;2
2;1;super;2;2
4;2;süß;2;3
1;2;wo;1;1
1;2;dk;1;1
1;4;toll;2;2
1;4;shciff;2;2
1;5;ossdh;1;1
1;5;qowdjh;1;1
1;5;pwkqdj;1;1
1;6;schildkröte;1;2
1;7;lkJSFB;1;1
1;7;ÖAKSJD;1;1
1;8;lichterkette;2;2
1;8;sternenregen;2;2
1;9;nervmichnet;1;1
1;9;gleiches;1;1
1;9;bild;1;1
1;9;ihrvollidioten;1;1
1;11;iggelbach;1;1
3;11;dorf;2;2
1;13;süden;2;2
1;15;hattenwirschon;1;1
1;15;alee;2;2
1;15;ramondisch;3;3
1;16;wasistdashierfüreinscheiß;1;1
1;17;adrg;1;1
1;18;spiegelbild;2;2
1;1;öde;3;3
1;1;karg;3;3
1;1;trocken;3;3
1;1;still;3;3
1;1;unheilvoll;3;3
1;5;unheilvoll;3;3
2;5;angespannt;3;3
1;6;seltsam;2;3
2;6;traurig;3;3
1;6;verwundert;3;3
1;6;verträumt;3;3
3;6;verwirrt;3;3
1;6;düster;3;3
1;6;belebt;3;3
1;7;düster;3;3
1;7;gefühlvoll;3;3
1;9;gefühlvoll;3;3
1;9;ziellos;3;3
7;9;beruhigend;3;3
1;10;unheilvoll;3;3
1;10;schaurig;3;3
1;10;angespannt;3;3
1;10;beängstigend;3;3
2;10;trist;3;3
2;11;verträumt;3;3
2;11;hoffnungsvoll;3;3
1;11;erleichtert;3;3
1;11;belebt;3;3
1;11;belebend;3;3
1;11;Hoffnungsschimmer;2;3
1;11;Ziel;2;2
1;12;verwundert;3;3
1;12;gefühlvoll;3;3
2;13;karg;3;3
1;13;unheilvoll;3;3
1;13;klein;3;2
1;13;ängstlich;3;3
1;14;öde;3;3
1;14;unwohl;3;3
1;14;niedergeschlagen;3;3
1;14;pessimistisch;3;3
2;14;trostlos;3;3
1;15;bittersüß;3;3
1;15;ziellos;3;3
1;16;unheilvoll;3;3
1;16;schaurig;3;3
3;17;fröhlich;3;3
1;17;gerührt;3;3
2;18;angespannt;3;3
1;1;leichtfertig;3;3
1;1;unbeholfen;3;3
1;2;mysteriös;3;3
2;2;frankreich;2;2
1;4;familie;2;2
1;4;erinnerung;3;2
1;4;traum;3;3
1;5;mythisch;3;3
1;5;spannung;3;3
1;6;lebensanfang;3;2
1;7;paradies;2;3
2;8;frost;3;3
1;8;schlamm;2;2
7;10;allee;2;2
1;10;rauch;2;2
1;11;abseits;2;2
1;11;verschwinden;2;2
1;11;freude;3;3
1;11;traum;3;3
1;11;selbstbewusstsein;3;3
1;12;neon;2;2
1;12;leuchtreklame;2;2
1;13;durchhaltevermögen;3;2
1;13;grenze;3;2
1;13;hunger;3;2
1;14;paranoid;3;3
1;14;großstadt;2;2
1;14;dystopisch;3;3
1;15;luft;2;2
2;15;frei;3;3
1;16;blühen;2;3
1;16;durchhaltevermögen;3;2
1;16;widerstand;3;2
1;17;hart;3;3
1;17;anstrengung;3;3
1;17;seeluft;2;2
1;18;universum;1;2
1;18;mythisch;3;3
1;2;sommerabend;2;2
1;2;sonnenuntergang;2;2
3;1;heiter;3;3
1;1;verzerrt;2;3
2;1;erhaben;3;3
1;1;happy;1;1
1;1;calm;1;1
1;2;rain;1;1
1;2;love;1;1
1;2;colorful;1;1
1;4;sea;1;1
1;4;boats;1;1
1;4;sun;1;1
1;4;red;1;1
1;4;blue;1;1
1;6;colorful;1;1
1;6;cells;1;1
1;6;microorganism;1;1
1;7;autum;1;1
1;7;green;1;1
1;7;couple;1;1
1;7;love;1;1
1;8;rain;1;1
1;8;window;1;1
1;8;loneliness;1;1
1;9;couple;1;1
1;9;autumn;1;1
1;9;love;1;1
1;9;rain;1;1
1;9;umbrella;1;1
1;10;autum;1;1
1;10;red;1;1
1;10;couple;1;1
1;11;sea;1;1
1;11;houses;1;1
1;11;town;1;1
1;12;asian;1;1
1;12;fish;1;1
1;12;colorful;1;1
1;12;lady;1;1
1;12;woman;1;1
1;13;desert;1;1
4;13;orange;1;1
1;13;sun;1;1
1;14;abstract;1;1
1;14;white;1;1
1;14;people;1;1
1;15;night;1;1
1;15;alone;1;1
1;15;rain;1;1
1;15;umbrella;1;1
1;16;nature;1;1
1;16;red;1;1
1;16;bushes;1;1
1;17;boat;1;1
1;17;sun;1;1
1;17;sea;1;1
1;18;flowers;1;1
1;18;autum;1;1
1;18;dirt;1;1
1;18;soil;1;1
1;18;leaf;1;1
2;1;hoffnungsvoll;3;3
1;4;wehmütig;3;3
1;5;trostlos;3;3
1;6;giftig;2;3
1;8;winterlich;3;3
1;11;deprimiert;3;3
1;11;bedrückt;3;3
2;13;aufgeregt;3;3
1;13;klar;3;3
3;16;hoffnungsvoll;3;3
1;18;aufgewühlt;3;3
3;1;Kunst;2;2
2;2;Kunst;2;2
1;5;Trail;2;1
1;5;Downhilll;2;1
1;5;Mountainbike-Strecke;1;1
1;5;Anlieger;1;2
2;6;Farbe;2;2
4;6;Bakterien;2;2
4;7;Hoffnung;3;3
1;8;Asche;2;2
2;9;Licht;2;2
1;9;Hoffnung;3;3
1;10;Lichtblick;3;2
1;11;Kindergarten;2;2
1;12;Farbe;2;2
4;13;Kalt;3;3
1;14;Digital;2;2
1;14;Zukunft;2;2
1;14;Mode;2;2
1;16;Abendrot;2;2
1;16;Sonnenuntergang;2;2
1;16;Schlicht;2;3
1;17;Abendrot;2;2
4;17;Sommer;2;2
2;18;Feuer;2;2
2;1;kontrast;2;2
2;1;lichtblick;2;2
2;1;schwere;1;3
3;2;zweisam;2;2
2;2;trüb;3;3
3;6;heiter;3;3
1;9;sonntag;2;2
1;14;detailliert;2;2
1;14;fein;2;2
1;15;verlauf;2;2
1;15;kontrast;2;2
1;15;schwer;2;3
1;15;melanchonisch;3;3
2;16;belebt;3;3
1;16;feurig;3;3
2;1;unten;1;2
2;1;bedrückt;3;3
1;2;pärchen;2;2
1;9;unterstützung;3;3
1;9;partnerschaft;2;2
1;9;gelassenheit;3;3
1;9;glücksgefühl;3;3
1;1;quadratisch;2;2
1;2;stylisch;2;2
1;4;kunst;2;2
2;4;farbenfroh;2;2
1;4;style;2;2
1;4;salzluft;2;2
1;5;kälte;3;3
1;5;winter;2;2
2;5;angst;3;3
1;5;blut;2;2
1;5;zyklus;1;2
1;6;körper;2;2
1;7;sex;1;2
1;7;wald;2;2
1;8;blätter;2;2
1;8;blüten;2;2
1;8;abwechslung;2;2
1;9;künstler;2;2
1;9;stylisch;2;2
1;9;museum;2;2
1;9;frankreich;2;2
1;9;abend;2;2
1;9;sehnsucht;3;3
1;10;schöhnheit;2;2
1;10;bedrohung;3;3
2;10;ungewissheit;3;3
1;10;ferne;2;2
1;10;zusammenhalt;3;3
1;10;farbenfroh;2;2
2;11;küste;2;2
1;11;leben;3;3
1;11;dänemark;2;2
1;11;bedrohung;3;3
1;11;abenteuer;2;3
1;12;tradition;2;2
3;13;farbenfroh;2;2
1;13;crazy;1;1
1;13;ferne;2;2
1;14;hart;2;3
1;14;stumpf;2;3
1;15;mensch;2;3
1;15;leben;3;3
1;16;abend;2;2
1;16;stylisch;2;2
1;17;lebensfreude;3;3
1;17;ungewissheit;3;3
1;17;gefahr;3;3
1;18;wärme;3;3
1;1;Laut;2;3
1;1;Zackig;2;2
1;4;fließend;2;2
1;4;gedanklich;3;3
1;5;ungeordnet;3;3
1;5;chaos;3;3
1;5;unwissend;3;3
1;5;gehäuft;2;2
1;5;undefiniert;2;2
1;5;grob;2;3
2;5;dreckig;2;3
1;5;unschön;2;2
3;5;geheimnisvoll;3;3
1;6;overwhelming;1;1
1;6;überwältigend;3;3
2;6;ungeordnet;3;2
1;6;variable;2;1
1;6;herausragend;2;3
1;6;kontrastreich;2;2
2;7;weit;2;2
1;7;bedenklich;3;3
1;7;subtil;2;3
1;8;träge;3;3
1;8;drückend;3;3
1;8;bedenklich;3;3
1;9;zeitig;2;2
1;9;aktiv;3;3
1;10;kahl;3;3
1;10;windig;2;2
1;10;moody;1;1
1;10;gezeitlich;2;2
1;11;heimlich;3;3
1;11;überschaubar;3;2
2;11;neutral;2;2
1;11;sauber;2;2
1;11;abzählbar;2;2
1;11;geordnet;2;2
1;11;wellig;2;2
1;11;ebenen;2;2
1;11;distanz;2;2
1;12;prägnant;2;2
1;12;fokussiert;3;3
1;12;isoliert;3;3
1;13;isoliert;3;3
1;13;variable;2;1
1;13;sensibel;3;3
2;14;eckig;2;2
1;14;böse;3;3
1;14;spitz;2;2
1;14;abschreckend;3;3
1;14;kahl;3;3
1;14;sauber;2;3
1;14;ängstlich;3;3
2;14;unangenehm;3;3
1;14;teuer;2;2
1;15;zeitig;2;2
1;16;pflänzlich;2;2
1;16;aufwachsen;2;2
1;16;geordnet;2;2
1;16;unterstützend;2;2
1;16;wachsend;2;2
1;16;vielschichtig;2;2
1;16;bodenständig;2;3
1;16;gewindet;2;2
1;16;frau;1;2
1;16;weiblich;2;2
1;17;flüssig;2;2
1;17;aufbrechend;2;3
2;17;sonnig;2;2
1;17;beginnend;2;2
1;17;ausschweifend;2;3
1;17;fokussiert;3;3
1;17;neu;2;2
1;18;chaos;3;3
1;18;unsauber;2;2
1;18;unpassend;2;2
2;18;ungeordnet;2;2
2;1;Froh;3;3
1;1;Glücklich;3;3
1;1;Sommerlich;3;2
1;1;dunkle;3;3
1;1;Farben;2;2
1;2;Bunte;2;2
7;2;Regenschirm;2;2
1;2;spiegelung;2;2
3;2;Bäume;2;2
1;4;Segelboote;2;2
1;4;zwei;2;2
1;5;Wasser;1;2
1;5;Braune;2;2
1;5;Farben;2;2
1;6;Baum;2;2
1;6;bräunlich;2;2
1;6;Durchschnitt;2;2
1;7;liegend;2;2
1;7;idllisch;3;3
1;8;sternenhimmel;2;2
1;8;interpretierbar;2;2
1;8;sehr;1;1
1;8;offen;3;3
1;9;durch;1;1
1;10;spziergang;2;2
1;10;zu;1;1
1;10;zweit;2;2
1;10;herbsttag;2;2
1;13;trotz;1;1
1;13;bunten;2;1
1;13;farben;2;2
1;14;wirrwarr;2;3
1;14;ohne;1;1
1;14;emotionen;3;1
1;15;bedrohlich;3;3
1;15;aber;1;1
1;15;auch;1;1
1;15;wegen;1;1
1;15;und;1;1
1;16;Blatt;2;2
1;16;Sträucher;2;2
1;16;Roter;2;2
1;16;Hintergrund;1;2
1;16;minimalistisch;2;2
1;18;eventuell;1;1
1;1;herzlich;3;3
1;1;Wertvoll;2;2
1;1;großzügig;2;3
1;1;schön;2;2
1;2;stimmhaft;3;3
1;2;besonnen;3;3
1;2;frei;3;3
1;2;einmalig;2;2
1;2;wertvoll;3;2
1;4;göttlich;3;3
1;4;herzlich;3;3
1;4;gut;2;2
1;4;wohlfühlend;3;3
2;5;distanziert;3;3
1;5;ungewollt;2;3
1;5;konträr;2;2
1;5;verloren;3;3
3;6;durcheinander;3;2
1;6;strukturvoll;2;2
2;6;distanziert;2;3
1;6;verwaschen;2;2
1;7;wohl;3;3
1;7;ruhgig;3;3
1;7;besonnen;3;3
1;7;abschaltend;3;3
1;8;kaltwarm;3;1
1;8;vielversprechenend;2;3
1;8;umgeben;2;2
1;8;trauernd;3;3
1;8;hoffungversprechend;3;3
1;8;vielversprechend;3;3
1;8;überraschend;3;3
2;9;sonnig;3;2
1;9;umschwingend;3;3
1;9;beziehend;3;3
1;9;stimmungsvoll;3;3
1;9;überwältigend;3;3
1;9;stark;3;3
1;9;ausdrucksvoll;3;3
1;10;besonnen;3;3
1;10;unheimlich;3;3
1;10;fern;2;2
1;10;ausdrucksvoll;3;3
1;10;konträr;2;2
1;11;besinnlich;3;3
4;11;düster;3;3
1;11;stimmungsvoll;3;3
1;11;aufregend;3;3
1;12;expressiv;2;3
1;12;ausdrucksstark;2;3
1;12;abwechselnd;2;2
1;12;divers;2;2
1;12;verschieden;2;2
1;12;vielfältig;2;2
1;13;distanziert;3;3
1;13;unheimlich;3;3
2;13;ungewiss;3;3
1;13;fraglich;3;3
1;13;geisterhaft;3;3
2;14;städtisch;2;2
1;14;fern;2;2
1;14;abstoßend;2;3
2;14;distanziert;3;3
1;14;bedrückend;3;3
1;15;besonders;2;2
1;15;überwältigend;3;3
1;15;wertvoll;3;2
1;15;herzlich;3;3
1;15;expressiv;2;3
1;16;zweigleisig;2;2
1;16;hell;3;3
1;16;angehenm;3;3
1;16;konträr;2;2
1;17;überwältigend;3;3
4;17;traumhaft;3;3
1;17;unbeschreiblich;3;2
1;17;herzergreifend;3;3
1;17;göttlich;3;3
1;17;expressiv;3;3
1;18;matschig;2;2
1;18;abstoßend;3;3
2;18;verschwommen;2;2
1;18;ausladend;2;3
1;18;lustlos;3;3
1;1;unordnung;2;2
1;2;angeneh;3;3
1;2;utopisch;3;3
1;2;märchenhaft;3;3
1;10;märchrnhaft;3;3
1;14;unordnung;2;2
1;14;fahl;2;3
1;18;büme;2;2
1;1;dramatisch;3;3
1;1;emotional;3;3
1;1;unentschlossen;3;3
2;1;grell;3;3
1;2;impressionistisch;2;3
1;4;idülisch;3;3
1;4;strahlend;2;3
3;4;freundlich;3;3
1;5;beunruhigend;3;3
1;5;kontrast;2;2
6;5;warm;3;3
1;5;gruslig;3;3
1;5;horrorfilmpotential;1;1
1;6;stimmig;3;2
1;7;unbehaglich;3;3
1;7;trotzdem_entspennend;1;1
1;8;edel;2;2
1;8;klassisch;2;2
1;8;impressionistisch;2;3
1;8;gefühlsvoll;3;3
1;8;qualitativ;2;2
1;9;strahlend;3;3
1;9;kontrastreich;2;2
1;9;expressionistisch;2;3
1;10;tiefer_raum;1;1
1;11;impressionistisch;2;3
1;11;familiär;3;3
2;11;friedlich;3;3
1;11;idüllisch;3;3
2;12;abstrakt;2;2
1;12;grün_rot;2;1
1;12;heller_fokuspunkt;1;1
1;12;verschnörkelt;2;2
1;12;pflanzlich;2;2
1;13;idyllisch;3;3
1;13;äquator;2;2
1;13;neblig;2;2
1;14;akzentreich;2;2
1;14;leicht;2;3
1;15;warm_kalt;2;2
1;15;farbig;2;2
1;15;grell;3;3
1;15;beleuchtet;2;2
2;16;gräser;2;2
1;17;kontrstreich;2;2
1;17;farbintensiv;2;2
1;17;hell_dunkel;2;2
1;17;warm_kalt;2;2
1;18;idüllisch;3;3
1;18;wohlfühlend;3;3
1;18;impressionistisch;2;3
2;18;herbstlich;3;3
1;18;edel;2;2
1;1;Nähe;2;3
1;1;Stille;2;3
1;1;Anspannung;3;3
1;2;Kälte;3;3
1;2;Herbstfeeling;3;1
1;2;Entspannung;3;3
1;4;gelangweilt;3;3
1;4;geordnet;3;2
1;4;sorgenfrei;3;3
1;5;distopisch;3;3
1;5;panisch;3;3
1;5;hoffnungslos;3;3
1;6;interessat;3;3
1;6;beängstigend;3;3
1;6;vielfältigm;2;2
1;7;intim;3;3
1;7;ernst;3;3
1;7;abgeschottet;3;3
1;8;geborgen;3;3
1;8;langwierig;3;3
1;9;frische;2;3
1;9;neuanfang;2;2
1;9;geborgenheit;3;3
2;9;erleichternd;3;3
1;9;erleuchtend;3;3
1;10;unbekannt;2;2
3;10;unendlich;2;2
1;10;machtlos;3;3
1;10;hinnehmend;2;3
1;10;himmlig;3;3
1;10;irdisch;3;3
1;11;anonym;2;2
1;12;unkonventionell;2;2
1;12;energisch;3;3
1;12;unsymmetrisch;2;2
1;12;vertieft;3;3
1;13;distopisch;3;3
2;13;hoffnungsvoll;3;3
1;13;endlich;3;2
1;13;gespalten;3;2
1;13;erschöpft;3;3
1;14;ernst;3;3
1;14;beängstigend;3;3
1;14;unendlich;3;2
1;14;hilfslos;3;3
1;14;verirrt;3;3
1;14;flach;2;2
1;14;ausgeliefert;3;2
1;14;alternativlos;3;2
1;15;Wärme;3;3
1;15;wohl;3;3
1;15;Nässe;2;2
1;15;Erleuchtung;2;3
1;15;Sicherheit;3;3
1;15;Frische;3;3
1;16;unordentlich;2;2
1;16;invasiv;2;3
1;16;übergreifend;2;3
1;16;zerstörerisch;3;3
1;16;beunruhigend;3;3
1;16;warnend;3;3
1;16;alarmbereit;3;3
1;16;bedrohnt;3;3
3;17;sorgenfrei;3;3
1;17;sicher;3;3
1;17;geordnet;3;2
1;17;positiv;3;3
1;17;naturverbunden;3;3
2;18;unstrukturiert;2;2
1;18;unordentlich;2;2
1;18;formlos;2;2
1;18;eintönig;2;3
1;1;überflutet;2;2
1;6;wohlfühlend;3;3
1;6;bewegend;3;3
1;8;unangenehm;3;3
1;11;schwer;3;3
1;13;wohlfühlend;3;3
1;14;unzufrieden;3;3
2;16;traurig;3;3
1;16;alleine;3;3
1;18;angenehm;3;3
1;18;befreiend;3;3
2;18;fröhlich;3;3
1;18;aufmunternd;3;3
1;1;Idyllisch;3;3
1;1;Unsicher;3;3
1;2;Sicher;3;3
2;2;ausgeglichen;3;3
1;4;imposant;3;3
1;4;zeitlos;2;2
1;5;stimmungsvoll;3;3
1;5;froh;3;3
1;5;Umbruchsstimmung;3;3
1;6;Glück;3;3
1;6;Diversität;2;2
1;6;Zusammenhalt;3;3
1;7;naturverbunden;3;3
1;7;vertrauensvoll;3;3
1;8;unsicherheit;3;3
1;8;verlorenheit;3;3
1;8;abwehr;3;3
1;9;gesellschaft;2;2
1;9;zetilosigkeit;2;2
1;9;romantik;3;3
1;10;unsicher;3;3
1;10;unbehagen;3;3
1;10;beeindruckt;3;3
1;11;Sicherheit;3;3
1;11;Geborgenheit;3;3
1;11;Vetrrauen;3;3
1;12;bewunderung;3;3
1;12;Identifikation;2;2
1;12;Zeitlos;2;2
1;12;anonym;2;2
1;13;vergeltung;3;3
1;13;macht;2;3
1;15;traurigkeit;3;3
1;15;depression;3;3
1;15;melancholie;3;3
1;15;ignoranz;3;3
1;16;gegensätzlichkeit;2;2
1;16;vergänglichkeit;3;3
2;17;Einsamkeit;3;3
1;17;Zeitlos;2;2
1;18;vergänglich;2;3
1;7;gemütlich;3;3
1;14;stressig;3;3
1;15;finster;3;3
4;16;entspannt;3;3
1;18;unsivherheit;3;3
1;1;geheimnisvoll;3;3
1;1;misteriös;3;3
1;4;erleichternd;3;3
1;6;eingeengt;3;3
1;6;unterdrückt;3;3
1;6;kämpferisch;3;3
1;8;gebrochen;3;3
1;12;abenteuerlich;3;3
1;14;emotionslos;3;3
1;15;sicher;3;3
1;16;hoffnung;3;3
1;16;entwicklung;2;2
1;16;positivität;3;3
1;17;klar;3;3
1;17;erfüllt;3;3
1;17;wohltuend;3;3
2;18;verdorben;3;3
1;1;finster;3;3
1;5;hoffnungsvoll;3;3
1;7;zwiegespalten;3;3
1;9;herzerwärmend;3;3
1;10;herzerwärmend;3;3
1;10;hoffnungsvoll;3;3
1;11;trüb;3;3
1;13;trüb;3;3
1;15;zwiegespalten;3;3
1;9;idylisch;3;3
1;2;Einsamkeit;3;3
1;2;Neid;3;3
2;5;Boden;2;2
1;5;Klein;2;2
1;5;INsekten;2;2
1;6;Wiederholung;2;2
1;6;Unendlichkeit;2;2
1;7;Nähe;3;3
1;8;Insekten;2;2
1;8;Langeweilig;3;3
1;9;Romanik;3;3
1;10;monoton;3;3
3;14;Leere;3;3
1;14;Angehem;3;3
1;14;RUhe;3;3
1;16;Frauen;1;2
1;16;Hirschgeweih;1;2
1;17;Sonneuntergang;2;2
1;17;Unorginell;2;2
1;1;wach;3;3
1;2;fokussiert;3;3
1;4;abenteuerlustig;3;3
1;6;froh;3;3
1;7;erholsam;3;3
1;8;verblasst;2;3
2;9;vereint;2;2
1;9;fokussiert;3;3
1;10;erstickend;3;3
1;12;läuternd;3;3
1;12;konzentriert;3;3
1;12;hingebend;3;3
1;14;wach;2;3
1;14;erleuchtet;3;3
1;14;gefangen;3;3
1;15;wegweisend;3;3
2;15;hell;3;3
1;15;zweisam;3;2
1;16;harmonisch;3;3
1;17;abenteuerlustig;3;3
1;17;gefährlich;3;3
1;18;lebendig;3;3
1;18;versteinert;3;3
2;1;kreativ;3;3
1;1;unwirklich;3;3
1;2;sehnsüchtig;3;3
1;4;sehnsüchtig;3;3
1;4;bedacht;3;3
1;5;verspielt;3;3
1;6;naturverbunden;3;3
1;8;melancholisch;3;3
1;8;hart;3;3
1;8;unerwartet;3;3
1;9;sehnsüchtig;3;3
1;9;ruhend;3;3
1;9;genussvoll;3;3
4;11;warm;3;3
1;11;ambivalent;3;3
2;11;sicher;3;3
1;12;ruhend;3;3
1;13;geradlinig;2;2
1;13;chaotisch;3;3
1;14;unorganisiert;3;2
2;15;zufrieden;3;3
1;15;ruhend;3;3
1;17;sehnsüchtig;3;3
2;18;entspannt;3;3
2;18;vertraut;3;3
1;1;munter;3;3
2;2;freundlich;3;3
1;4;ausgelassen;3;3
1;4;sorglos;3;3
1;5;erwartungsvoll;3;3
1;5;gebannt;3;3
1;7;geschützt;3;3
1;8;anregend;3;3
1;9;sorglos;3;3
2;10;zufrieden;3;3
1;10;verzaubert;3;3
1;10;unbeschwert;3;3
1;11;ruig;3;3
2;11;frei;3;3
1;11;gelassen;3;3
1;11;locker;3;3
1;12;kunstvoll;3;2
1;17;sorglos;3;3
1;17;inspirierend;3;3
1;1;melankolisch;3;3
1;1;kühl;3;3
1;1;frisch;3;3
1;4;energetisch;3;3
1;5;neugierig;3;3
1;5;geleitet;3;3
1;6;suchend;3;3
1;7;erleichtert;3;3
1;8;inspiriert;3;3
1;8;Spaß;3;3
1;8;freundschaftlich;3;3
1;9;frisch;3;3
1;10;vernünftig;3;3
1;10;Freude;3;3
1;11;lustig;3;3
1;11;besorgt;3;3
1;12;bewundernd;3;3
1;12;verliebt;3;3
1;13;endlos;3;2
1;14;unsichtbar;3;2
1;15;freudig;3;3
1;15;positiv;3;3
1;15;aufgeregt;3;3
1;17;erschöpft;3;3
1;18;nachdenklich;3;3
1;18;eingeengt;3;3
1;1;schlummernd;3;3
1;1;strahlend;3;3
1;2;traumhaft;3;3
1;2;erleichternd;3;3
1;4;urlaubsreif;3;2
1;4;träumerisch;3;3
2;4;froh;3;3
1;6;geborgen;3;3
1;6;sicher;3;3
1;7;frühlingshaft;3;3
1;7;kraftschöpfend;3;3
1;7;unendlichkeit;3;2
1;8;gefährlich;3;3
1;8;mulmig;3;3
1;8;tobend;3;3
3;9;fröhlich;3;3
1;9;wohlriechend;2;2
1;9;angenehem;3;3
1;9;erfüllend;3;3
1;9;positiv;3;3
1;10;ungesehen;3;2
1;10;weit;2;2
1;10;gemeinsam-einsam;3;3
1;11;erleichternd;3;3
1;11;frohsinn;3;3
1;11;freundschaftlich;3;3
1;11;heimat;3;2
1;12;bezaubernd;3;3
1;12;sorgenfrei;3;3
1;12;persönlich;2;2
1;12;kühl;3;3
1;14;weit;2;2
1;14;gedangenlos;3;3
1;14;sorgenlos;3;3
1;15;befreiend;3;3
1;16;gedankenfrei;3;3
2;16;frei;3;3
1;16;loslassen;3;3
1;16;treibend;3;3
1;16;fließend;3;3
1;17;genießerisch;3;3
1;17;haltlos;3;3
1;18;spiegelnd;2;2
1;18;kühl;3;3
1;18;einschlafend;3;3
1;10;romanisch;3;3
3;10;beruhigend;3;3
1;12;erotisch;3;3
1;12;romantisch;3;3
1;14;creepy;3;1
1;15;enspannend;3;3
1;16;neuanfang;2;3
1;16;freude;3;3
1;1;Impressionismus;2;3
2;1;Quadrate;2;2
1;1;Weihnachtlich;3;3
1;4;Küste;2;2
1;4;Anleger;2;2
2;4;Strand;2;2
1;4;Südseestrand;2;2
1;4;gezeichnet;2;2
1;4;Abendrot;2;2
1;4;Abendsonne;2;2
1;5;Ruderboot;2;2
1;5;Impressionismus;2;3
2;6;Steine;2;2
1;6;Unterwasseransicht;2;2
1;6;modern;2;3
1;7;Zuneigung;3;3
1;7;Intimität;3;3
1;7;Gefallen;3;2
1;7;Annäherung;3;3
1;7;Gemeinschaft;3;3
1;8;künstlerisch;3;3
1;8;silber;2;2
1;8;Fäden;2;2
1;8;Weihnachten;2;2
1;8;Kälte;3;3
3;9;Stadt;2;2
2;9;Stadtpark;2;2
1;9;Liebespärchen;2;3
1;9;Schauer;2;3
1;9;Regenschauer;2;2
1;9;Nachhause;2;2
2;11;Küstenstadt;2;2
1;11;himmellos;2;2
1;11;Italien;2;2
1;11;Griechenland;2;2
1;11;Ägäis;2;2
1;12;Fisch;2;2
1;12;Ölgemälde;2;2
1;12;demütigt;3;3
1;12;verzaubert;3;3
1;13;Geist;2;2
1;13;brauntöne;2;2
1;14;silber;2;2
1;14;nichtssagend;3;2
1;15;Abendstimmung;3;3
1;15;Spätherbst;2;2
2;15;Spazieren;2;2
1;16;bodenliegend;2;2
1;16;kommunistisch;2;1
1;16;grau;2;1
1;16;träumerisch;3;3
2;17;Abendsonne;2;2
1;17;Zufriedenheit;3;3
1;17;Mut;3;3
1;17;Schiffsstraße;2;2
1;18;Sumpflandschaft;2;2
1;18;Karklandschaft;2;2
1;18;geheimnisumwittert;3;3
1;1;anmutig;2;3
1;2;ehrlich;3;3
1;2;bezaubernd;3;3
1;2;anziehend;3;3
1;2;fesselnd;3;3
1;2;imponierend;3;3
1;2;magisch;3;3
1;1;wohlbefinden;3;3
1;7;Entspanntheit;3;3
1;9;Gemütlichkeit;3;3
1;9;Entspanntheit;3;3
1;10;Spaß;3;3
1;11;ruhe;3;3
1;11;gelassenheit;3;3
1;12;Neugierde;3;3
1;13;reise;2;2
1;13;abenteuer;2;3
1;17;losgelöst;3;3
1;17;unabhängig;3;3
1;1;keine;2;1
1;1;Honig;2;2
1;1;Parkplatz;1;2
5;1;Baum;2;2
1;1;OldLadyinGold;1;1
1;1;Goldfisch;1;2
1;2;Frieden;3;3
1;2;LeightJazzb;1;1
1;2;wind;2;2
1;2;Nostalgie;3;3
1;4;Ende;2;2
1;4;einer;1;1
1;4;guten;2;1
1;4;Geschichte;1;1
1;5;Kindheit;2;3
1;5;ferien;2;2
1;6;Biounterricht;2;2
1;6;australien;2;2
1;6;exotischeFrüchte;2;2
1;6;OmasKleid;1;1
1;7;ifUtryUrBestButUdntSucceed;1;1
1;8;wunderKerzen;1;2
1;9;SherlockHolmes;1;1
1;10;stalker;1;1
1;11;dontLikeIt;1;1
1;12;ghostInaShell;1;1
1;13;StrongholdCrusader;1;1
1;13;Müdigkeit;3;3
1;13;arabischeNacht;1;2
1;13;Alladin;1;2
1;14;starkerRegenImAuto;1;1
1;14;LostInTranslation;1;1
1;15;Bulgakow;1;2
1;15;MasterUndMargaritha;1;1
1;16;samuraiJack;1;1
1;16;anime;1;2
1;17;Feierabend;2;2
1;17;Möwen;1;2
1;17;wellenrausch;2;2
1;18;dreckigesGeschir;1;1
1;16;sommer;2;2
1;16;entspannung;3;3
1;16;relax;3;1
1;1;besinnlich;3;3
1;1;gemeinschaftlich;3;3
1;2;offen;3;3
1;4;malerisch;2;2
1;5;erholsam;3;3
1;5;entspannend;3;3
1;6;ausfüllend;3;3
1;6;blumig;2;2
1;7;organisiert;2;2
1;8;weihnachtlich;3;3
1;8;verschneit;2;2
1;8;vorfreude;3;3
1;8;herzlich;3;3
3;9;zusammen;3;3
1;9;aufbruch;2;3
1;10;umschlossen;3;3
1;10;bewegt;3;3
2;10;zusammen;3;3
1;11;gemeinschaftlich;3;3
1;11;bewegt;3;3
1;11;ungewiss;3;3
1;12;natur;2;2
1;12;fauna;2;2
1;12;offen;3;3
3;13;hell;3;3
1;14;angst;3;3
1;15;bewegt;3;3
1;16;karg;2;3
1;16;reduziert;2;2
2;17;weit;2;2
1;18;verwurzelt;2;2
1;18;reflektiert;3;3
1;18;bodenständig;3;3
1;1;Konstrast;2;2
1;8;verfall;2;3
1;8;mystisch;3;3
1;17;malerisch;3;2
1;1;gehäuft;2;2
1;4;aufgeregt;3;3
1;5;mystisch;3;3
1;7;komisch;3;3
1;7;unangenehm;3;3
1;8;verkommen;2;2
1;8;träumend;3;3
1;12;neutral;2;2
1;12;interessenlos;3;3
1;13;minimalistisch;2;2
1;14;unvollkommen;2;2
1;16;mystisch;3;3
1;17;enstpannt;3;3
1;18;interessant;3;3
1;18;hingezogen;2;3
1;1;naturalistisch;2;2
1;1;schlicht;2;2
1;2;enetspannt;3;3
2;4;elegant;3;2
1;4;nett;2;2
1;5;unfrei;3;3
1;6;aufällig;2;2
1;6;friedlich;3;3
1;6;angegriffen;2;3
1;7;alleine;3;3
1;8;versteckt;2;3
1;8;verborgen;2;3
1;8;geheimnisvoll;3;3
1;9;warmherzig;3;3
1;9;behutsam;3;3
1;9;beisammen;3;2
1;9;befreiend;3;3
1;9;elegant;3;2
1;9;freudestrahlend;3;3
1;10;beisammen;3;2
1;10;alleine;3;3
1;10;warmherzig;3;3
1;11;behutsam;3;3
1;12;ausgeglichen;3;3
1;12;trist;3;3
1;12;lebhaft;3;3
1;12;verzwickt;3;3
1;14;alleine;3;3
1;15;lebensfroh;3;3
1;16;einzelnd;3;2
1;17;behutsam;3;3
1;17;gedankenfrei;3;3
1;17;gedankenlos;3;3
1;17;lebensfroh;3;3
2;18;unruhig;3;3
1;18;zerstreut;3;3
1;1;kantig;2;2
1;2;ölfarbig;2;2
1;4;magnifique;2;1
1;4;Liebe;3;3
1;4;wohlfühlen;3;3
1;5;nachts;2;2
1;6;kreisig;2;2
1;6;mehrfarbig;2;2
1;6;begabt;3;1
1;8;triste;3;3
1;9;Abendspaziergang;2;2
1;9;Beziehung;2;2
1;10;Dunkelheit;2;3
1;11;hübsch;2;2
1;11;bläulich;2;2
1;13;Farbton;2;1
2;14;weiss;2;2
1;14;unerkennbar;2;2
4;15;Laterne;2;2
1;16;Sonne;1;1
1;17;wunderbar;2;3
2;17;Liebe;3;3
3;18;Baum;2;2
1;18;triste;3;3
1;1;Verwirrung;3;3
1;2;glückselig;3;3
1;5;erfrischend;3;3
1;6;lebensfroh;3;3
1;7;konstant;2;2
2;8;komisch;3;3
1;8;sureal;2;3
1;9;Unendlichkeit;2;2
1;10;bedrückt;3;3
1;10;furchteinflößend;3;3
1;10;real;3;2
1;11;konstanz;2;2
1;11;ideenlos;2;3
1;11;unendlich;2;2
1;12;undefinierbar;2;2
1;13;Unendlichkeit;2;2
1;13;leblos;3;3
1;14;überfordernd;3;3
1;14;langweilich;3;3
1;15;unbehagen;3;3
1;15;gruselig;3;3
1;16;wärme;3;3
2;18;langweilig;3;3
1;18;leblos;3;3
1;2;hell;3;3
1;2;interessant;3;3
1;4;abends;2;2
1;6;merkwürdig;2;3
1;6;rätselhaft;2;3
1;7;merkwürdig;2;3
1;8;ahnungslos;3;3
1;8;gedankenlos;3;3
1;9;voll;1;2
1;9;faszinierend;3;3
1;10;farbig;2;2
1;10;interessant;3;3
2;10;komisch;3;3
1;11;beunruhigend;3;3
2;13;langweilig;3;3
1;13;uninteressant;3;3
1;15;zusammen;2;3
4;16;interessant;3;3
1;17;abends;2;2
1;17;beruhiged;3;3
1;18;mysteriös;3;3
1;18;geheimnisvoll;3;3
1;1;Blau;1;1
2;2;Laterne;2;2
1;7;Mensch;2;3
1;8;Kleckse;2;2
1;8;Rosa;2;1
1;8;ka;1;1
1;10;Laterne;2;1
1;11;Dunkelblau;2;2
1;11;Hellblau;2;2
1;11;Farbabstufung;2;2
1;11;Rotesrot;2;1
1;11;Farbe;2;1
1;11;Hamburg;1;2
1;11;Fischer;1;2
1;13;Savanne;2;2
1;14;blau;2;1
1;14;grün;1;1
1;15;Farbtupfung;2;2
2;15;Blau;2;2
2;15;rot;2;1
1;15;warmepunkte;2;1
2;15;wetter;1;2
1;17;Boote;2;2
1;17;Sonnenaufgang;2;2
1;17;untergang;2;3
1;17;Fischen;2;2
1;17;Nacht;2;2
1;17;kaltesmeer;2;2
1;17;hafen;2;2
1;17;distanz;2;2
1;17;Farbe;2;2
1;17;warmeslicht;2;3
1;17;platz;2;2
1;17;1;1;1
1;18;Rot;2;1
3;18;Gelb;2;2
1;18;spiegellung;2;2
1;18;sonnig;2;2
1;18;Sonne;2;1
1;18;heiß;2;2
1;1;Mysterious;3;3
1;1;bewegt;3;3
1;2;bewegt;3;3
1;2;vertröumt;3;3
1;5;sonnig;2;2
4;5;fröhlich;3;3
1;5;andi;1;1
1;5;tarnend;2;2
1;7;doomsday;1;1
1;7;klassich;2;2
1;7;1;1;1
2;7;2;1;1
1;7;3;1;1
1;7;4;1;1
1;8;interessant;3;3
1;11;hausig;2;1
1;11;rattig;1;1
1;11;fest;2;1
1;12;poggers;1;1
1;12;faszinierend;3;3
2;12;wild;2;3
1;12;rattig;1;1
1;12;frei;3;3
1;13;enttäuschend;3;3
1;13;traurig;3;3
1;15;herzerwärmend;3;3
1;15;kaum-bewegung;1;2
1;15;getupft;2;2
1;16;naturell;2;2
1;16;befridigend;3;3
1;16;kaufbar;2;2
1;16;bahmherzig;3;3
1;17;faszinierend;3;3
1;18;Kugel;2;2
1;18;fest;2;2
1;18;farbig;2;2
1;1;Tropen;2;2
1;1;steine;2;2
1;1;Kunstunterricht;1;2
1;2;trauer;3;3
1;4;geborgenheit;3;3
1;5;grusel;3;3
1;9;trauer;3;3
1;12;liebe;3;3
1;12;verwirrung;3;3
1;12;horror;3;3
1;14;tauer;3;3
1;14;verwirrung;3;3
1;15;trauer;3;3
1;15;nightlife;1;1
1;1;Gemälde;2;2
1;1;Heilig;2;3
1;1;Tag;2;2
1;1;Vierecke;2;2
1;1;Farbe;2;2
1;1;Nadelbaum;2;2
1;2;Lichtquellen;2;2
1;4;sonnen;2;2
1;4;untergang;2;3
1;5;grusellig;3;3
1;5;unentspannt;3;3
1;6;bio;2;2
1;8;gesehen;1;1
1;8;zu;1;1
1;8;langsam;2;3
1;9;date;1;1
2;10;angst;3;3
1;11;hausreihe;2;2
1;11;monoton;2;2
1;12;asiatin;1;2
1;12;zubunt;1;1
1;14;seltsam;3;3
1;14;unwohlsein;3;3
1;14;kunst?;2;1
1;14;gemälde;2;2
1;14;uncool;1;1
1;14;hesslig;1;2
1;14;nicht;1;1
1;15;paar;2;1
1;15;date;2;1
1;15;wohnzimmerbild;1;2
1;15;ichwürde;1;1
1;15;gute;1;1
1;16;Bild;2;1
1;16;Gemälde;2;2
1;16;Kunst;2;2
1;16;Strauß;2;2
1;16;Tisch;1;1
1;16;verschwommen;1;1
1;16;malerei;2;2
1;17;sehr;1;1
1;17;sehrnice;1;1
1;17;nice;1;1
1;17;sehrcool;1;1
1;18;kugeln;2;2
1;18;wandmalereien;2;2
2;1;Entspannt;3;3
1;2;frühlich;3;3
1;5;Bund;1;2
1;6;Bund;1;2
1;6;poggers;1;1
1;6;rattig;1;1
1;7;dominat;2;3
1;7;süß;2;3
1;8;sad;3;1
1;9;süß;2;3
1;10;eseswe;1;1
1;10;fwwfeew;1;1
1;11;fazinierend;3;3
1;11;herzerwärment;3;3
1;14;wühlmaus;1;1
1;14;Knopfaugen;1;1
1;14;lange;1;1
1;14;Nase;1;1
1;14;wer;1;1
1;14;könnte;1;1
1;14;das;1;1
1;14;sein;1;1
1;14;man;1;1
1;14;keine;1;1
1;14;Frage;1;1
1;14;es;1;1
1;14;ist;1;1
1;14;marcel;1;1
1;14;Scorpion;1;1
1;14;Prostitution;1;1
1;14;bist;1;1
1;14;du;1;1
1;14;Pinokio;1;1
1;14;doch;1;1
1;14;oft;1;1
1;14;gewohnt;1;1
1;15;beunruhigend;1;3
1;1;seltsam;3;3
1;2;vertraulich;3;3
1;4;sonnenuntergangsstimmung;3;3
1;5;naturbezogen;3;3
2;7;freiheit;3;3
1;9;traumhauft;3;3
2;11;unkreativ;3;3
1;14;frisch;3;3
1;18;ungeil;1;1
1;1;unglücklich;3;3
1;1;getrennt;3;2
1;2;romntisch;3;3
1;2;harmonie;3;3
1;2;schwerelos;3;3
1;4;urlaubsgefühl;3;3
1;5;chaotisch;3;3
1;6;bedröhnend;3;3
1;6;elementar;2;2
1;7;harmonisch;3;3
1;7;beglückend;3;3
1;7;befriedigend;3;3
1;7;vereint;3;3
1;8;unorientiert;3;3
1;8;verlaufen;2;3
1;8;ungleichgewicht;2;2
1;8;seltsam;3;3
1;11;harmonsich;3;3
1;11;trauer;3;3
1;11;beglückend;3;3
1;12;elementart;3;2
1;13;beruhigend;3;3
1;14;einfältig;3;3
1;14;stimmungslos;3;3
1;14;unkreativ;2;3
2;14;unorientiert;3;3
1;15;harmonich;3;3
1;16;spriesen;2;2
1;16;entfalten;2;2
1;16;zyklisch;2;2
1;1;#NAME?;3;3
1;1;#NAME?;3;3
1;1;weltklasse;1;2
1;1;regnerisch;2;2
1;1;großeFarbpallete;2;1
1;2;Newyork;1;1
1;4;altsheimer;1;1
1;5;komisch;3;3
1;6;kiwi;2;2
1;6;würdichnetkafe;1;1
1;6;hässlich;1;2
1;8;hässlich;2;2
1;8;krusilig;3;3
1;9;gdfsa;1;1
1;9;gfds;1;1
1;9;d;1;1
1;9;f;1;1
1;9;dgfs;1;1
1;9;dfg;1;1
1;9;dfsg;1;1
1;9;dfs;1;1
1;9;g;1;1
1;9;dfsgsfd;1;1
1;9;gd;1;1
1;9;fs;1;1
1;9;gdfs;1;1
1;9;gdfsd;1;1
1;9;gf;1;1
1;9;df;1;1
1;9;gdfsdgfs;1;1
1;9;rgwerw;1;1
1;9;t;1;1
1;9;we;1;1
1;9;tq;1;1
1;9;rwqt;1;1
1;9;rqew;1;1
1;9;rw;1;1
1;9;qt;1;1
1;9;erq;1;1
1;9;tqrwtewq;1;1
1;9;rwrwqt;1;1
1;9;rew;1;1
1;9;ewr;1;1
1;9;trqe;1;1
1;9;qr;1;1
1;9;rt;1;1
1;9;tew;1;1
1;9;ewrtew;1;1
1;9;ew;1;1
1;9;fdqs;1;1
1;9;asgasd;1;1
1;9;qewt;1;1
1;9;r;1;1
1;9;ewrrqew;1;1
1;9;rqw;1;1
1;10;geil;1;2
1;11;Kind?;1;1
1;11;weisichnicht;1;1
1;11;muss;1;1
1;11;nicht;1;1
1;12;hentai;1;1
1;14;scount69;1;1
1;15;cool;1;1
1;15;würd;1;1
1;15;ichkafe;1;1
1;15;geil;1;1
1;17;shiff;1;2
1;18;penis;1;1
1;18;super;1;1
1;18;winter;1;1
1;18;aufgabe;1;1
1;18;Mathis;1;1
1;18;Ben;1;1
1;18;lars;1;1
1;18;Ki;1;1
1;18;lol;1;1
1;18;lololo;1;1
1;18;lolol;1;1
1;18;lololl;1;1
1;18;ololo;1;1
1;18;o;1;1
1;18;l;1;1
1;18;ol;1;1
1;18;oll;1;1
1;18;olo;1;1
1;18;lo;1;1
1;18;lolololo;1;1
1;18;lolo;1;1
1;18;lololol;1;1
1;18;olol;1;1
1;18;olologfk;1;1
1;18;f;1;1
1;18;gfas;1;1
1;18;ds;1;1
1;18;dgfas;1;1
1;18;gfsh;1;1
1;18;dgfs;1;1
1;18;h;1;1
1;18;dgfshgfs;1;1
1;18;hgfs;1;1
1;18;hd;1;1
1;18;gs;1;1
1;18;hgfsgfs;1;1
1;18;hdgfs;1;1
1;18;hgsf;1;1
1;18;hdsgf;1;1
1;18;hfdd;1;1
1;18;hdfa;1;1
1;18;gsda;1;1
1;18;gfda;1;1
1;18;gfad;1;1
1;1;Karte;1;2
1;2;farbe;2;2
1;2;nachts;2;2
1;4;horizont;2;2
1;4;stadt;2;2
1;5;weg;2;2
1;6;seife;2;2
1;6;regenbogenfarben;1;2
1;6;zwiebel;2;2
1;6;baktetrien;2;2
1;8;geschockt;3;3
1;11;grün;1;1
1;11;haus;2;2
1;11;isolation;2;3
1;14;badezimmer;1;2
1;14;tisch;1;2
1;14;zahnpaste;1;2
1;15;orange;2;2
1;16;horizont;1;2
1;16;geheimness;2;3
1;18;blume;2;2
1;18;schokolade;2;2
1;1;geordentesdurcheinander;1;2
1;5;Romantik;3;3
1;6;schön;2;2
1;6;ruhig;3;3
1;7;gras;2;2
1;7;Beisammensein;2;3
1;7;Miteinander;2;3
2;10;gelb;2;1
1;10;bund;2;2
1;10;Nachmittag;2;2
1;10;dunkel;2;3
1;10;Regenschirm;2;2
1;11;abnehmend;2;2
1;11;verlaufend;2;2
2;14;nichts;1;2
1;14;Bild;2;1
1;14;Zettel;2;1
1;15;Romantik;2;3
1;15;beisammensein;3;3
1;15;Mond;2;2
1;18;Farben;2;1
1;18;Dinge;2;1
1;18;Ständer;2;1
1;18;oben;1;1
1;18;unten;1;1
1;18;umgedreht;2;2
1;5;vertraut;3;3
1;5;zufrieden;3;3
1;5;comfortable;1;1
1;8;soft;1;1
1;8;comfortable;1;1
1;15;genießen;3;3
1;17;genießen;3;3
1;17;comfortable;1;1
1;1;Lichter;2;2
1;1;Stadtplan;1;2
1;1;Rapunzel;1;2
1;1;Laternenlichter;2;2
2;2;Lampe;2;2
1;2;Ehepaar;2;2
1;2;Beziehung;2;3
1;4;Ozean;2;2
1;5;Gras;2;2
1;5;schmutzig;2;2
1;5;Horny;3;1
1;8;Dreck;2;2
1;8;Schmutz;2;2
1;8;Glas;2;2
1;8;widerlich;2;3
1;11;Dämmerung;2;2
1;11;Straße;2;2
2;11;Nacht;2;2
1;11;Häuserblock;2;2
1;11;gleich;1;2
1;13;rau;1;3
1;15;Unwetter;2;2
1;17;Ozean;2;2
1;17;Dämerung;2;2
1;18;Schmutz;2;2
1;18;Dreck;2;2
1;18;Laubbäume;2;2
1;18;Jahreszeit;2;2
1;1;Verwirrtheit;2;3
1;1;Spaß;3;3
1;1;Kunterbunt;2;2
1;2;laufen;2;2
1;2;Alle;2;2
1;2;Baum;2;2
1;2;Personen;2;2
1;7;Mann;2;2
1;7;Frau;2;2
1;7;Blatt;2;2
1;7;orange;2;1
1;7;gelb;2;1
1;7;rot;2;1
1;9;Baum;2;2
1;9;Blatt;2;2
1;9;Schnee;2;1
1;9;rot;2;1
1;9;schwarz;2;1
1;9;gelb;2;1
1;9;orange;2;2
1;10;Baum;2;2
1;10;Blatt;2;2
1;10;Straße;2;2
1;10;liegen;1;1
1;10;fallen;2;2
1;10;grün;2;1
1;13;Sonnenaufgang;2;2
2;13;rot;2;2
2;13;gelb;2;1
1;13;blau;2;1
1;13;Farbe;2;1
1;18;Stamm;2;2
1;18;5;1;1
1;5;trüb;3;3
1;5;hoffnung;3;3
1;7;depressiv;3;3
1;10;angsteinflössend;3;3
1;12;müde;3;3
1;17;unendliche;3;2
1;7;gestört;3;3
1;13;postiv;3;3
1;1;geometrisch;2;2
1;2;güklich;3;3
1;7;vereinfacht;3;3
1;9;güklich;3;3
1;11;überschwämmung;2;2
1;11;vereinfacht;2;2
1;5;surreal;2;3
1;5;slenderman;1;1
1;6;trippy;1;1
1;6;druggy;1;1
1;7;figuren;2;2
1;8;verstrahlt;2;2
1;10;hohe;1;1
1;11;kalt-warm;3;2
1;12;japaner;2;2
1;13;heiss;3;2
1;14;krankenhaus;1;2
1;16;wandtattoo;1;2
1;16;klischee;1;2
1;17;frieden;3;3
1;17;deko;2;2
1;17;farbenspiel;2;2
1;1;sonnenuntergang;2;2
1;1;abend;2;2
1;1;kerzen;2;2
1;1;Warmes;3;3
1;1;dunkeler;2;3
1;1;hintergrund;2;2
1;4;glückselig;3;3
1;7;geordnet;3;3
1;11;sturm;2;2
1;14;beunruhigend;3;3
1;17;a;1;1
1;1;Himmel;2;2
1;2;Himmel;2;2
1;5;Tiere;2;1
1;5;Umwelt;2;2
1;6;Träume;3;3
1;6;Drogen;1;2
1;7;Einsamkeit;3;3
1;8;Sturm;2;2
1;8;Berge;2;2
1;8;Natur;2;2
1;8;Wald;2;2
1;10;Stadtpark;2;2
1;10;Gesellschaft;3;3
1;12;Menschen;2;3
1;12;Pop;2;2
1;13;Trockenheit;2;2
1;13;Saharah;2;2
1;17;Schiife;2;2
1;17;Schifffahrt;2;2
1;17;Balu;1;1
1;2;geistig;3;3
1;6;geheimnissvoll;3;3
1;6;freidlich;3;3
1;9;anziehend;3;3
1;11;verwirrend;3;3
1;12;deliziös;3;3
1;1;unrhig;3;3
1;1;flächig;3;2
1;1;polychrome-farbpalette;2;2
1;1;fantasie;3;3
1;1;unnatürlich;3;3
1;2;polychrome-farbpalette;2;1
1;2;acryl;2;2
1;2;idylle;3;3
1;2;schirm;2;2
1;2;gemalt;1;2
1;4;lichter;1;2
1;4;polychrom;2;2
1;4;polychrome-farbpalette;2;1
1;5;polychrome-farbpalette;2;1
1;5;unnaturalistisch;3;2
1;6;polychrom;2;2
1;7;flächig;2;2
1;7;unbunt;2;2
1;7;unnaturalistisch;2;2
1;8;unbunt;2;2
1;8;verkrampft;3;3
1;9;schirm;2;2
1;9;polychrom;2;2
1;9;polychrome-farbpalette;2;1
1;10;polychrome-farbpalette;2;1
1;10;eckig;2;2
1;10;kontrast;2;2
1;11;flächig;2;2
1;11;rot-blau;2;2
1;11;leer;2;2
1;12;polychrom;2;2
1;14;einfarbig;2;2
1;15;kalt-warm;3;2
1;15;idyllisch;3;3
1;16;root;1;1
1;17;polychrome-farbpalette;2;1
1;17;buntheit;2;2
1;17;gemalt;2;2
1;18;unbunt;2;2
1;18;gelb-grün;2;2
1;1;gelbe;2;2
1;1;Fläche;2;2
1;1;mehreren;1;1
1;1;roten;2;1
1;1;und;1;1
1;1;grünen;2;1
1;1;Rechtecken;2;2
1;1;man;1;1
1;1;bekommt;1;1
1;1;ein;1;1
1;1;ruihges;3;3
1;1;gefühl;3;1
1;2;Fantasy;3;3
1;5;d;1;1
1;6;Zeller;2;2
1;6;Sphären;2;2
1;6;vieleFarben;2;2
1;6;unsymmetrisch;2;2
1;6;esthetisch;2;2
1;6;ruihg;3;3
1;6;ungewöhnlich;3;3
1;6;magisch;3;3
1;7;draußenimgrünen;1;2
1;7;himmel;2;1
1;8;d;1;1
1;10;spooky;1;1
1;10;räumlich;2;2
1;10;langer;1;1
1;10;fantasy;1;1
1;10;zweisahmkeit;3;3
1;12;räumlich;2;1
1;13;leuchtend;2;2
1;13;interpretationswürdig;2;1
1;15;traumhaft;3;3
1;15;majestetisch;3;3
1;15;fantasievoll;3;3
1;15;kräftig;3;3
1;15;räumlich;3;2
1;15;meisterhaaft;3;2
1;15;h;1;1
1;15;hh;1;1
1;15;hhhh;1;1
1;15;hhhhh;1;1
1;15;hhhhhh;1;1
1;15;hhhhhhesd;1;1
1;15;sf;1;1
1;15;dasf;1;1
1;15;eswrrwg;1;1
1;15;ds;1;1
1;15;g<sd;1;1
1;15;gfe;1;1
1;15;fe;1;1
1;15;f<;1;1
1;15;def;1;1
1;15;wef;1;1
1;15;AS;1;1
1;15;f<a;1;1
1;15;EWFr;1;1
1;15;ERF;1;1
1;15;ASfe;1;1
1;15;rf;1;1
1;15;erfawr;1;1
1;15;egasdf;1;1
1;15;g;1;1
1;16;ruihg;3;3
1;16;traumhaft;3;3
1;16;Abendsonne;2;2
1;16;strand;1;2
1;16;Wollken;2;2
1;16;himmel;1;2
1;16;fantasy;3;1
1;16;esthetisch;2;3
1;16;magisch;3;3
1;16;gekonnt;2;2
1;16;räumlich;2;2
1;16;ungeordnet;2;2
1;16;freiheit;3;3
1;17;aufhohersee;2;1
1;17;faantasy;2;1
1;17;stille;2;3
1;17;räumlich;2;2
1;18;reflektion;2;2
1;18;matsch;2;2
1;18;erde;2;2
1;18;interpretation;2;2
1;1;#NAME?;3;3
1;1;#NAME?;3;3
1;2;#NAME?;3;3
1;2;#NAME?;3;3
1;1;Blätter;2;2
1;1;Schlecht;2;2
1;2;allein;3;3
1;5;krank;1;3
1;7;abgesondert;3;3
1;8;keine;1;1
1;8;ahnung;1;1
1;11;k;1;1
2;13;frei;3;3
1;14;versträut;3;3
1;17;freiVonSorgen;3;3
1;1;kasten;2;2
1;1;nett;2;2
1;2;straße;2;2
1;2;meschen;2;3
1;2;blätter;2;2
1;4;sommer;2;2
1;5;blau;2;2
1;6;einladend;2;3
1;7;leben;3;3
1;7;pflanzen;2;2
1;7;erde;2;2
1;8;striche;2;2
1;8;fensterscheibe;2;2
1;9;regenschrim;2;2
1;10;groß;2;2
1;12;punk;2;2
1;14;systhematisch;2;2
1;15;lampe;2;2
1;18;braum;2;2
1;18;blüten;2;2
1;1;erhellend;2;2
1;2;träumend;3;3
1;4;freude;3;3
1;4;behruigend;3;3
2;6;unwohl;3;3
1;6;ungleichgewicht;2;2
1;6;unendlich;2;2
1;6;niemalsendend;2;1
1;8;geborgend;3;3
1;8;gesellschaft;3;3
1;8;weltraum;1;2
1;12;vertäumt;3;3
1;12;kalt;3;3
1;13;unerholsam;3;3
1;13;unangenehm;3;3
1;14;dunkel;3;3
2;14;monoton;2;2
1;15;enstpannend;3;3
1;17;enstpannend;3;3
1;4;ungestört;3;3
1;4;ungezwungen;3;3
1;6;ekelig;3;3
1;6;unsauber;2;3
1;9;ungestört;3;3
1;9;bekannt;1;2
1;10;eng;2;2
1;10;ziellstrebig;3;3
1;10;ungewollt;3;3
1;10;gezwungen;3;3
1;11;weit;2;2
1;11;vertraut;3;3
1;12;angenehm;3;3
1;12;überraschend;3;3
1;13;vertraut;3;3
1;14;ungewohnt;3;3
1;15;wohlfühlend;3;3
1;15;ungestört;3;3
1;16;gezwiespalten;3;3
1;17;wohlfühlend;3;3
1;17;ungestört;3;3
1;1;Klimt;1;2
1;1;fantstisch;3;3
1;1;isolation;3;3
1;4;Unbedeutend;3;3
1;4;lehr;2;2
1;5;ReiseZuSichSelbst;1;1
1;5;BewusteIsolation;1;1
1;5;TreibenLassen;1;1
1;5;LosLassen;1;3
1;5;Trauer;3;3
1;6;Gemeinschaft;3;3
1;6;Individuell;2;2
1;6;Vielvälltigkeit;2;2
1;7;Melankolie;3;3
1;7;WeltIstInDemAugenblickOkay;1;1
1;7;Beschützt;3;3
1;7;Gemeinsam;3;3
1;8;aufblühen;3;3
1;8;neueKraftSchöpfen;1;1
1;8;zaghaft;3;3
1;8;liebevoll;3;3
1;8;gezeichnetVonSchmerz;1;1
1;10;NichtAlleine;2;2
1;10;ZusammenDurchSchwereZeiten;1;1
1;10;Schwer;2;3
1;10;Altern;2;2
1;11;Verwirrung;3;3
1;11;Unvollständig;3;2
1;11;Groß;2;2
1;12;Gefühle;2;2
1;12;Innenleben;2;2
1;12;Ausdruck;2;2
1;12;Leicht;2;3
1;13;IchVerlust;1;1
1;13;VerlorenImGroßenGanzen;1;1
1;13;Verschwinden;2;2
1;13;Loslassen;3;3
1;13;Aufgeben;3;3
1;14;Entdecken;3;3
1;14;Freude;3;3
1;14;Spaß;3;3
1;15;melankolischh;3;3
1;15;FluchtAusAlltag;1;1
1;16;PostApokalyptisch;1;1
1;16;NeuesLeben;1;2
1;17;RuheVorDemSturm;1;2
1;17;Unbehagen;3;3
1;17;Angst;3;3
1;17;Erwartung;3;3
1;18;verfallen;2;3
1;2;test;1;1
1;12;testtestdennis;1;1
1;1;Gold;2;2
1;1;frohlockend;3;3
1;4;sehnsucht;3;3
1;5;nass;2;2
1;6;krank;2;2
1;7;trösten;3;3
1;7;mitleid;3;3
1;7;entspannen;3;3
1;8;schmutzig;2;2
1;9;ästhetisch;2;2
1;11;fernweh;2;3
1;12;verschlafen;3;3
1;12;langweilig;3;3
1;13;fernweh;2;3
1;1;?;1;1
1;5;idyllisch;3;3
1;5;ungewiss;3;3
1;6;sortiert;2;2
1;6;abgegrenzt;3;3
1;7;leise;2;3
1;7;distanziert;2;3
1;9;weit;2;2
1;10;besinnlich;3;3
1;12;intensiv;2;3
1;12;bedacht;3;3
1;13;weitläufig;2;2
1;14;getrieben;3;2
1;14;gesellig;3;3
1;15;besinnlich;3;3
1;16;verbunden;3;3
1;17;innig;3;3
1;18;abschrekend;3;3
1;18;bedacht;3;3
