1;13;endlos;3;2
1;14;unsichtbar;3;2
1;15;freudig;3;3
1;15;positiv;3;3
1;15;aufgeregt;3;3
1;17;erschöpft;3;3
1;18;nachdenklich;3;3
1;18;eingeengt;3;3
1;1;schlummernd;3;3
1;1;strahlend;3;3
1;2;traumhaft;3;3
1;2;erleichternd;3;3
1;4;urlaubsreif;3;2
1;4;träumerisch;3;3
2;4;froh;3;3
1;6;geborgen;3;3
1;6;sicher;3;3
1;7;frühlingshaft;3;3
1;7;kraftschöpfend;3;3
1;7;unendlichkeit;3;2
1;8;gefährlich;3;3
1;8;mulmig;3;3
1;8;tobend;3;3
3;9;fröhlich;3;3
1;9;wohlriechend;2;2
1;9;angenehem;3;3
1;9;erfüllend;3;3
1;9;positiv;3;3
1;10;ungesehen;3;2
1;10;weit;2;2
1;10;gemeinsam-einsam;3;3
1;11;erleichternd;3;3
1;11;frohsinn;3;3
1;11;freundschaftlich;3;3
1;11;heimat;3;2
1;12;bezaubernd;3;3
1;12;sorgenfrei;3;3
1;12;persönlich;2;2
1;12;kühl;3;3
1;14;weit;2;2
1;14;gedangenlos;3;3
1;14;sorgenlos;3;3
1;15;befreiend;3;3
1;16;gedankenfrei;3;3
2;16;frei;3;3
1;16;loslassen;3;3
1;16;treibend;3;3
1;16;fließend;3;3
1;17;genießerisch;3;3
1;17;haltlos;3;3
1;18;spiegelnd;2;2
1;18;kühl;3;3
1;18;einschlafend;3;3
1;10;romanisch;3;3
3;10;beruhigend;3;3
1;12;erotisch;3;3
1;12;romantisch;3;3
1;14;creepy;3;1
1;15;enspannend;3;3
1;16;neuanfang;2;3
1;16;freude;3;3
1;1;Impressionismus;2;3
2;1;Quadrate;2;2
1;1;Weihnachtlich;3;3
1;4;Küste;2;2
1;4;Anleger;2;2
2;4;Strand;2;2
1;4;Südseestrand;2;2
1;4;gezeichnet;2;2
1;4;Abendrot;2;2
1;4;Abendsonne;2;2
1;5;Ruderboot;2;2
1;5;Impressionismus;2;3
2;6;Steine;2;2
1;6;Unterwasseransicht;2;2
1;6;modern;2;3
1;7;Zuneigung;3;3
1;7;Intimität;3;3
1;7;Gefallen;3;2
1;7;Annäherung;3;3
1;7;Gemeinschaft;3;3
1;8;künstlerisch;3;3
1;8;silber;2;2
1;8;Fäden;2;2
1;8;Weihnachten;2;2
1;8;Kälte;3;3
3;9;Stadt;2;2
2;9;Stadtpark;2;2
1;9;Liebespärchen;2;3
1;9;Schauer;2;3
1;9;Regenschauer;2;2
1;9;Nachhause;2;2
2;11;Küstenstadt;2;2
1;11;himmellos;2;2
1;11;Italien;2;2
1;11;Griechenland;2;2
1;11;Ägäis;2;2
1;12;Fisch;2;2
1;12;Ölgemälde;2;2
1;12;demütigt;3;3
1;12;verzaubert;3;3
1;13;Geist;2;2
1;13;brauntöne;2;2
1;14;silber;2;2
1;14;nichtssagend;3;2
1;15;Abendstimmung;3;3
1;15;Spätherbst;2;2
2;15;Spazieren;2;2
1;16;bodenliegend;2;2
1;16;kommunistisch;2;1
1;16;grau;2;1
1;16;träumerisch;3;3
2;17;Abendsonne;2;2
1;17;Zufriedenheit;3;3
1;17;Mut;3;3
1;17;Schiffsstraße;2;2
1;18;Sumpflandschaft;2;2
1;18;Karklandschaft;2;2
1;18;geheimnisumwittert;3;3
1;1;anmutig;2;3
1;2;ehrlich;3;3
1;2;bezaubernd;3;3
1;2;anziehend;3;3
1;2;fesselnd;3;3
1;2;imponierend;3;3
1;2;magisch;3;3
1;1;wohlbefinden;3;3
1;7;Entspanntheit;3;3
1;9;Gemütlichkeit;3;3
1;9;Entspanntheit;3;3
1;10;Spaß;3;3
1;11;ruhe;3;3
1;11;gelassenheit;3;3
1;12;Neugierde;3;3
1;13;reise;2;2
1;13;abenteuer;2;3
1;17;losgelöst;3;3
1;17;unabhängig;3;3
1;1;keine;2;1
1;1;Honig;2;2
1;1;Parkplatz;1;2
5;1;Baum;2;2
1;1;OldLadyinGold;1;1
1;1;Goldfisch;1;2
1;2;Frieden;3;3
1;2;LeightJazzb;1;1
1;2;wind;2;2
1;2;Nostalgie;3;3
1;4;Ende;2;2
1;4;einer;1;1
1;4;guten;2;1
1;4;Geschichte;1;1
1;5;Kindheit;2;3
1;5;ferien;2;2
1;6;Biounterricht;2;2
1;6;australien;2;2
1;6;exotischeFrüchte;2;2
1;6;OmasKleid;1;1
1;7;ifUtryUrBestButUdntSucceed;1;1
1;8;wunderKerzen;1;2
1;9;SherlockHolmes;1;1
1;10;stalker;1;1
1;11;dontLikeIt;1;1
1;12;ghostInaShell;1;1
1;13;StrongholdCrusader;1;1
1;13;Müdigkeit;3;3
1;13;arabischeNacht;1;2
1;13;Alladin;1;2
1;14;starkerRegenImAuto;1;1
1;14;LostInTranslation;1;1
1;15;Bulgakow;1;2
1;15;MasterUndMargaritha;1;1
1;16;samuraiJack;1;1
1;16;anime;1;2
1;17;Feierabend;2;2
1;17;Möwen;1;2
1;17;wellenrausch;2;2
1;18;dreckigesGeschir;1;1
1;16;sommer;2;2
1;16;entspannung;3;3
1;16;relax;3;1
1;1;besinnlich;3;3
1;1;gemeinschaftlich;3;3
1;2;offen;3;3
1;4;malerisch;2;2
1;5;erholsam;3;3
1;5;entspannend;3;3
1;6;ausfüllend;3;3
1;6;blumig;2;2
1;7;organisiert;2;2
1;8;weihnachtlich;3;3
1;8;verschneit;2;2
1;8;vorfreude;3;3
1;8;herzlich;3;3
3;9;zusammen;3;3
1;9;aufbruch;2;3
1;10;umschlossen;3;3
1;10;bewegt;3;3
2;10;zusammen;3;3
1;11;gemeinschaftlich;3;3
1;11;bewegt;3;3
1;11;ungewiss;3;3
1;12;natur;2;2
1;12;fauna;2;2
1;12;offen;3;3
3;13;hell;3;3
1;14;angst;3;3
1;15;bewegt;3;3
1;16;karg;2;3
1;16;reduziert;2;2
2;17;weit;2;2
1;18;verwurzelt;2;2
1;18;reflektiert;3;3
1;18;bodenständig;3;3
1;1;Konstrast;2;2
1;8;verfall;2;3
1;8;mystisch;3;3
1;17;malerisch;3;2
1;1;gehäuft;2;2
1;4;aufgeregt;3;3
1;5;mystisch;3;3
1;7;komisch;3;3
1;7;unangenehm;3;3
1;8;verkommen;2;2
1;8;träumend;3;3
1;12;neutral;2;2
1;12;interessenlos;3;3
1;13;minimalistisch;2;2
1;14;unvollkommen;2;2
1;16;mystisch;3;3
1;17;enstpannt;3;3
1;18;interessant;3;3
1;18;hingezogen;2;3
1;1;naturalistisch;2;2
1;1;schlicht;2;2
1;2;enetspannt;3;3
2;4;elegant;3;2
1;4;nett;2;2
1;5;unfrei;3;3
1;6;aufällig;2;2
1;6;friedlich;3;3
1;6;angegriffen;2;3
1;7;alleine;3;3
1;8;versteckt;2;3
1;8;verborgen;2;3
1;8;geheimnisvoll;3;3
1;9;warmherzig;3;3
1;9;behutsam;3;3
1;9;beisammen;3;2
1;9;befreiend;3;3
1;9;elegant;3;2
1;9;freudestrahlend;3;3
1;10;beisammen;3;2
1;10;alleine;3;3
1;10;warmherzig;3;3
1;11;behutsam;3;3
1;12;ausgeglichen;3;3
1;12;trist;3;3
1;12;lebhaft;3;3
1;12;verzwickt;3;3
1;14;alleine;3;3
1;15;lebensfroh;3;3
1;16;einzelnd;3;2
1;17;behutsam;3;3
1;17;gedankenfrei;3;3
1;17;gedankenlos;3;3
1;17;lebensfroh;3;3
2;18;unruhig;3;3
1;18;zerstreut;3;3
1;1;kantig;2;2
1;2;ölfarbig;2;2
1;4;magnifique;2;1
1;4;Liebe;3;3
1;4;wohlfühlen;3;3
1;5;nachts;2;2
1;6;kreisig;2;2
1;6;mehrfarbig;2;2
1;6;begabt;3;1
1;8;triste;3;3
1;9;Abendspaziergang;2;2
1;9;Beziehung;2;2
1;10;Dunkelheit;2;3
1;11;hübsch;2;2
1;11;bläulich;2;2
1;13;Farbton;2;1
2;14;weiss;2;2
1;14;unerkennbar;2;2
4;15;Laterne;2;2
1;16;Sonne;1;1
1;17;wunderbar;2;3
2;17;Liebe;3;3
3;18;Baum;2;2
1;18;triste;3;3
1;1;Verwirrung;3;3
1;2;glückselig;3;3
1;5;erfrischend;3;3
1;6;lebensfroh;3;3
1;7;konstant;2;2
2;8;komisch;3;3
1;8;sureal;2;3
1;9;Unendlichkeit;2;2
1;10;bedrückt;3;3
1;10;furchteinflößend;3;3
1;10;real;3;2
1;11;konstanz;2;2
1;11;ideenlos;2;3
1;11;unendlich;2;2
1;12;undefinierbar;2;2
1;13;Unendlichkeit;2;2
1;13;leblos;3;3
1;14;überfordernd;3;3
1;14;langweilich;3;3
1;15;unbehagen;3;3
1;15;gruselig;3;3
1;16;wärme;3;3
2;18;langweilig;3;3
1;18;leblos;3;3
1;2;hell;3;3
1;2;interessant;3;3
1;4;abends;2;2
1;6;merkwürdig;2;3
1;6;rätselhaft;2;3
1;7;merkwürdig;2;3
1;8;ahnungslos;3;3
1;8;gedankenlos;3;3
1;9;voll;1;2
1;9;faszinierend;3;3
1;10;farbig;2;2
1;10;interessant;3;3
2;10;komisch;3;3
1;11;beunruhigend;3;3
2;13;langweilig;3;3
1;13;uninteressant;3;3
1;15;zusammen;2;3
4;16;interessant;3;3
1;17;abends;2;2
1;17;beruhiged;3;3
1;18;mysteriös;3;3
1;18;geheimnisvoll;3;3
1;1;Blau;1;1
2;2;Laterne;2;2
1;7;Mensch;2;3
1;8;Kleckse;2;2
1;8;Rosa;2;1
1;8;ka;1;1
1;10;Laterne;2;1
1;11;Dunkelblau;2;2
1;11;Hellblau;2;2
1;11;Farbabstufung;2;2
1;11;Rotesrot;2;1
1;11;Farbe;2;1
1;11;Hamburg;1;2
1;11;Fischer;1;2
1;13;Savanne;2;2
1;14;blau;2;1
1;14;grün;1;1
1;15;Farbtupfung;2;2
2;15;Blau;2;2
2;15;rot;2;1
1;15;warmepunkte;2;1
2;15;wetter;1;2
1;17;Boote;2;2
1;17;Sonnenaufgang;2;2
1;17;untergang;2;3
1;17;Fischen;2;2
1;17;Nacht;2;2
1;17;kaltesmeer;2;2
1;17;hafen;2;2
1;17;distanz;2;2
1;17;Farbe;2;2
1;17;warmeslicht;2;3
1;17;platz;2;2
1;17;1;1;1
1;18;Rot;2;1
3;18;Gelb;2;2
1;18;spiegellung;2;2
1;18;sonnig;2;2
1;18;Sonne;2;1
1;18;heiß;2;2
1;1;Mysterious;3;3
1;1;bewegt;3;3
1;2;bewegt;3;3
1;2;vertröumt;3;3
1;5;sonnig;2;2
4;5;fröhlich;3;3
1;5;andi;1;1
1;5;tarnend;2;2
1;7;doomsday;1;1
1;7;klassich;2;2
1;7;1;1;1
2;7;2;1;1
1;7;3;1;1
1;7;4;1;1
1;8;interessant;3;3
1;11;hausig;2;1
1;11;rattig;1;1
1;11;fest;2;1
1;12;poggers;1;1
1;12;faszinierend;3;3
2;12;wild;2;3
1;12;rattig;1;1
1;12;frei;3;3
1;13;enttäuschend;3;3
1;13;traurig;3;3
1;15;herzerwärmend;3;3
1;15;kaum-bewegung;1;2
1;15;getupft;2;2
1;16;naturell;2;2
1;16;befridigend;3;3
1;16;kaufbar;2;2
1;16;bahmherzig;3;3
1;17;faszinierend;3;3
1;18;Kugel;2;2
1;18;fest;2;2
1;18;farbig;2;2
1;1;Tropen;2;2
1;1;steine;2;2
1;1;Kunstunterricht;1;2
1;2;trauer;3;3
1;4;geborgenheit;3;3
1;5;grusel;3;3
1;9;trauer;3;3
1;12;liebe;3;3
1;12;verwirrung;3;3
1;12;horror;3;3
1;14;tauer;3;3
1;14;verwirrung;3;3
1;15;trauer;3;3
1;15;nightlife;1;1
1;1;Gemälde;2;2
1;1;Heilig;2;3
1;1;Tag;2;2
1;1;Vierecke;2;2
1;1;Farbe;2;2
1;1;Nadelbaum;2;2
1;2;Lichtquellen;2;2
1;4;sonnen;2;2
1;4;untergang;2;3
1;5;grusellig;3;3
1;5;unentspannt;3;3
1;6;bio;2;2
1;8;gesehen;1;1
1;8;zu;1;1
1;8;langsam;2;3
1;9;date;1;1
2;10;angst;3;3
1;11;hausreihe;2;2
1;11;monoton;2;2
1;12;asiatin;1;2
1;12;zubunt;1;1
1;14;seltsam;3;3
1;14;unwohlsein;3;3
1;14;kunst?;2;1
1;14;gemälde;2;2
1;14;uncool;1;1
1;14;hesslig;1;2
1;14;nicht;1;1
1;15;paar;2;1
1;15;date;2;1
1;15;wohnzimmerbild;1;2
1;15;ichwürde;1;1
1;15;gute;1;1
1;16;Bild;2;1
1;16;Gemälde;2;2
1;16;Kunst;2;2
1;16;Strauß;2;2
1;16;Tisch;1;1
1;16;verschwommen;1;1
1;16;malerei;2;2
1;17;sehr;1;1
1;17;sehrnice;1;1
1;17;nice;1;1
1;17;sehrcool;1;1
1;18;kugeln;2;2
1;18;wandmalereien;2;2
2;1;Entspannt;3;3
1;2;frühlich;3;3
1;5;Bund;1;2
1;6;Bund;1;2
1;6;poggers;1;1
1;6;rattig;1;1
1;7;dominat;2;3
1;7;süß;2;3
1;8;sad;3;1
1;9;süß;2;3
1;10;eseswe;1;1
1;10;fwwfeew;1;1
1;11;fazinierend;3;3
1;11;herzerwärment;3;3
1;14;wühlmaus;1;1
1;14;Knopfaugen;1;1
1;14;lange;1;1
1;14;Nase;1;1
1;14;wer;1;1
1;14;könnte;1;1
1;14;das;1;1
1;14;sein;1;1
1;14;man;1;1
1;14;keine;1;1
1;14;Frage;1;1
1;14;es;1;1
1;14;ist;1;1
1;14;marcel;1;1
1;14;Scorpion;1;1
1;14;Prostitution;1;1
1;14;bist;1;1
1;14;du;1;1
1;14;Pinokio;1;1
1;14;doch;1;1
1;14;oft;1;1
1;14;gewohnt;1;1
1;15;beunruhigend;1;3
1;1;seltsam;3;3
1;2;vertraulich;3;3
1;4;sonnenuntergangsstimmung;3;3
1;5;naturbezogen;3;3
2;7;freiheit;3;3
1;9;traumhauft;3;3
2;11;unkreativ;3;3
1;14;frisch;3;3
1;18;ungeil;1;1
1;1;unglücklich;3;3
1;1;getrennt;3;2
1;2;romntisch;3;3
1;2;harmonie;3;3
1;2;schwerelos;3;3
1;4;urlaubsgefühl;3;3
1;5;chaotisch;3;3
1;6;bedröhnend;3;3
1;6;elementar;2;2
1;7;harmonisch;3;3
1;7;beglückend;3;3
1;7;befriedigend;3;3
1;7;vereint;3;3
1;8;unorientiert;3;3
1;8;verlaufen;2;3
1;8;ungleichgewicht;2;2
1;8;seltsam;3;3
1;11;harmonsich;3;3
1;11;trauer;3;3
1;11;beglückend;3;3
1;12;elementart;3;2
1;13;beruhigend;3;3
1;14;einfältig;3;3
1;14;stimmungslos;3;3
1;14;unkreativ;2;3
2;14;unorientiert;3;3
1;15;harmonich;3;3
1;16;spriesen;2;2
1;16;entfalten;2;2
1;16;zyklisch;2;2
1;1;#NAME?;3;3
1;1;#NAME?;3;3
1;1;weltklasse;1;2
1;1;regnerisch;2;2
1;1;großeFarbpallete;2;1
1;2;Newyork;1;1
1;4;altsheimer;1;1
1;5;komisch;3;3
1;6;kiwi;2;2
1;6;würdichnetkafe;1;1
1;6;hässlich;1;2
1;8;hässlich;2;2
1;8;krusilig;3;3
1;9;gdfsa;1;1
1;9;gfds;1;1
1;9;d;1;1
1;9;f;1;1
1;9;dgfs;1;1
1;9;dfg;1;1
1;9;dfsg;1;1
1;9;dfs;1;1
1;9;g;1;1
1;9;dfsgsfd;1;1
1;9;gd;1;1
1;9;fs;1;1
1;9;gdfs;1;1
1;9;gdfsd;1;1
1;9;gf;1;1
1;9;df;1;1
1;9;gdfsdgfs;1;1
1;9;rgwerw;1;1
1;9;t;1;1
1;9;we;1;1
1;9;tq;1;1
1;9;rwqt;1;1
1;9;rqew;1;1
1;9;rw;1;1
1;9;qt;1;1
1;9;erq;1;1
1;9;tqrwtewq;1;1
1;9;rwrwqt;1;1
1;9;rew;1;1
1;9;ewr;1;1
1;9;trqe;1;1
1;9;qr;1;1
1;9;rt;1;1
1;9;tew;1;1
1;9;ewrtew;1;1
1;9;ew;1;1
1;9;fdqs;1;1
1;9;asgasd;1;1
1;9;qewt;1;1
1;9;r;1;1
1;9;ewrrqew;1;1
1;9;rqw;1;1
1;10;geil;1;2
1;11;Kind?;1;1
1;11;weisichnicht;1;1
1;11;muss;1;1
1;11;nicht;1;1
1;12;hentai;1;1
1;14;scount69;1;1
1;15;cool;1;1
1;15;würd;1;1
1;15;ichkafe;1;1
1;15;geil;1;1
1;17;shiff;1;2
1;18;penis;1;1
1;18;super;1;1
1;18;winter;1;1
1;18;aufgabe;1;1
1;18;Mathis;1;1
1;18;Ben;1;1
1;18;lars;1;1
1;18;Ki;1;1
1;18;lol;1;1
1;18;lololo;1;1
1;18;lolol;1;1
1;18;lololl;1;1
1;18;ololo;1;1
1;18;o;1;1
1;18;l;1;1
1;18;ol;1;1
1;18;oll;1;1
1;18;olo;1;1
1;18;lo;1;1
1;18;lolololo;1;1
1;18;lolo;1;1
1;18;lololol;1;1
1;18;olol;1;1
1;18;olologfk;1;1
1;18;f;1;1
1;18;gfas;1;1
1;18;ds;1;1
1;18;dgfas;1;1
1;18;gfsh;1;1
1;18;dgfs;1;1
1;18;h;1;1
1;18;dgfshgfs;1;1
1;18;hgfs;1;1
1;18;hd;1;1
1;18;gs;1;1
1;18;hgfsgfs;1;1
1;18;hdgfs;1;1
1;18;hgsf;1;1
1;18;hdsgf;1;1
1;18;hfdd;1;1
1;18;hdfa;1;1
1;18;gsda;1;1
1;18;gfda;1;1
1;18;gfad;1;1
1;1;Karte;1;2
1;2;farbe;2;2
1;2;nachts;2;2
1;4;horizont;2;2
1;4;stadt;2;2
1;5;weg;2;2
1;6;seife;2;2
1;6;regenbogenfarben;1;2
1;6;zwiebel;2;2
1;6;baktetrien;2;2
1;8;geschockt;3;3
1;11;grün;1;1
1;11;haus;2;2
1;11;isolation;2;3
1;14;badezimmer;1;2
1;14;tisch;1;2
1;14;zahnpaste;1;2
1;15;orange;2;2
1;16;horizont;1;2
1;16;geheimness;2;3
1;18;blume;2;2
1;18;schokolade;2;2
1;1;geordentesdurcheinander;1;2
1;5;Romantik;3;3
1;6;schön;2;2
1;6;ruhig;3;3
1;7;gras;2;2
1;7;Beisammensein;2;3
1;7;Miteinander;2;3
2;10;gelb;2;1
1;10;bund;2;2
1;10;Nachmittag;2;2
1;10;dunkel;2;3
1;10;Regenschirm;2;2
1;11;abnehmend;2;2
1;11;verlaufend;2;2
2;14;nichts;1;2
1;14;Bild;2;1
1;14;Zettel;2;1
1;15;Romantik;2;3
1;15;beisammensein;3;3
1;15;Mond;2;2
1;18;Farben;2;1
1;18;Dinge;2;1
1;18;Ständer;2;1
1;18;oben;1;1
1;18;unten;1;1
1;18;umgedreht;2;2
1;5;vertraut;3;3
1;5;zufrieden;3;3
1;5;comfortable;1;1
1;8;soft;1;1
1;8;comfortable;1;1
1;15;genießen;3;3
1;17;genießen;3;3
1;17;comfortable;1;1
1;1;Lichter;2;2
1;1;Stadtplan;1;2
1;1;Rapunzel;1;2
1;1;Laternenlichter;2;2
2;2;Lampe;2;2
1;2;Ehepaar;2;2
1;2;Beziehung;2;3
1;4;Ozean;2;2
1;5;Gras;2;2
1;5;schmutzig;2;2
1;5;Horny;3;1
1;8;Dreck;2;2
1;8;Schmutz;2;2
1;8;Glas;2;2
1;8;widerlich;2;3
1;11;Dämmerung;2;2
1;11;Straße;2;2
2;11;Nacht;2;2
1;11;Häuserblock;2;2
1;11;gleich;1;2
1;13;rau;1;3
1;15;Unwetter;2;2
1;17;Ozean;2;2
1;17;Dämerung;2;2
1;18;Schmutz;2;2
1;18;Dreck;2;2
1;18;Laubbäume;2;2
1;18;Jahreszeit;2;2
1;1;Verwirrtheit;2;3
1;1;Spaß;3;3
1;1;Kunterbunt;2;2
1;2;laufen;2;2
1;2;Alle;2;2
1;2;Baum;2;2
1;2;Personen;2;2
1;7;Mann;2;2
1;7;Frau;2;2
1;7;Blatt;2;2
1;7;orange;2;1
1;7;gelb;2;1
1;7;rot;2;1
1;9;Baum;2;2
1;9;Blatt;2;2
1;9;Schnee;2;1
1;9;rot;2;1
1;9;schwarz;2;1
1;9;gelb;2;1
1;9;orange;2;2
1;10;Baum;2;2
1;10;Blatt;2;2
1;10;Straße;2;2
1;10;liegen;1;1
1;10;fallen;2;2
1;10;grün;2;1
1;13;Sonnenaufgang;2;2
2;13;rot;2;2
2;13;gelb;2;1
1;13;blau;2;1
1;13;Farbe;2;1
1;18;Stamm;2;2
1;18;5;1;1
1;5;trüb;3;3
1;5;hoffnung;3;3
1;7;depressiv;3;3
1;10;angsteinflössend;3;3
1;12;müde;3;3
1;17;unendliche;3;2
1;7;gestört;3;3
1;13;postiv;3;3
1;1;geometrisch;2;2
1;2;güklich;3;3
1;7;vereinfacht;3;3
1;9;güklich;3;3
1;11;überschwämmung;2;2
1;11;vereinfacht;2;2
1;5;surreal;2;3
1;5;slenderman;1;1
1;6;trippy;1;1
1;6;druggy;1;1
1;7;figuren;2;2
1;8;verstrahlt;2;2
1;10;hohe;1;1
1;11;kalt-warm;3;2
1;12;japaner;2;2
1;13;heiss;3;2
1;14;krankenhaus;1;2
1;16;wandtattoo;1;2
1;16;klischee;1;2
1;17;frieden;3;3
1;17;deko;2;2
1;17;farbenspiel;2;2
1;1;sonnenuntergang;2;2
1;1;abend;2;2
1;1;kerzen;2;2
1;1;Warmes;3;3
1;1;dunkeler;2;3
1;1;hintergrund;2;2
1;4;glückselig;3;3
1;7;geordnet;3;3
1;11;sturm;2;2
1;14;beunruhigend;3;3
1;17;a;1;1
1;1;Himmel;2;2
1;2;Himmel;2;2
1;5;Tiere;2;1
1;5;Umwelt;2;2
1;6;Träume;3;3
1;6;Drogen;1;2
1;7;Einsamkeit;3;3
1;8;Sturm;2;2
1;8;Berge;2;2
1;8;Natur;2;2
1;8;Wald;2;2
1;10;Stadtpark;2;2
1;10;Gesellschaft;3;3
1;12;Menschen;2;3
1;12;Pop;2;2
1;13;Trockenheit;2;2
1;13;Saharah;2;2
1;17;Schiife;2;2
1;17;Schifffahrt;2;2
1;17;Balu;1;1
1;2;geistig;3;3
1;6;geheimnissvoll;3;3
1;6;freidlich;3;3
1;9;anziehend;3;3
1;11;verwirrend;3;3
1;12;deliziös;3;3
1;1;unrhig;3;3
1;1;flächig;3;2
1;1;polychrome-farbpalette;2;2
1;1;fantasie;3;3
1;1;unnatürlich;3;3
1;2;polychrome-farbpalette;2;1
1;2;acryl;2;2
1;2;idylle;3;3
1;2;schirm;2;2
1;2;gemalt;1;2
1;4;lichter;1;2
1;4;polychrom;2;2
1;4;polychrome-farbpalette;2;1
1;5;polychrome-farbpalette;2;1
1;5;unnaturalistisch;3;2
1;6;polychrom;2;2
1;7;flächig;2;2
1;7;unbunt;2;2
1;7;unnaturalistisch;2;2
1;8;unbunt;2;2
1;8;verkrampft;3;3
1;9;schirm;2;2
1;9;polychrom;2;2
1;9;polychrome-farbpalette;2;1
1;10;polychrome-farbpalette;2;1
1;10;eckig;2;2
1;10;kontrast;2;2
1;11;flächig;2;2
1;11;rot-blau;2;2
1;11;leer;2;2
1;12;polychrom;2;2
1;14;einfarbig;2;2
1;15;kalt-warm;3;2
1;15;idyllisch;3;3
1;16;root;1;1
1;17;polychrome-farbpalette;2;1
1;17;buntheit;2;2
1;17;gemalt;2;2
1;18;unbunt;2;2
1;18;gelb-grün;2;2
1;1;gelbe;2;2
1;1;Fläche;2;2
1;1;mehreren;1;1
1;1;roten;2;1
1;1;und;1;1
1;1;grünen;2;1
1;1;Rechtecken;2;2
1;1;man;1;1
1;1;bekommt;1;1
1;1;ein;1;1
1;1;ruihges;3;3
1;1;gefühl;3;1
1;2;Fantasy;3;3
1;5;d;1;1
1;6;Zeller;2;2
1;6;Sphären;2;2
1;6;vieleFarben;2;2
1;6;unsymmetrisch;2;2
1;6;esthetisch;2;2
1;6;ruihg;3;3
1;6;ungewöhnlich;3;3
1;6;magisch;3;3
1;7;draußenimgrünen;1;2
1;7;himmel;2;1
1;8;d;1;1
1;10;spooky;1;1
1;10;räumlich;2;2
1;10;langer;1;1
1;10;fantasy;1;1
1;10;zweisahmkeit;3;3
1;12;räumlich;2;1
1;13;leuchtend;2;2
1;13;interpretationswürdig;2;1
1;15;traumhaft;3;3
1;15;majestetisch;3;3
1;15;fantasievoll;3;3
1;15;kräftig;3;3
1;15;räumlich;3;2
1;15;meisterhaaft;3;2
1;15;h;1;1
1;15;hh;1;1
1;15;hhhh;1;1
1;15;hhhhh;1;1
1;15;hhhhhh;1;1
1;15;hhhhhhesd;1;1
1;15;sf;1;1
1;15;dasf;1;1
1;15;eswrrwg;1;1
1;15;ds;1;1
1;15;g<sd;1;1
1;15;gfe;1;1
1;15;fe;1;1
1;15;f<;1;1
1;15;def;1;1
1;15;wef;1;1
1;15;AS;1;1
1;15;f<a;1;1
1;15;EWFr;1;1
1;15;ERF;1;1
1;15;ASfe;1;1
1;15;rf;1;1
1;15;erfawr;1;1
1;15;egasdf;1;1
1;15;g;1;1
1;16;ruihg;3;3
1;16;traumhaft;3;3
1;16;Abendsonne;2;2
1;16;strand;1;2
1;16;Wollken;2;2
1;16;himmel;1;2
1;16;fantasy;3;1
1;16;esthetisch;2;3
1;16;magisch;3;3
1;16;gekonnt;2;2
1;16;räumlich;2;2
1;16;ungeordnet;2;2
1;16;freiheit;3;3
1;17;aufhohersee;2;1
1;17;faantasy;2;1
1;17;stille;2;3
1;17;räumlich;2;2
1;18;reflektion;2;2
1;18;matsch;2;2
1;18;erde;2;2
1;18;interpretation;2;2
1;1;#NAME?;3;3
1;1;#NAME?;3;3
1;2;#NAME?;3;3
1;2;#NAME?;3;3
1;1;Blätter;2;2
1;1;Schlecht;2;2
1;2;allein;3;3
1;5;krank;1;3
1;7;abgesondert;3;3
1;8;keine;1;1
1;8;ahnung;1;1
1;11;k;1;1
2;13;frei;3;3
1;14;versträut;3;3
1;17;freiVonSorgen;3;3
1;1;kasten;2;2
1;1;nett;2;2
1;2;straße;2;2
1;2;meschen;2;3
1;2;blätter;2;2
1;4;sommer;2;2
1;5;blau;2;2
1;6;einladend;2;3
1;7;leben;3;3
1;7;pflanzen;2;2
1;7;erde;2;2
1;8;striche;2;2
1;8;fensterscheibe;2;2
1;9;regenschrim;2;2
1;10;groß;2;2
1;12;punk;2;2
1;14;systhematisch;2;2
1;15;lampe;2;2
1;18;braum;2;2
1;18;blüten;2;2
1;1;erhellend;2;2
1;2;träumend;3;3
1;4;freude;3;3
1;4;behruigend;3;3
2;6;unwohl;3;3
1;6;ungleichgewicht;2;2
1;6;unendlich;2;2
1;6;niemalsendend;2;1
1;8;geborgend;3;3
1;8;gesellschaft;3;3
1;8;weltraum;1;2
1;12;vertäumt;3;3
1;12;kalt;3;3
1;13;unerholsam;3;3
1;13;unangenehm;3;3
1;14;dunkel;3;3
2;14;monoton;2;2
1;15;enstpannend;3;3
1;17;enstpannend;3;3
1;4;ungestört;3;3
1;4;ungezwungen;3;3
1;6;ekelig;3;3
1;6;unsauber;2;3
1;9;ungestört;3;3
1;9;bekannt;1;2
1;10;eng;2;2
1;10;ziellstrebig;3;3
1;10;ungewollt;3;3
1;10;gezwungen;3;3
1;11;weit;2;2
1;11;vertraut;3;3
1;12;angenehm;3;3
1;12;überraschend;3;3
1;13;vertraut;3;3
1;14;ungewohnt;3;3
1;15;wohlfühlend;3;3
1;15;ungestört;3;3
1;16;gezwiespalten;3;3
1;17;wohlfühlend;3;3
1;17;ungestört;3;3
1;1;Klimt;1;2
1;1;fantstisch;3;3
1;1;isolation;3;3
1;4;Unbedeutend;3;3
1;4;lehr;2;2
1;5;ReiseZuSichSelbst;1;1
1;5;BewusteIsolation;1;1
1;5;TreibenLassen;1;1
1;5;LosLassen;1;3
1;5;Trauer;3;3
1;6;Gemeinschaft;3;3
1;6;Individuell;2;2
1;6;Vielvälltigkeit;2;2
1;7;Melankolie;3;3
1;7;WeltIstInDemAugenblickOkay;1;1
1;7;Beschützt;3;3
1;7;Gemeinsam;3;3
1;8;aufblühen;3;3
1;8;neueKraftSchöpfen;1;1
1;8;zaghaft;3;3
1;8;liebevoll;3;3
1;8;gezeichnetVonSchmerz;1;1
1;10;NichtAlleine;2;2
1;10;ZusammenDurchSchwereZeiten;1;1
1;10;Schwer;2;3
1;10;Altern;2;2
1;11;Verwirrung;3;3
1;11;Unvollständig;3;2
1;11;Groß;2;2
1;12;Gefühle;2;2
1;12;Innenleben;2;2
1;12;Ausdruck;2;2
1;12;Leicht;2;3
1;13;IchVerlust;1;1
1;13;VerlorenImGroßenGanzen;1;1
1;13;Verschwinden;2;2
1;13;Loslassen;3;3
1;13;Aufgeben;3;3
1;14;Entdecken;3;3
1;14;Freude;3;3
1;14;Spaß;3;3
1;15;melankolischh;3;3
1;15;FluchtAusAlltag;1;1
1;16;PostApokalyptisch;1;1
1;16;NeuesLeben;1;2
1;17;RuheVorDemSturm;1;2
1;17;Unbehagen;3;3
1;17;Angst;3;3
1;17;Erwartung;3;3
1;18;verfallen;2;3
1;2;test;1;1
1;12;testtestdennis;1;1
1;1;Gold;2;2
1;1;frohlockend;3;3
1;4;sehnsucht;3;3
1;5;nass;2;2
1;6;krank;2;2
1;7;trösten;3;3
1;7;mitleid;3;3
1;7;entspannen;3;3
1;8;schmutzig;2;2
1;9;ästhetisch;2;2
1;11;fernweh;2;3
1;12;verschlafen;3;3
1;12;langweilig;3;3
1;13;fernweh;2;3
1;1;?;1;1
1;5;idyllisch;3;3
1;5;ungewiss;3;3
1;6;sortiert;2;2
1;6;abgegrenzt;3;3
1;7;leise;2;3
1;7;distanziert;2;3
1;9;weit;2;2
1;10;besinnlich;3;3
1;12;intensiv;2;3
1;12;bedacht;3;3
1;13;weitläufig;2;2
1;14;getrieben;3;2
1;14;gesellig;3;3
1;15;besinnlich;3;3
1;16;verbunden;3;3
1;17;innig;3;3
1;18;abschrekend;3;3
1;18;bedacht;3;3
