2;1;nächtlich
17;1;hell
2;1;mystisch
1;2;melanchonisch
3;2;verregnet
1;2;trauernd
1;2;zurückgezogen
1;4;beendet
7;4;idyllisch
2;4;weit
1;4;einladend
1;4;ländlich
1;5;naturbelassen
3;5;herbstlich
1;5;tröstlich
1;5;eng
1;6;fruchtig
1;6;reich
1;6;tropisch
1;6;wertvoll
1;7;naturbelassen
2;7;idyllisch
6;7;warm
1;7;genügsam
2;7;isoliert
8;7;zweisamkeit
1;8;verregnet
3;8;magisch
1;8;verloren
2;8;vergessen
1;8;unsehnlich
6;9;zweisamkeit
8;9;regnerisch
3;9;natürlich
5;9;idyllisch
2;9;gemeinsam
4;10;zweisamkeit
21;10;herbstlich
1;10;naturbelassen
1;10;verloren
1;10;suchend
1;11;schneebedeckt
2;11;idyllisch
1;11;vergessen
16;11;ruhig
4;11;allein
2;11;einsamkeit
2;12;orientalisch
3;12;traditionell
1;12;melanchonisch
5;12;nachdenklich
6;12;einsam
2;12;traumhaft
2;13;kahl
1;13;ziellos
8;13;verloren
1;13;verfehlt
6;14;modern
3;14;futuristisch
12;14;kühl
1;14;technologisch
1;14;abgeschottet
2;14;verloren
27;14;kalt
3;15;nächtlich
3;15;ruhe
1;15;bewegend
1;15;malerisch
1;15;sehnsucht
1;16;orientalisch
1;16;nächtlich
2;16;verlassen
1;16;isoliert
1;16;poetisch
2;17;idyllisch
17;17;warm
2;17;erfreut
1;17;wandelnd
1;17;poetisch
1;18;leuchtend
1;18;dämmernd
1;18;naturbelassen
3;18;friedlich
1;18;idyllisch
11;1;verlassen
18;1;ruhig
2;1;erleuchtet
21;2;bunt
3;2;stimmungsvoll
1;2;nächtlich
1;2;festlich
4;4;Steg
12;4;Hafen
22;4;Sonnenuntergang
19;4;romantisch
1;4;weitläufig
2;4;maritim
1;5;nichtssagend
1;5;naturnah
2;5;leer
2;5;Wandern
8;5;grün
22;6;bunt
10;6;Zellen
10;6;Kreise
1;6;unterschiedlich
9;6;unruhig
5;6;lebendig
3;7;sommerlich
1;7;naturnah
6;7;zweisam
2;7;Picknick
2;7;hell
5;8;unruhig
1;8;farblos
1;8;durcheinander
1;8;nichtssagend
20;9;herbstlich
29;9;romantisch
1;9;weitläufig
1;9;kreativ
1;9;erzählerisch
2;9;malerisch
1;10;weitläufig
23;10;romantisch
1;10;erzählerisch
1;10;bildhaft
1;10;malerisch
1;11;winterlich
2;11;weihnachtlich
1;11;isoliert
1;11;weitläufig
24;11;kalt
1;11;entfernt
1;12;menschlich
17;12;asiatisch
1;12;organisch
5;12;warm
1;12;natürlich
1;12;portraithaft
3;12;harmonisch
34;13;warm
3;13;harmonisch
2;13;einheitlich
1;13;wüstenartig
14;14;leer
1;14;weiträumig
12;14;weiß
1;14;detailarm
1;14;interpretativ
7;15;Spaziergang
2;15;erleuchtet
23;15;einsam
2;15;städtisch
18;15;kalt
1;16;stimmungsvoll
1;16;simplistisch
1;16;silhouettenhaft
14;16;warm
1;16;abendlich
1;16;organisch
17;17;Sonnenuntergang
1;17;weitläufig
7;17;Boot
7;17;Segeln
13;17;romantisch
1;17;aufbruchhaft
1;18;bräunlich
6;18;dreckig
1;18;fleckig
2;18;gespiegelt
1;18;verschmiert
5;18;unangenehm
1;1;beengt
20;1;düster
1;1;erdrückend
3;1;einsam
7;2;herbstlich
37;2;romantisch
4;2;träumerisch
13;2;regnerisch
8;2;gemütlich
8;4;friedlich
7;4;gelassen
34;4;ruhig
24;4;entspannt
4;4;nachdenklich
6;5;unruhig
2;5;bedrohlich
3;5;gefährlich
2;5;unwohl
1;6;gesellig
9;6;fröhlich
4;7;einsam
13;7;traurig
1;7;dankbar
4;7;friedlich
11;7;entspannt
1;8;nachdenklich
5;8;grau
4;8;trüb
9;9;verträumt
7;9;friedlich
22;9;ruhig
3;10;verträumt
26;10;ruhig
1;10;humorvoll
1;10;lächeln
6;11;bunt
2;11;beschwingt
1;12;unruhig
11;12;farbenfroh
26;12;bunt
1;12;durcheinander
1;12;musikalisch
15;13;ruhig
1;13;natürlich
5;13;allein
1;13;naturverbunden
3;13;nachdenklich
6;14;steril
4;14;verlassen
12;15;warm
6;15;abendlich
6;15;herbstlich
29;15;ruhig
10;15;regnerisch
4;15;nachdenklich
14;16;ruhig
2;16;friedlich
1;16;beschwingt
1;16;gelassen
1;16;naturbelassen
32;17;ruhig
5;17;gelassen
18;17;entspannt
8;17;verträumt
8;17;einsam
14;18;düster
1;18;bedrohlich
1;18;kontrolliert
1;18;ängstlich
1;1;ausgegelichen
1;1;gediegen
6;1;fröhlich
1;1;euphorisch
1;1;elektrisierend
1;1;spannend
2;1;aufgeregt
1;2;verletzend
10;2;traurig
1;2;Misanthrop
1;2;unglücklich
1;2;düster
1;2;geknickt
3;2;unwohl
2;2;hass
1;4;hoffnung
1;4;zuversicht
1;4;leben
1;4;glück
1;5;gediegen
1;5;verlässlich
2;5;beruhigend
1;5;dezent
1;5;achtbar
1;5;echt
1;5;leben
4;6;leben
1;6;zellteilung
1;6;entwicklung
3;7;tod
1;7;verlust
1;7;vermissen
2;8;angeschlagen
1;8;verwirrt
1;8;benutzt
1;8;unseriös
1;8;unbehaglich
1;8;angst
1;8;verschreckend
2;9;leben
1;9;friede
1;9;freude
8;10;traurig
14;10;düster
6;10;verlassen
1;10;schwach
1;10;zerstört
1;10;zaghaft
1;11;zuversicht
1;11;stabilität
1;12;handynummer?
12;12;traurig
1;12;verlassen
1;13;subtil
4;13;geheimnisvoll
1;13;larviert
1;13;hermetisch
1;13;undruchsichtig
2;13;unklar
1;14;berauschend
1;14;neugierig
1;14;spanned
1;15;hoffnung
1;15;chance
1;15;strebennachglück
1;15;aussicht
1;15;derwegistdasziel
1;16;euphorisierend
2;16;motivierend
1;17;sehnsucht
1;17;hoffnung
1;17;leben
2;18;neutral
1;18;objektiv
1;18;frei
1;18;gerecht
1;18;unbeeinflusst
1;18;sachlich
1;1;asd
1;1;test
1;1;ekel
2;1;unwohl
23;1;unruhig
7;2;melancholisch
23;2;verträumt
29;2;ruhig
26;2;glücklich
1;4;entspanned
20;4;schön
6;4;verträumt
1;4;verliebt
18;5;einsam
1;5;naturverbunden
1;6;neugierig
2;6;eklig
1;6;inspirierend
1;6;nachdenklich
7;7;liebevoll
1;7;anregend
1;7;scharm
4;8;weiß
1;8;ich
2;8;nicht
3;9;traurig
3;9;melancholisch
2;9;düster
2;9;einsam
10;11;einsam
2;11;unwohl
1;11;edüllisch
3;12;verrückt
1;12;gestört
30;13;einsam
2;13;verzweifelt
2;13;unwohl
1;15;entspanned
12;15;romantisch
3;15;melancholisch
1;16;agressiv
1;16;gewaltsam
3;16;wütend
1;16;unrihig
1;16;impulsiv
15;17;schön
1;17;liebevoll
12;17;entspannend
1;18;ich
1;18;habe
1;18;keine
1;18;Ahnung
1;18;und
1;18;will
1;18;viele
2;18;Punkte
1;18;obwohl
1;18;nicht
1;18;weiß
1;18;was
1;18;zu
1;18;dem
1;18;Bild
1;18;sagen
1;18;ist
1;1;gemütlich
1;1;geräumig
10;2;nass
18;2;entspannt
2;4;zweisam
1;4;isoliert
3;4;schläfrig
13;4;beruhigend
13;5;düster
1;5;unheimlich
1;5;angst-vorm-unbekannten
1;5;versteck
2;5;nebelig
1;6;abwechslung
1;6;enge
1;6;dicht-an-dicht
1;6;kategorien
11;7;romantisch
4;7;ruhe
13;7;liebe
3;7;paar
1;7;naturverbundenheit
1;8;noisy
3;8;verwirrend
1;8;verrauscht
1;8;unübersichtlich
5;8;regnerisch
8;9;paar
6;9;gemütlich
10;10;glücklich
6;10;zweisam
3;11;kindisch
2;11;verspielt
1;11;unlogisch
1;11;unrealistisch
1;11;wiederholend
4;11;simpel
2;12;futuristisch
5;12;japanisch
2;12;schläfrig
2;13;entspannt
3;13;trocken
5;13;sandig
2;13;Schichten
6;14;unruhig
1;14;belebt
3;14;farblos
9;14;trist
4;14;hektisch
13;15;entspannt
12;15;nass
1;15;warm-und-kalt
1;15;determiniert
1;15;hilfreich
1;16;zwzeiseitig
1;16;blutig
3;16;romantisch
1;16;assymetrisch
4;17;gemütlich
1;17;utopisch
1;17;bilderhaft
1;17;nass
2;17;abenteuerlich
1;18;unübersichtlich
1;18;unverständlich
2;18;surreal
9;18;verwirrend
1;1;chaotic
2;1;verwirrend
9;2;beruhigend
16;2;liebe
1;2;comfort
1;4;angeregt
7;4;harmonisch
3;5;frei
1;5;energetisch
2;6;freude
1;6;kräftig
1;6;interesse
4;6;beruhigend
1;7;optimistisch
2;7;nah
2;7;geliebt
3;7;frei
3;8;trist
2;8;abstrakt
8;8;ruhig
4;8;sanft
2;9;herzlich
11;9;warm
1;9;einladend
2;10;frei
1;10;klar
6;10;warm
1;10;erfüllend
1;10;herzlich
1;10;lebhaft
1;11;angeregt
1;11;bedrückend
1;11;inspirierend
1;11;kraftvoll
2;11;meditativ
1;12;beruhigned
1;12;herzlich
1;12;faszienierd
1;12;inspierierend
10;12;schön
2;13;beunruhigend
3;14;verwirrend
2;14;karg
1;15;trist
1;16;angeregt
1;16;lebhaft
2;16;meditativ
1;17;angeregt
10;17;frei
7;17;harmonisch
2;17;lebhaft
1;18;offen
1;18;uneindeiutig
1;18;lebhaft
4;1;verwirrt
1;1;djungel
1;1;urwald
1;1;metropole
1;1;cyberpunk
1;2;gemälde
1;2;wasserfarben
25;2;regen
3;2;stadt
12;2;spaziergang
5;2;entspannend
14;4;entspannend
3;4;heiter
1;4;liebevoll
1;4;sozial
4;4;fröhlich
2;5;gruselig
1;5;seltsam
1;5;feindlich
1;5;furchteinflössend
8;5;verlassen
1;6;grusleig
1;6;erschreckend
4;6;interessant
1;6;bedrückend
1;7;warmherzig
4;7;freundlich
1;7;enspannend
2;7;fürsorglich
2;7;still
1;7;besinnlich
1;7;sentimental
19;8;traurig
2;8;gruselig
4;8;einsam
14;8;kalt
5;9;entspannend
3;9;freundlich
3;9;liebevoll
1;9;heiter
22;9;glücklich
3;10;entspannend
3;10;still
3;10;fröhlich
1;10;sentimental
1;10;heiter
1;11;verwirrt
2;11;nervös
1;11;gestresst
1;11;ärgerlich
1;11;aufgebracht
3;12;aufgeregt
1;12;heiter
3;13;gruselig
2;13;entspannend
1;13;erzürnt
1;13;gelangweilt
1;13;sprachlos
1;13;verwirrt
1;13;verwundert
2;13;unsicher
1;13;unzufrieden
3;13;hitzig
2;14;regen
5;14;still
15;14;einsam
2;14;trüb
1;14;schnee
9;14;hell
2;14;leise
1;14;Wald
1;14;lustlos
1;14;selstame
3;14;verwirrt
1;14;weich
1;14;poetisch
5;15;entspannend
1;15;froh
9;15;beruhigend
1;15;neugierig
1;15;fröhlich
3;16;fröhlich
7;16;entspannend
1;16;liebevoll
1;16;nachdänklich
4;17;heiter
1;17;freundlich
1;17;energielos
2;18;laut
1;18;aufregend
1;18;nervös
2;1;leuchtend
1;1;fröhlig
3;2;trist
4;2;idyllisch
1;2;langsam
2;4;abendlich
3;4;leise
6;4;bunt
7;4;still
5;4;wasser
6;4;gemütlich
1;5;gespalten
1;5;dynamisch
8;5;traurig
1;5;optimistisch
4;6;abstrakt
5;6;biologisch
1;6;zellbildung
6;6;rund
1;6;zusammenhängend
4;6;grün
2;6;dynamisch
22;7;grün
3;7;bunt
7;7;menschen
7;7;natur
7;7;wiese
1;7;müde
16;8;regen
3;8;dreckig
1;8;tropfen
4;8;fenster
3;8;entspannend
5;9;harmonisch
13;9;bunt
5;9;geborgen
3;10;harmonisch
2;10;idyllisch
9;10;bunt
8;10;einsam
1;10;abgeschattet
2;10;zeitlos
2;11;harmonisch
1;11;idylle
1;11;venedig
3;11;kontrastreich
2;11;dynamisch
1;11;langsam
3;11;klar
1;12;spaß
4;12;kreativ
1;12;cool
2;12;weiblich
2;13;einfach
2;13;vielschichtig
5;13;mensch
4;13;schatten
2;13;bunt
1;13;farbverlauf
6;13;sonnenuntergang
1;13;abendlich
1;13;rötlich
2;13;romantisch
2;14;deprimierend
8;14;grau
8;14;traurig
6;14;langweilig
7;14;eintönig
1;14;asphalt
1;14;beton
1;15;munter
2;15;langsam
1;15;leuchtend
1;15;traum
1;16;basic
13;16;rot
1;17;abendlich
1;17;traum
1;17;langsam
1;17;schaukeln
23;17;meer
2;17;wellen
4;18;abstrakt
13;18;herbst
9;18;braun
1;18;verwischen
2;18;trist
5;1;dunkel
1;1;hell-dunkel
6;1;abstrakt
1;4;erleuchtet
4;4;inspirierend
1;5;müde
1;5;schlapp
2;5;unklar
2;6;hell
1;6;dunkel
1;6;bezaubernd
1;7;herzlich
1;7;lustvoll
1;8;dunkel
2;9;träumerisch
1;9;hell
3;10;gemütlich
1;10;vergnügt
1;12;kraftvoll
4;12;gelassen
1;12;erheitert
1;13;melancholisch
2;13;bedrückend
16;15;dunkel
1;15;verspielt
1;16;optimistisch
1;17;warmherzig
1;17;tatkräftig
1;17;gütig
1;17;ermutigend
2;18;wirr
1;1;lebendig
1;1;angenehm
13;1;warm
3;2;dunkel
5;4;wunderschön
1;4;natürlich
1;4;authentisch
2;4;traumhaft
1;5;rätselhaft
2;5;fraglich
1;5;abstract
1;6;feinsinisch
1;6;harmonisch
1;6;präzise
1;6;echt
1;7;authentisch
2;7;gerührt
1;7;lebendig
3;8;depressiv
1;8;beängstigt
5;9;angenehm
3;9;erfrischend
1;10;farblich
3;10;angenehm
3;10;freundlich
1;10;erfrischend
1;10;bezaubert
2;11;wunderschön
1;11;echt
1;11;lebendig
2;11;angenehm
3;12;hübsch
15;12;ruhig
1;13;einzigartig
4;13;mysteriös
3;13;schön
12;13;heiß
3;14;Schön
1;14;beeindruckt
1;15;echt
4;15;angenehm
2;15;leise
5;16;natürlich
2;16;hübsch
2;16;dunkel
4;17;wunderschön
2;17;hell
3;17;dunkel
1;17;lebendig
4;18;komisch
1;18;fraglich
6;1;Freundlich
4;1;geordnet
4;2;vertraut
1;2;zusammengehörig
16;5;ruhig
1;5;zwiespältig
4;6;geordnet
4;6;strukturiert
4;6;lebhaft
5;7;beruhigend
11;7;glücklich
4;7;verträumt
3;8;verträumt
3;8;entspannt
1;8;beruhigend
11;9;entspannt
5;9;vertraut
3;10;vertraut
10;10;entspannt
8;11;entspannt
4;11;beruhigend
5;12;verträumt
11;13;verlassen
4;14;düster
1;14;spartanisch
3;16;bedrohlich
4;16;einsam
11;17;glücklich
11;17;beruhigend
3;18;verlassen
4;18;traurig
5;18;einsam
1;1;Dorf
1;1;Markt
1;2;Reggentag
3;2;Spazieren
8;2;Herbst
4;4;Dämmerung
1;4;Ufer
2;4;Frieden
1;4;Fischer
10;5;Herbst
2;5;Tot
3;7;Frühling
1;7;Frieden
1;7;Pe
1;8;Licht
1;8;Vorhang
1;8;Fest
22;9;Herbst
16;9;Regen
13;9;nass
26;10;Herbst
1;10;Spazieren
12;10;Liebe
15;10;Kalt
2;10;Vergänglich
2;11;Land
1;11;Natur
1;11;Frieden
1;11;Bauernhof
6;12;Japan
1;12;Mädchen
1;12;Bund
6;12;Manga
26;13;Wüste
1;13;Kunst
1;13;Lost
5;14;Stadt
1;14;Japan
1;14;Tokio
1;14;Geschäfte
1;14;Streetfood
13;15;Nacht
9;15;Herbst
6;15;Straße
21;15;Regen
8;15;Licht
1;15;Boulevard
1;16;Berg
3;17;Dämmerung
6;17;Freiheit
2;18;Kunst
1;18;Lutscher
1;1;Fröhsinn
14;4;Urlaub
1;6;verrückt
2;7;Trauer
4;11;Urlaub
5;12;schönheit
1;15;leichtigkeit
1;16;einfälltig
6;17;Ruhe
3;18;hässlich
4;1;eckig
1;1;inhomogen
22;4;warm
1;6;hoffungsvoll
5;7;hoffnungsvoll
2;8;unsicher
1;8;harmonisch
4;8;hell
8;9;kalt
5;10;friedlich
1;11;entspannend
2;12;grell
3;15;farbenfroh
6;15;gemütlich
3;16;gefährlich
14;17;friedlich
2;18;hell
3;18;unsicher
2;1;hässlich
1;1;verpixelt
1;1;Rechteckig
7;2;farbenfroh
1;2;gemeinsam
1;4;idylle
2;4;sunset
1;4;Natur
1;4;Naturverbunden
7;5;Bunt
1;5;abgehackt
1;5;quatratisch
10;6;farbenfroh
2;7;lieb
1;8;fardig
1;8;braun
3;9;farbenfroh
7;9;park
1;11;wässrig
5;11;Himmel
2;12;sinnlich
10;12;frau
4;12;düster
1;13;fleck
3;15;lampen
1;15;Latere
3;15;Weg
4;15;Park
1;16;Weiße
9;16;pflanze
1;16;schwarze
2;16;wut
1;16;zorn
5;17;farbenfroh
6;17;schiff
2;17;sunset
2;18;kreise
1;18;gespieglt
1;1;Eiswürfel
1;2;Regenspaziergang
1;5;Lesestoff
3;8;Eis
3;9;Vertrauen
1;10;gerade
2;11;gemütlich
2;12;blumig
8;17;Abend
4;18;Natur
1;1;ZNA1
1;2;ZNA1
3;1;Wärme
2;1;hektisch
4;1;durcheinander
2;2;geliebt
9;2;einsam
8;2;fröhlich
2;2;wärme
1;4;gemeinsam
3;4;wärme
3;4;abenteuer
2;4;entspannung
1;4;neu
1;4;lebendig
3;4;reisen
1;4;wohlbefinden
1;5;suchend
1;5;uneinig
2;5;verwirrt
1;5;zwigespalten
2;5;durcheinander
2;7;verliebt
1;7;wohlbefinden
1;7;altern
2;7;wärme
3;7;gelassen
1;8;vergänglich
4;8;winter
1;8;zwigespalten
1;8;uneinig
1;8;unterschiedlich
1;8;ruhelos
1;11;kinder
1;11;einzigartig
1;11;gemeinsamkeiten
1;11;unterschiede
1;11;hervorstechen
1;13;verblassen
4;13;wärme
1;13;mut
1;13;vergänglichkeit
2;14;kälte
1;14;einsamkeit
1;14;blass
1;14;hoffnungsschimmer
7;15;düster
1;15;trüb
1;15;gefährlich
10;15;schön
1;15;unterwegs
1;15;heimweg
2;17;reisen
1;17;suchen
1;17;zeit
4;17;abenteuer
1;17;entspannung
7;17;angenehm
4;18;alt
7;18;warm
1;18;zerfallen
2;18;natürlich
1;18;zeit
1;1;alleine
1;1;enden
1;1;scheinen
1;1;verschwommen
2;2;alleine
1;2;behaglich
6;5;friedlich
3;5;farbenfroh
3;5;natürlich
1;5;unbehaglich
5;5;schön
3;7;eintönig
1;7;weitläufig
1;7;trist
2;7;karg
1;1;naturnah
2;1;allein
1;2;kuschelig
11;5;kalt
6;5;allein
3;6;wild
24;7;ruhig
1;7;verschlafen
1;8;böse
4;8;chaotisch
13;9;verliebt
9;10;verliebt
2;10;kuschelig
3;10;liebevoll
2;14;laut
2;14;wild
5;15;allein
7;17;hoffnungsvoll
5;18;ruhig
1;18;allein
1;1;offen
1;1;erheiternd
4;2;gelassen
6;2;friedlich
3;1;entspannend
5;4;zufrieden
2;5;aufregend
2;5;abenteuerlich
2;6;glücklich
2;6;hoffnungsvoll
1;7;außergewöhnlich
4;7;geborgen
1;7;sicher
1;11;freiheit
3;12;kultur
2;12;musik
4;13;düster
1;15;veregnet
2;16;abstrakt
2;17;zufrieden
1;17;sorgenlos
1;1;beunruhigt
1;1;nervös
1;2;unbeschwert
1;4;bedrückt
4;5;nachdenklich
2;6;neutral
3;7;träumerisch
1;7;romantisierend
1;7;sorgenfrei
1;7;unbeschwert
3;8;neutral
2;9;nachdenklich
1;10;unbekümmert
1;10;sorgenfrei
1;12;abenteuerlust
3;12;mystisch
3;14;neutral
2;15;trostlos
2;16;neutral
1;17;traumversunken
1;17;froh
1;18;mulmig
2;18;unwohl
1;1;Stroh
1;4;Sommerabend
1;4;Segeltour
1;4;Sekt
3;7;Seltsam
3;7;leer
2;11;Still
1;12;Viel
1;12;ausländisch
1;12;Farbthema
1;12;aufwendig
1;14;Drist
4;14;Chaos
1;14;Kompliziert
1;14;undurchschaubar
1;14;unaufwendig
1;15;Abenddämerung
1;15;Regnersich
5;15;Bunt
5;15;Alleine
1;15;Selfcare
1;15;melankonisch
7;2;kalt
1;1;Raum
7;1;Licht
1;1;TIsch
1;1;Stuhl
6;1;Sommer
2;1;dunkelheit
1;1;hitze
2;1;sonnenschein
1;2;altstadt
2;2;sommerregen
1;2;leichtigkeit
3;2;frühling
1;1;altmodisch
1;1;schwach
1;1;ausdrucksschwach
1;2;kräftig
1;2;stark
1;2;frisch
1;2;ausdrucksstark
1;2;emotional
1;6;dreidimensional
1;6;tiefgehend
5;6;komisch
1;6;altmodisch
1;9;konkret
7;10;nass
3;10;feucht
1;10;diffus
2;11;dunkel
1;11;finster
1;11;geheimnisvoll
7;11;kindlich
1;14;interessant
8;14;abstrakt
1;14;diffus
1;14;elegant
1;16;fruchtig
2;16;altmodisch
1;16;kitschig
1;16;geschmacklos
1;16;unkreativ
1;16;einfältig
1;1;ländlich
1;1;heimlich
1;1;natürlich
1;1;geborgen
1;1;vertraut
1;4;stimmungsvoll
1;6;anregend
7;6;natürlich
1;6;nostalgisch
1;10;isoliert
1;10;beengend
2;10;ungewiss
1;1;verborgen
6;1;gelassen
3;2;kühl
1;2;ausgelassen
1;2;versöhnlich
1;4;Stressfrei
1;5;Überfordert
2;5;kühl
1;8;Verwirrung
1;8;voll
2;8;bedrückend
1;10;ausgelassen
1;12;Fany
2;12;außergewöhnlich
1;15;verregnet
1;16;Clean
1;16;schaudernd
2;1;interessant
4;2;harmonisch
2;9;sicher
15;9;liebe
1;9;partner
1;9;nachmittag
8;1;Natur
2;1;Stimmungsvoll
4;2;paris
1;2;Regentag
11;2;Warm
16;4;meer
1;4;firedvoll
1;4;Zeitstillstand
5;4;freiheit
3;7;herbst
1;7;romtanik
1;7;blumenwiese
4;8;trauer
1;8;mitleidig
1;9;regentag
1;9;friedvoll
19;11;meer
1;11;friedvoll
1;11;nachbarschaft
3;12;zufrieden
7;13;sonne
1;13;herbst
5;14;minimalistisch
1;14;reduziert
2;15;stimmungsvoll
1;15;regentag
1;15;zielgerichtet
1;15;stille
1;16;blackandwhite
3;6;vielfältig
3;6;aufregend
6;11;unruhig
5;11;verlassen
2;12;exotisch
1;13;gefährlich
2;14;wirr
4;14;eisig
5;15;verlassen
1;17;dämmrig
1;1; verlassen
1;1; düster
2;2;still
2;9;still
1;9;veträumt
2;10;gruselig
1;10;beklemmend
5;17;still
4;17;fernweh
1;18;gruselig
3;1;komisch
11;2;schön
1;1;campen
15;1;wald
1;2;zufrieden
2;5;Ruhe
2;5;gelassen
4;5;entspannt
1;10;Verschlafen
1;12;lebendig
1;12;neugierig
5;14;Durcheinander
1;17;erholt
1;17;ausgeglichen
1;18;Geborgenheit
1;18;glücklich
7;1;grün
1;1;hoch
15;1;gelb
3;1;Kirche
1;1;Chor
8;2;Paar
7;2;Park
5;4;schiff
1;4;saturiert
1;5;brot
5;5;boot
1;5;primitiv
1;6;punkt
1;6;kreis
7;6;biologie
1;8;wasser
1;10;hoch
1;10;Alee
13;11;häuser
2;11;kontrast
2;11;unsicher
2;11;gefährlich
1;12;schlaf
1;13;verblasst
4;13;weit
1;13;weg
1;13;ausblick
9;15;abend
3;16;wild
1;16;kontast
2;16;böse
3;17;bunt
1;17;saturiert
14;18;bäume
1;18;kaffee
1;2;vertrautheit
6;2;liebevoll
1;4;urlaubssreif
1;4;schönheit
1;5;leere
1;6;mikrobiologisch
1;7;hingebungsvoll
1;7;vertrauend
2;7;anonym
1;8;aufgeregt
2;9;vertrautheit
1;10;lustwandeln
1;11;besiedelt
1;11;trostlos
1;11;naturlos
1;12;frabenfroh
2;13;trostlos
2;15;kälte
1;15;heimkehr
1;16;intensiv
2;16;morgenröte
1;17;urbaubsstimmung
1;17;stresslos
2;18;künstlerisch
4;18;erdig
2;1;yellow
2;1;golden
1;1;glass
1;1;lieve
1;1;office
1;5;frisch
1;5;künstlich
2;5;frühling
1;6;mysteriös
1;6;schleife
5;8;schön
3;8;Frühling
1;8;Frieden
1;9;unwohl
2;10;frisch
1;10;Entspannung
1;10;Frieden
1;11;künstlich
1;11;wand
1;11;uninteressant
2;12;interessant
5;12;kunst
1;12;motivierend
2;12;geheimnisvoll
2;13;Durst
2;13;unruhig
1;14;Industrie
1;14;CO2
1;16;unruhig
1;16;auffregend
1;16;billig
1;16;künstlich
2;17;sommerlich
1;18;durst
1;1;emotionslos
1;1;kalt
3;2;belebt
2;2;einladend
1;5;emotionslos
4;6;verwirrend
1;7;unpersönlich
1;8;eisig
1;9;verregnet
3;9;zweisam
1;10;natürlich
1;11;ausgrenzend
1;12;emotionslos
2;13;alleine
2;14;unnatürlich
1;15;uneinladend
3;16;kontrastreich
3;16;floral
2;17;erheiternd
1;18;emotionslos
2;1;Freude
1;1;Geschäftigkeit
2;1;as
2;1;strukturiert
3;1;frei
1;1;einzeln
2;2;wohlfühlend
1;2;klassisch
1;2;symphatisch
9;2;angenehm
1;1;Lagerfeuer
4;1;sonne
2;1;feuer
1;2;unreal
2;2;glück
4;2;traum
1;1;a
1;8;angenehm
1;8;lauwarm
1;8;beängstigend
1;8;schleieferhaft
1;1;Gebäude
1;1;Boden
1;1;Essen
5;2;Ruhe
1;6;Verwirrung
2;6;Bewegung
4;7;Entspannung
1;8;Sehnsucht
1;8;Warten
2;8;Einsamkeit
1;11;Lärm
1;11;schönesWetter
1;12;Kultiviertheit
3;12;Ruhe
1;14;Rauschen
1;14;Unklarheit
1;15;Abendsruhe
1;15;Wandern
2;16;Schönheit
1;16;Feinheit
1;16;Nervosität
1;17;Meersgeruch
1;18;Distanz
1;18;Verwüstung
1;1;Leuchtturm
1;2;zusammen
7;4;See
16;5;Wald
4;6;Zelle
1;7;zusammen
1;8;Shnee
1;8;Fernster
1;10;Zusammensein
2;11;See
1;13;Würste
1;14;Stark
1;14;Ordnung
4;15;Einsamkeit
4;16;Leben
4;17;See
1;18;Spiegel
3;1;gruselig
5;2;gelassenheit
1;2;müdigkeit
1;2;traurigkeit
1;2;sorge
1;1;mondän
1;1;modern
1;1;clean
1;1;eingängig
4;1;dominant
2;1;farbenfroh
1;1;unlesbar
1;2;gutefarbe
1;5;wunderschön
1;6;wunderschön
1;7;wunderschön
1;9;wunderschön
1;10;wunderschön
2;12;wunderschön
1;13;wunderschön
1;14;wunderschön
2;15;wunderschön
1;16;wunderschön
1;18;schön
1;1;wandern
5;2;Abend
5;4;Schiffe
1;10;mystisch
9;10;Wald
3;11;Gemeinschaft
4;12;Asien
3;13;Horizont
4;13;Einsamkeit
3;18;Farbe
9;18;Wald
4;1;traurig
10;1;chaotisch
2;2;nostalgisch
1;1;Versammlung
1;1;Pflanze
1;1;einsamkeit
1;1;Traum
1;1;Höhle
7;2;verliebt
2;2;Date
1;2;Kennenlernen
1;2;Desigual
3;4;Romantik
3;4;Erholsam
2;4;Abschalten
1;4;Genuss
1;4;Italien
1;4;impressionistisch
1;5;Schlamm
1;5;Vogel
2;5;Matsch
1;6;Desigual
1;6;Mama
1;6;Vielfalt
1;6;Zusammenspiel
1;7;WirMüssenMiteinanderReden
1;7;Unbeholfen
1;7;1.Date
1;7;Palmenblätter?
1;7;Verwirrung
1;8;Trauerweide
1;8;Fee
1;8;Leichtigkeit
1;9;Fürsorge
1;9;Prommenade
1;9;Lichtspiele
1;9;AllesStimmt
6;10;orange
4;10;rot
5;10;Weg
8;10;Spaziergang
1;10;Freundschaft
2;10;Ende
1;10;Unklarheit
1;10;Ziellosigkeit
2;11;Norwegen
2;11;Flut
1;11;dasgrünehaus
1;11;Welle
2;11;Nordsee
1;11;Aarthal
2;12;Desigual
1;12;Restaurant
2;12;fröhlich
2;13;Oase
2;13;Kamel
1;13;Wasser
1;13;Urlaub
1;13;Freiheit
1;13;grenzenlos
1;13;verlorengehen
4;13;Hitze
1;13;Burka
1;14;Kleinteiligkeit
1;14;Barcode
2;14;Skyline
1;14;Hochhäuser
2;14;Hektik
2;14;Nebel
1;14;Weitwinkel
1;15;Prommenade
1;15;Arbeitsweg
5;15;friedlich
1;15;Erleichterung
1;15;Lichtspiegelung
1;15;Naturnähe
1;15;NachHauseKommen
1;16;Wüste
2;16;Tatoo
1;16;BildeneKunst
1;16;Schattenwurf
1;16;Schablone
5;17;Wärme
1;17;Zeitenwende
1;17;Freidlich
1;17;Veränderung
2;18;Regen
1;18;Feuchte
1;18;Gummistiefel
1;1;aufgewühlt
12;4;glücklich
1;4;befreiend
3;5;trist
1;7;mitfühlend
1;7;aufgewühlt
1;8;nostalgisch
1;8;berührend
1;9;nostalgisch
1;10;berührt
2;11;geborgen
2;11;glücklich
3;12;chaotisch
2;12;mitreißend
1;13;verängstigt
1;14;verzweifelt
2;14;Hoffnung
3;15;glücklich
1;16;verzerrend
2;18;chaotisch
1;18;verzweifelt
1;1;Herbst
5;1;sonnig
2;5;Moor
2;5;Nebel
1;6;Algen
3;7;Park
2;7;Lust
1;8;windig
1;8;Salweide
1;8;Eiszapfen
1;9;Paris
4;11;Hafen
2;11;Skandinavien
4;11;Winter
3;12;Anime
1;12;Jugend
1;13;Wilder-West
1;14;Depression
1;14;müde
1;15;Altstadt
4;15;Paris
1;16;unheimlich
1;16;Brand
1;16;Moor
4;17;Urlaub
1;17;Mittelmeer
2;17;Strand
2;18;Verschmutzung
1;1;fundamental
3;1;beruhigend
1;1;aufbauend
4;2;geborgen
2;4;erschöpft
1;4;ausgelaugt
1;4;herzerwärmend
1;4;melancholisch
4;5;dunkel
1;5;schwer
1;5;regnerisch
3;5;melancholisch
1;5;besinnlich
1;6;transzendent
1;6;einfach
1;6;komplex
1;7;feucht
1;8;metallisch
1;8;ungemütlich
1;8;einfach
1;9;besinnlich
1;9;erquickend
3;10;melancholisch
3;10;lieblich
1;10;seelenfrieden
1;11;aufwühlend
3;11;beängstigend
3;11;wild
1;11;komplex
1;11;verzerrend
1;12;rauchig
1;12;aromatisch
2;12;laut
1;12;klassisch
1;12;gemütlich
1;13;heilsbringer
1;13;erlösend
1;13;glücklich
1;13;freudig
1;13;aromatisch
1;14;zentriert
4;14;ruhig
1;14;fokussiert
3;14;einfach
1;15;heiter
5;15;geborgen
1;15;geschützt
1;15;erfrischend
1;15;neugeboren
1;16;surreal
1;16;fremd
1;16;unpersönlich
2;16;ungewohnt
1;16;aufgewühlt
2;17;besinnlich
1;17;ausgelaugt
1;18;besinnlich
1;18;traditionell
1;18;abschalten
1;18;heimat
8;1;bunt
2;1;Glück
1;1;Glitzer
1;1;Edelsteine
1;1;Abenteuer
1;1;Reise
1;1;Kultur
1;2;alltag
1;2;gespräch
1;4;bucht
1;4;anlegeplatz
3;4;segeln
1;4;wellen
1;4;rauschen
4;4;ruhe
1;5;lichtung
1;5;waldrand
1;5;feld
3;5;wiese
1;5;feldweg
1;5;reiten
6;5;natur
1;5;bauer
1;5;gemüße
1;5;laufen
1;5;spazieren
4;6;natur
1;6;blätter
1;6;bäume
1;6;wald
1;6;urwald
1;6;dschungel
1;6;amazonas
1;6;brasilien
1;6;afrika
1;6;tiere
1;6;flora
1;6;fauna
1;6;entdeckungen
1;6;urlaub
1;6;faszination
1;6;naturwunder
1;6;überlebenskampf
1;7;zusammensein
3;7;pärchen
1;7;gespräch
2;7;gelassenheit
4;7;schön
2;7;geborgenheit
4;8;schnee
1;8;glitzer
1;8;warm
1;8;feuer
1;8;cognac
1;8;baum
1;8;entspannung
1;8;familie
1;9;alltag
7;9;spaziergang
2;9;reden
6;9;ruhe
1;9;wichtig
1;9;pfützen
2;9;feucht
10;11;blau
1;11;hügel
1;11;tulpen
2;11;holland
4;11;wasser
1;11;dörfer
1;11;wind
1;11;möwen
1;11;shrimp
2;11;fisch
1;11;rau
4;11;schön
1;12;besinnlich
1;13;verborgen
5;13;leer
1;13;unendlich
2;13;ruhe
1;13;ungewissheit
1;13;ägypten
2;13;wandern
2;14;kunst
2;14;vergessen
1;14;überlegen
2;14;suchen
2;15;nachdenken
8;15;traurig
2;15;laufen
1;15;langertag
4;15;lichter
1;15;lazternen
1;15;geräusche
1;15;stadt
1;16;wiese
1;16;dämmerung
1;16;zirpen
1;16;kühl
1;16;frühling
1;16;insekten
1;16;grillen
8;16;natur
1;16;luft
1;17;alleine
3;17;melancholisch
5;17;wasser
1;17;endlos
1;17;spannung
1;17;schwanken
1;17;plätschern
1;17;fische
2;17;reise
1;18;lichtung
1;18;radfahren
1;18;vögel
2;18;teich
3;18;see
2;18;weiher
5;18;grün
1;18;guteluft
2;18;draußen
3;18;sommer
4;7;angenehm
2;12;inspirierend
4;16;beruhigend
1;2;frostig
1;2;erholsam
1;2;farbig
1;2;feucht
2;4;salzig
3;4;sonnig
2;4;kühl
4;4;kalt
1;4;nass
1;4;feucht
1;4;beruhigt
1;6;farbig
5;6;warm
2;6;kalt
1;6;kühl
1;6;ekelerregend
1;6;angeekelt
1;6;übel
1;7;beklemmend
1;7;beunruhigend
1;7;ängstlich
1;7;angewidert
1;7;angeekelt
1;7;eklig
1;8;beklemmend
1;8;beunruhigend
1;8;kühl
1;8;kahl
2;8;nass
2;8;frisch
2;8;unwohl
2;9;kühl
1;9;duftend
7;10;kühl
2;10;regnerisch
1;10;überglücklich
1;10;glückseelig
1;10;erfreut
4;11;kühl
1;11;frostig
1;11;erfreut
1;11;weiß
4;11;traurig
3;11;frisch
1;12;bildschön
1;12;künstlerisch
3;12;farbig
2;12;extravagant
3;12;beruhigend
1;12;beruhigt
5;13;sonnig
1;13;windig
2;13;wärmend
1;14;beklemmend
2;15;feucht
1;15;beruhigt
3;15;kühl
1;15;frostig
2;16;bunt
2;17;kühl
1;17;wärmend
2;17;salzig
2;18;beklemmend
3;18;beunruhigend
1;18;gedankenverloren
1;18;nachdenkend
1;1;abandoned
1;2;amazing
1;2;rainy
2;2;beautiful
1;2;nostlgic
1;4;missing
1;4;happy
1;4;lookingforward
1;5;happy
1;5;calm
1;5;going
1;6;attention
1;6;to
1;6;detail
1;7;lonely
1;8;happy
1;8;calm
1;8;therapatic
1;9;loved
1;9;complete
1;9;happy
1;10;calm
1;11;confident
1;11;clear
1;11;imaginative
1;12;ethnic
1;12;culturala
1;13;guilt
1;13;sad
1;13;angry
1;14;unclear
1;14;void
1;14;empty
1;14;blured
1;15;raniy
1;15;cold
2;15;cozy
1;15;beautiful
1;16;artistic
1;16;leaves
1;16;potrait
1;16;painting
1;16;calm
1;17;happy
1;17;soothing
1;18;reflecting
2;4;windig
1;4;frisch
1;5;erdig
1;5;feucht
2;5;waldig
5;6;chaotisch
1;6;abtrakt
1;6;laut
1;6;mechanisch
1;7;naturbezogen
1;7;starr
1;7;sexuell
1;8;verworren
1;10;intim
1;10;geborgen
3;11;chaotisch
1;12;elegant
1;12;feminin
4;13;still
2;14;chaotisch
1;14;friedlich
1;14;verworren
3;14;verschwommen
2;16;feminin
2;16;elegant
1;17;windig
1;17;abenteurlustig
1;17;mutig
1;18;naturbezogen
1;18;still
1;18;verworren
1;1;Dämmerung
1;1;Ruhe
2;1;Bäume
2;2;Farben
2;2;Dämmerung
4;2;Menschen
2;2;Lichter
3;2;Laternen
3;4;Himmel
4;4;Insel
1;5;Blätter
1;6;Blatt
4;7;Blätter
1;8;Blumen
1;8;Farben
1;8;Verlauf
5;9;Menschen
4;9;Pärchen
1;9;Natur
2;10;Pärchen
3;10;Natur
1;11;Landschaft
4;11;Wolken
2;13;Landschaft
9;13;Sand
1;14;Ausstellung
1;14;Museum
1;15;Dämmerung
3;15;Bäume
4;16;Schwarz
4;16;Weiß
8;16;Pflanzen
2;17;Wolken
4;17;Himmel
2;17;Segelboot
8;18;Spiegelung
1;2;kein
1;2;bild
1;2;zu
1;2;sehen
1;2;ggewesen
6;4;boot
1;4;mast
1;4;segel
4;4;sonne
1;4;gold
6;5;bäume
1;5;kahl
1;5;schwarz
1;5;weiß
3;5;braun
3;5;papierboot
1;5;landschaft
1;6;blasen
1;6;petrischale
4;6;mikroskop
1;6;forschen
1;6;krankheit
1;6;rung
2;6;formen
3;7;sommer
1;7;blumen
1;7;personen
1;7;leute
2;7;zwei
1;7;liebende
2;7;liegen
1;7;sitzen
1;7;unterhalten
1;7;träumen
3;7;vertrauen
1;8;bunt
1;8;glitter
1;8;streifen
2;8;sterne
1;8;punkte
1;8;flecken
1;8;altmodisch
1;8;out
3;9;laternen
2;9;weg
4;9;allee
5;9;bäume
2;9;lichter
1;9;lampen
1;9;leute
1;9;personen
1;9;zwei
4;9;regenschirm
2;9;laub
1;9;laufen
4;10;laub
5;10;regen
3;10;menschen
1;10;personen
1;10;leute
6;10;blätter
2;10;schwarz
1;11;fluss
1;11;ufer
5;11;rot
1;11;wellen
1;11;untergang
1;12;geisha
1;12;nerd
1;12;haare
1;12;schwarz
3;12;china
1;12;directions
1;12;haarfarbe
1;12;anders
1;12;altmodisch
1;12;grün
1;13;gestalt
1;13;scheme
2;13;strand
1;13;afrika
1;13;meer
1;13;streifen
1;13;linien
1;13;person
1;13;warten
4;13;verträumt
1;14;formen
1;14;bunt
1;14;streifen
1;14;striche
1;14;linien
1;14;stalakmiten
1;14;wand
1;14;depressiv
1;14;uninteressant
1;14;unstrukturiert
6;15;regenschirm
4;15;menschen
1;15;leute
4;15;laternen
3;15;allee
1;15;frankreich
2;15;feierabend
1;15;gemälde
3;16;feuer
2;16;orange
1;16;lodernd
1;16;blumen
2;16;ranken
1;16;schwarzweiß
5;16;schatten
1;17;sonnenunteergang
7;17;sonne
1;17;segelschiff
1;17;segel
2;17;ferne
3;17;horizont
3;18;wasser
1;18;tümpel
3;18;rund
3;18;orange
1;1;Gerichtet
2;2;hoffnungsvoll
1;2;vorfreude
1;4;gemeinschaftlich
1;5;alleine
1;5;kokon
3;5;glücklich
1;5;freude
1;6;unzufrieden
1;6;panisch
1;6;unglücklich
1;7;apathisch
1;7;unverbunden
1;7;unglücklich
1;7;losgelöst
1;7;unzufrieden
1;8;ordentlich
1;8;zufrieden
1;8;bescheiden
1;8;erfolge
1;8;eingeschlossen
1;9;hoffnungsvoll
2;9;zufrieden
1;9;aufgeregt
1;9;unsicher
1;10;ausgeschlossen
1;10;nervös
1;10;unwissend
1;10;freudig
1;11;alleine
1;11;gezwungen
2;11;unzufrieden
1;11;gedrängt
3;12;glücklich
1;12;Frühlingsgefühl
1;12;selbstsicher
2;13;sehnsucht
1;13;träumen
1;14;abgelegen
1;15;endlich
1;15;fertig
6;16;düster
1;16;täuschend
1;16;unzufrieden
1;16;nervös
1;17;abschluss
1;17;zukunft
1;18;tod
1;18;endlich
1;18;sterben
1;18;alleine
1;18;ausgeschlossen
1;1;unzufrieden
2;1;nachdenklich
1;1;verspottet
5;1;Hoffnung
1;1;Besserung
1;1;Gefühle
1;1;Angst
1;1;Abstand
1;2;Mischung
1;2;Gefühle
3;2;verspielt
1;2;verspannt
1;4;herrlich
1;4;wundervoll
1;4;Ausgelassenheit
1;4;heiterkeit
1;4;beglückt
1;4;besinnlich
1;4;verspielt
1;4;orientiert
1;4;allein
2;4;verlassen
1;4;positv
1;4;motivieren
1;4;aufbauend
1;4;spannend
1;4;angespannt
1;4;negativ
1;4;einsam
1;4;deprimierend
1;4;traurig
1;4;aufgregend
1;4;verschlafen
1;4;schlaflos
1;4;laut
1;4;erwärmend
1;4;erfirschend
1;4;merkwürdig
1;4;cool
1;4;vorsichtig
1;4;beängstigend
2;4;einfühlsam
1;4;abenteuerlich
1;4;unantastbar
1;4;unerreichbar
1;4;fantastisch
1;5;beängtigend
3;5;hell
1;5;flüchtend
1;5;abenteurlich
1;5;negativ
1;5;aufgewühlt
1;5;besorgt
1;5;laut
1;5;leise
2;5;still
2;5;verwirrend
1;5;unentschlossen
1;5;verlaufen
1;5;ansteckend
1;5;anstrengend
1;5;motivierend
1;6;freudig
1;6;freudevoll
1;6;magsich
2;6;verspielt
1;6;postiv
1;6;negativ
1;7;einfühlsam
1;7;aufblühend
2;7;nachdenklich
2;7;unsicher
4;7;vertraut
1;7;betrübt
3;7;fröhlich
2;8;fröhlich
1;8;tolle
1;8;motivierend
2;8;verzaubert
1;8;gut
1;8;glücklich
1;8;verspielt
1;8;unentschlossen
1;8;aufblühend
1;8;erfrischend
2;8;leise
1;8;positiv
1;9;verwirrend
1;9;komisch
4;9;verspielt
1;10;unaufhaltbar
1;10;rosig
1;10;gesellig
1;10;motivierend
1;10;aufbauend
1;10;zielstrebig
1;11;laut
1;11;negativ
1;11;angespannt
1;11;nachdenklich
2;11;bedrohlich
1;11;ansteckend
1;11;gesellig
3;12;verspielt
2;12;aufregend
2;12;ungewiss
2;12;merkwürdig
1;12;komisch
1;12;gemischt
1;12;dunkel
1;12;deprimierend
1;12;still
2;13;aufregend
1;14;entspannt
2;14;unsicher
2;14;komisch
1;14;nachdenklich
2;14;negativ
2;14;allein
1;14;aufregend
1;15;still
1;15;deprimierend
1;15;hilflos
1;15;verwirrend
1;15;bedenklich
1;15;behutsam
1;15;aufregend
1;15;negativ
2;16;nachdenklich
1;16;aufbauend
1;16;glücklich
2;16;rosig
1;16;heiter
2;16;positiv
1;16;ungewiss
2;17;düster
1;17;traurig
2;17;verlassen
3;17;allein
2;17;leise
1;17;wütend
1;17;emotional
1;17;aufbrausend
1;17;fesselnd
1;17;ängstlich
1;17;beängstigend
3;17;vertraut
1;17;erniedrigend
2;17;nachdenklich
1;17;aufregend
3;18;dunkel
2;18;negativ
1;18;aufblühend
1;18;motivierend
1;18;aufbauend
1;18;leise
1;18;positv
1;1;vereinnahmend
2;2;lebendig
1;4;entschleunigend
1;5;fremd
2;5;beengend
1;6;bedrängend
1;6;erdrückend
1;6;überfüllt
1;7;angenommen
1;8;zerreißend
1;9;lebendig
1;9;tröstend
1;10;fremd
1;10;fantasievoll
1;11;ziellos
1;11;unbekannt
1;12;ängstlich
1;12;verzweifelt
1;12;fremd
1;13;unwirklich
1;16;lockend
1;17;ehrfürchtig
1;17;beeindruckend
1;17;hypnotisierend
1;17;verweilend
1;18;fremd
1;18;unwirklich
3;1;Friedlich
1;1;Mosaik
1;2;Ölfarben
1;2;Licht
6;4;Abend
2;4;Ölfarben
1;5;Grell
1;6;wand
2;6;kunst
1;6;veraltet
1;6;indisch
2;6;schmutzig
1;7;unrealistisch
1;8;Schimmel
1;9;französisch
9;9;schön
2;9;kunst
7;10;schön
2;10;winter
1;11;nostalgisch
2;12;chinesisch
2;13;dämmerung
1;13;silhouette
2;13;staubig
1;15;ölfarbe
3;15;kunst
3;15;winter
4;16;kontrast
2;16;blume
1;17;kunstvoll
1;18;trüb
2;18;schmutzig
3;1;Frühling
2;2;freude
1;2;geborgenheit
1;2;ungewissheit
1;2;zeitlosigkeit
1;5;gemütlichkeit
1;5;wärme
1;5;entspannung
2;13;leere
1;13;erwartungsvoll
1;14;unruhe
1;14;ungewissheit
1;14;rein
1;14;klinisch
1;17;geborgenheit
3;17;romantik
1;18;ungewissheit
1;1;Sushirolle
1;1;kränklich
1;1;belebt
1;1;diesig
1;1;schemenhaft
1;2;regennass
1;2;wohlig
1;2;distanziert
2;2;müde
1;2;dumpf
1;2;abendlich
1;2;atmospherisch
1;4;heimig
1;5;verunsichernd
1;5;versetörrend
3;5;beängstigend
4;5;interessant
1;5;langweilig
2;5;unangenehm
1;6;pflanzlich
3;6;spannend
4;6;unangenehm
1;6;fremd
1;6;bizarr
1;7;bizarr
2;7;interessant
2;7;verstörend
1;7;unattraktiv
1;7;belanglos
1;7;unschön
6;7;verwirrend
1;8;öde
1;8;farbenfroh
1;8;beänstigend
1;8;schwammig
1;8;verunsichernd
1;9;abendlich
1;9;heimig
4;9;froh
1;9;schläfrig
1;9;frei
1;9;gelassen
1;10;langweilig
1;10;abendlich
1;10;befremdlich
2;10;unangenehm
1;11;erfreuend
2;11;interessant
1;11;mittelmäßig
1;12;unterhaltsam
1;12;spannend
1;12;modern
2;12;entspannend
1;13;öde
1;13;geborgen
1;13;angenehm
1;15;trübe
1;15;heimig
1;16;klischeehaft
2;16;langweilig
1;16;ermüdend
1;16;nichts-sagend
1;16;leer
1;16;uninteressant
1;17;beschwingend
1;17;belebend
1;17;offen
1;17;freimütig
3;17;geborgen
2;18;eklig
1;18;bizarr
1;18;diesig
1;18;unheimlich
1;18;seltsam
1;18;dumpf
1;18;fremdartig
1;18;distanziert
1;18;ungeheur
4;1;Chaos
1;1;Verauf
1;2;shirm
1;4;friedilch
5;4;rot
4;4;angenehm
3;4;abendstimmung
1;4;abgelegen
1;5;ES
4;5;fluss
1;5;verlauf
2;6;chaos
3;6;organisch
1;7;Adam&Eva
1;7;bibel
1;7;Zweifaltigkeit
1;8;japanischerBaum
1;8;Hilfe
1;8;chaos
1;9;einheit
2;9;laterne
5;9;blätter
6;11;stadt
1;11;hafenstadt
2;11;insel
1;12;friedlich
1;13;unbehagen
1;13;weite
1;14;systemlos
2;14;leblos
1;14;menschenleer
2;16;simpel
1;16;einfachheit
3;17;schiffe
1;18;spieglung
1;18;ungwissheit
1;1;unklar
1;1;sehr
1;1;störend
1;2;wintermood
1;2;ruhiges
2;2;Gefühl
1;2;sehr
1;1;alt
1;1;gelblich
2;1;antik
1;2;paralleln
1;2;pech
2;2;froh
1;11;kindheit
2;11;jung
1;11;windig
1;18;verlaufen
1;4;sanft
1;5;augeruht
3;6;ekel
1;7;froh
1;8;morbide
10;8;düster
1;12;träge
2;12;verloren
1;16;unangenhm
1;17;ausgeruht
1;18;ekel
1;18;verrückt
1;1;Palme
1;1;Regenwald
1;1;Tropenwetter
4;2;Romantik
1;2;Spieglung
1;4;Segelschiff
2;4;Farbenspiel
1;4;orange
2;4;blau
1;4;Wind
1;5;rot
2;5;Moos
1;5;Flora
1;5;verschwommen
1;6;Farben
1;6;Orange
2;6;klein
2;6;groß
1;6;Mandala
2;8;Schmetterlinge
1;8;grün
1;8;pastell
1;8;Linien
1;9;Herbstvibes
2;9;Entspannung
1;9;Farben
2;10;Romantik
4;10;Paar
5;10;Bäume
2;10;Farben
1;10;Mann
1;10;Frau
1;11;verloren
1;12;Farben
2;13;Fatamorgana
1;14;Bar
1;14;Flaschen
1;14;Getränke
1;14;Sorten
2;14;Alkohol
1;14;Etiketten
1;14;trinken
1;14;Abend
1;17;Segelschiffe
3;17;blau
1;17;Spieglung
3;17;rot
2;17;orange
1;17;drei
1;18;nichtsaussagend
1;1;rechteck
1;1;geometrie
1;1;erleuchtend
1;1;vertikal
1;1;kubistisch
1;1;verschachtelt
1;1;mythologisch
1;1;fantastisch
1;1;darksouls2esk
2;1;feurig
1;2;somber
1;2;Nouvelle Vague
1;2;Gaslamp Fantasy
1;4;niederländisch
1;4;nordseehaft
1;4;geerdet
1;4;heimelig
1;5;nostalgisch
1;5;liminal
2;5;sommerlich
1;5;abendlich
1;5;morgendlich
3;5;kindlich
1;5;Zwischen
1;5;Rusty Lake Hotel
1;5;und
1;5;Night of the Rabbit
1;6;botanisch
1;6;zellular
3;6;mikroskopisch
1;6;fraktal
1;6;mosaik
1;6;utopisch
1;6;solar-punk
1;6;chlorophyll
1;6;art nouveau
1;6;repetition
2;6;struktur
1;6;stabil
2;6;freundlich
1;6;netzwerk
1;6;solidarisch
1;6;verbunden
1;6;egalitär
1;7;Erster
1;7;Gedanke
1;7;so
1;7;fuck
1;7;wieder
1;7;ein
1;7;Fromsoftware
1;7;Giftsumpf
1;7;dann
1;7;auf
1;7;den
1;7;zweiten
1;7;blick
1;7;doch
1;7;sehr
1;7;und
1;7;cute
1;8;befleckt
3;8;verlassen
1;8;zerfallen
2;8;alt
1;8;medizinisch
1;8;elitär
1;8;royal
1;8;viktorianisch
1;9;urban
1;10;cineastisch
1;10;hyggelig
2;10;schwermütig
1;10;hunde
1;10;alt
1;10;schmerzgel-werbung
1;10;sport
1;10;park
1;10;stadt
1;11;maritim
3;11;nordisch
1;11;dörflisch
1;11;freundlich
2;11;einfach
4;12;fantasievoll
1;12;reflektiert
1;12;introspektion
1;12;neurodivergent
1;13;Mediterran
1;13;aufbruch
1;13;dune
1;14;technisch
1;14;verblassend
1;14;roboterhaft
1;14;starr
1;14;zersplittert
1;14;verchromt
1;15;gloomy
1;15;mysteriös
2;15;verträumt
1;15;urban
1;15;noir
2;16;asiatisch
1;16;botanisch
1;16;mysteriös
1;16;aufstrebend
1;16;stark
1;16;grindhouse cinema
1;16;cealid
1;16;sexuell
1;17;schwermütig
1;17;yearning
1;17;Unrast
1;17;erwartungsvoll
1;17;aufbruch
1;17;ungewiss
1;18;nebelig
1;18;herbtlisch
1;18;vergilbt
1;18;zerfallend
1;18;gifitg
2;18;müde
1;18;verträumt
2;1;Weihnachten
2;1;Geschenke
3;1;Tannenbaum
1;1;Wihnachtsbaum
1;1;Feier
1;1;Gemeinschaft
2;2;Allee
2;2;Wasser
1;2;gleichgültig
1;2;gedrückt
2;4;Segelboot
1;4;Vorbereitung
1;4;erwartungsvoll
1;4;gespannt
1;4;ungewiss
1;5;Kunst
1;5;versteckt
1;5;verborgen
2;6;Optimistisch
2;6;Muster
1;6;Chamäleon
1;6;trocken
1;7;versteckt
1;7;beobachtet
1;7;vertieft
2;8;farbig
1;8;hoffnungsvoll
1;8;optmistisch
1;8;verhangen
1;8;unklar
1;8;vielseitig
1;8;Lichtblick
1;8;ausgefallen
1;9;bedrückend
1;9;farbig
1;10;zwei
3;10;Nebel
2;10;nachdenklich
1;10;vertieft
1;10;unklar
1;11;verschlafen
1;11;Introvertiert
3;12;entspannt
1;12;depressiv
1;12;zurückgezogen
1;12;gelangweilt
1;12;weggetreten
2;13;Traum
1;13;ungreifbar
1;13;verschwunden
1;13;verschollen
1;13;eben
2;13;durstig
1;13;durchhalten
1;13;Teufelskreis
1;13;vergänlich
1;13;betrogen
3;14;unklar
1;14;Büro
1;14;kurzsichtig
1;14;verschleiert
1;15;WInd
2;15;Nebel
3;15;versunken
1;15;zerflossen
1;15;perspektivlos
3;16;Wachstum
1;16;farblos
1;16;bedrückend
1;16;still
1;16;Beunruhigt
1;16;unklar
1;16;perspektivlos
1;17;Wind
1;17;farbig
1;17;zielsicher
1;17;bewegt
1;17;ergriffen
1;18;Symmetrie
2;18;unklar
1;18;bedrückend
1;1;harmonisch
1;2;Zweisamkeit
1;2;Nachtspaziergang
1;4;erleichtert
1;4;gedankenvoll
1;4;vertieft
1;4;geistesabwesend
1;5;undurchsichtig
1;5;finster
1;5;schattig
1;6;leuchtend
1;6;unaufdringlich
1;6;wirr
3;7;lieblich
3;7;herbstlich
1;8;bewegt
2;8;heiter
1;8;strahlend
1;9;ausgeglichen
1;9;verlassen
1;10;träumerisch
1;11;erfrischend
3;11;fröhlich
1;11;schwungvoll
1;11;leichtlebig
1;12;Sehnsucht
1;13;linear
4;13;friedlich
1;14;geometrisch
1;14;fokussierend
1;15;gedankenverloren
1;16;einfach
1;16;kontraste
1;16;mediterran
1;17;ausdrucksstark
1;17;unbekannt
1;18;ausgeglichen
2;18;freundlich
4;18;wild
1;1;kompliziert
1;1;verwischen
2;4;Einzigartig
1;4;Anfang
1;5;Mut
1;5;wagend
2;6;Vertraut
1;6;rätsel
1;8;fin
1;8;Anfang
2;9;Frühling
1;9;chemie
1;9;....
1;10;Schutz
1;11;zusammen
1;12;gefährlich
1;13;prüfung
1;13;text
1;13;übertreffen
1;13;tranzendieren
1;14;erforschen
1;14;experiment
1;15;Geschmack
1;15;Neutral
1;15;Abenteuer
1;16;unsicherheit
1;16;risiko
1;17;fahigkeit
1;17;selbstsicher
1;18;neugier
1;1;bedrohlich
1;1;glänzend
1;1;gemeinnissvoll
1;2;fabspiel
1;2;Großstadtvibes
1;2;Parisvibes
1;4;unbeschwerheit
1;5;kühler
1;5;wärmer
1;5;satt
1;5;strahlend
1;6;kühler
1;6;sanft
1;7;satt
1;7;emotionslos
1;8;zart
1;8;weich
1;8;zurückhaltend
1;8;blühen
1;9;kuschelig
1;9;kälter
2;9;Wärme
1;9;farbspiel
1;10;luft
2;10;bedrohlich
1;10;gehalten
1;11;plump
1;11;schlicht
1;11;zurückhaltend
1;11;satt
1;12;farbenspiel
1;12;sanft
1;12;zurückhaltend
4;13;verwirrend
1;13;präsent
1;13;vorpreschend
1;14;clean
1;14;beruhigend
2;14;zurückhaltend
1;15;Großstadt
2;15;erleuchtend
1;15;Farbspiel
2;17;verliebt
1;17;bedrohlich
5;17;kalt
3;18;kalt
2;1;Unruhe
1;1;Viel
1;1;böse
2;2;nacht
2;2;romatisch
1;2;ungemütlich
1;4;Weite
2;4;Ferne
1;4;fabelhaft
1;5;einsamkeit
1;6;obst
1;6;gemüse
1;6;früchte
1;7;grüneWiese
1;8;frostig
1;9;romatisch
2;10;Einsamkeit
2;10;Kälte
1;10;ungemtülich
1;11;weite
2;11;ferne
2;11;berge
2;11;schnee
2;12;trauer
1;13;verlorenheit
1;14;Stadtleben
2;14;ungemütlich
1;15;ungemütlich
1;16;erotisch
2;17;Weite
1;18;gespenstig
1;18;müstig
1;1;brocken
1;1;fällt
1;1;nach
1;1;bedrückend
1;5;modrig
1;6;stimmungsvoll
1;6;kreisend
1;6;springen
1;6;hüpfen
1;7;allein
1;9;abendstimmung
1;9;feierabend
1;10;neblig
3;11;stürmisch
1;12;in
1;12;sich
1;12;gekhrt
1;12;melancholisch
1;13;weitweg
1;14;frostig
1;15;gelassen
1;15;anmutig
1;17;stimmungsvoll
1;18;farbvoll
1;1;ausgeglichen
1;1;Ananas
1;2;Fürhling
1;2;Sommer
1;1;innekehrend
1;1;virtuos
1;1;systematisch
1;1;lebensfroh
2;1;trüb
1;1;schweigend
1;1;schwelgend
1;1;wiederkehrend
1;1;auffrischend
1;2;amurös
1;2;ruhend
1;2;nachdneklich
1;2;verweilend
1;2;fest
1;2;bindend
1;2;heranziehen
1;2;lieblich
1;4;heimisch
2;4;hoffnungsvoll
1;4;nah
1;4;nordisch
1;4;südlich
1;4;reizend
1;4;anziehend
1;4;anlockend
3;5;ängstlich
1;5;verkümmert
1;5;lose
1;5;nah
1;5;verschollen
1;5;hoffnungschenkend
1;6;speziell
1;6;koloriert
1;6;detailliert
1;6;human
1;6;munter
2;6;wissenschaftlich
1;6;stärkend
1;6;natrülich
1;6;offen
1;6;nah
1;6;fassend
1;6;vertretbar
1;6;klar
1;6;definiert
1;6;hervorgehoben
2;7;leicht
1;7;einfach
1;7;bestrebend
2;7;fest
1;7;zeitnah
1;7;strukturiert
1;7;klar
1;7;offen
1;7;verweilend
1;7;extra
1;7;privat
1;7;offennah
1;7;bestrebt
1;8;kindlich
1;8;scheu
1;8;schüchtern
1;8;müde
1;8;bezaubernd
1;8;speziell
1;8;leicht
1;8;lieblich
1;8;entzückend
1;8;ruhend
2;8;fließend
1;8;einvernommen
1;8;beruhigt
1;9;lieblich
1;9;lebensfroh
1;9;qualitativ
1;9;romanitsch
1;9;verweilend
1;9;stolz
1;9;speziell
1;9;haftend
1;9;fest
1;9;tugendhaft
1;9;farblich
1;9;amorös
1;9;virtuos
2;9;spielerisch
1;9;süss
1;9;wiederkehrend
1;9;inneführend
1;9;verzaubernd#
1;9;bezaubernd
1;9;magisch
1;9;koloriert
1;9;atmosphärisch
1;9;entzückend
1;9;reizend
1;9;bodenständig
1;9;dezent
1;9;munter
1;9;svhwelgend
1;9;schwelgend
1;10;virtuos
1;10;amorös
1;10;kindlich
1;10;erweckend
1;10;wach
1;10;lieb
1;10;zeitnah
1;10;realistisch
1;10;künstlerisch
1;10;entzückend
1;10;bezaubernd
1;10;wahrhaftig
1;11;strukturiert
1;11;farblich
1;11;herausstechend
1;11;leicht
1;11;systematisch
1;11;bezaubernd
1;11;vergänglich
1;11;mitnehmend
1;11;gedanklich
1;12;versteckt
1;12;gedeckt
1;12;farblich
1;12;schematisch
1;12;beglückend
1;12;definiert
1;13;atemberaubend
1;13;nah
1;13;fern
1;13;familiär
1;13;temparamentvoll
1;13;gefunden
1;13;vereint
1;13;allwissend
1;13;stark
1;13;belehrend
1;13;verwurzelnd
1;13;rückzug
1;13;bekannt
1;13;wüstig
1;13;anziehend
1;13;qualitativ
1;13;hochwertig
1;13;verzaubernd
1;13;magisch
1;13;myhstisch
1;13;glaubend
1;13;religiös
1;13;stärkend
1;13;vielfältig
1;13;offen
1;13;kultiviert
1;13;schätzend
1;13;freundlich
2;14;hoffnungslos
1;14;strukturiert
1;14;systematisiert
1;14;schwelgend
1;14;isoliert
1;14;abgekommen
1;14;gedanklich
2;14;klar
1;14;träge
1;14;befassend
1;15;erweckend
1;15;nachdenkiend
1;15;lieb
1;15;vergessend
2;15;verliebt
1;15;geliebt
2;15;hoffnungsvoll
2;15;freundlich
2;16;modern
1;16;flora
1;16;virtuos
1;16;feenhaft
1;16;strukturiert
1;16;fest
1;16;planvoll
1;17;fern
1;17;nah
1;17;herzlich
1;17;verführend
1;17;stark
1;17;hochwertig
1;17;fabelhaft
1;17;träumerisch
1;17;magisch
1;17;bezaubernd
2;17;stolz
1;17;gedanklich
1;17;festigend
1;18;diffus
2;18;krank
2;18;durcheinander
1;18;depressiv
1;18;expressiv
1;18;verkommen
1;18;kindlich
1;18;hoffnungslos
1;18;verzeweifelt
1;18;suchend
3;18;verloren
1;18;verschollen
1;18;eingenommen
1;18;eingeschnappt
1;18;destruktiv
1;18;vergessen
1;18;gehasst
1;18;unschuldig
1;18;schwach
1;18;gemütlich
1;18;faul
1;18;undeutlich
1;1;gefährlich
1;2;anonym
4;4;frei
1;5;simpel
1;5;künstlerisch
1;6;gemustert
2;6;geometrisch
1;6;proportional
1;7;schlicht
1;7;führsorglich
1;8;herbstlich
1;10;symetrisch
1;12;alternativ
1;12;städtisch
1;13;abstrakt
2;13;strukturiert
3;14;frei
2;15;harmonisch
6;16;schön
1;16;grazil
2;16;lebendig
1;18;symetrisch
1;18;naturel
1;18;simpel
2;4;Boote
3;5;Laub
1;6;winzig
2;7;Glück
1;7;Freundschaft
1;8;rost
1;8;öl
1;9;freundschaft
1;9;kälte
1;9;nähe
1;10;Trennung
2;11;Nass
1;11;Gefahr
1;11;Überschwemmung
1;16;keimen
1;17;Segeltörn
1;17;Abschied
1;18;Abholzung
1;18;Artensterben
1;1;wow
1;1;toll
2;1;super
4;2;süß
1;2;wo
1;2;dk
1;4;toll
1;4;shciff
1;5;ossdh
1;5;qowdjh
1;5;pwkqdj
1;6;schildkröte
1;7;lkJSFB
1;7;ÖAKSJD
1;8;lichterkette
1;8;sternenregen
1;9;nervmichnet
1;9;gleiches
1;9;bild
1;9;ihrvollidioten
1;11;iggelbach
3;11;dorf
1;13;süden
1;15;hattenwirschon
1;15;alee
1;15;ramondisch
1;16;wasistdashierfüreinscheiß
1;17;adrg
1;18;spiegelbild
1;1;öde
1;1;karg
1;1;trocken
1;1;still
1;1;unheilvoll
1;5;unheilvoll
2;5;angespannt
1;6;seltsam
2;6;traurig
1;6;verwundert
1;6;verträumt
3;6;verwirrt
1;6;düster
1;6;belebt
1;7;düster
1;7;gefühlvoll
1;9;gefühlvoll
1;9;ziellos
7;9;beruhigend
1;10;unheilvoll
1;10;schaurig
1;10;angespannt
1;10;beängstigend
2;10;trist
2;11;verträumt
2;11;hoffnungsvoll
1;11;erleichtert
1;11;belebt
1;11;belebend
1;11;Hoffnungsschimmer
1;11;Ziel
1;12;verwundert
1;12;gefühlvoll
2;13;karg
1;13;unheilvoll
1;13;klein
1;13;ängstlich
1;14;öde
1;14;unwohl
1;14;niedergeschlagen
1;14;pessimistisch
2;14;trostlos
1;15;bittersüß
1;15;ziellos
1;16;unheilvoll
1;16;schaurig
3;17;fröhlich
1;17;gerührt
2;18;angespannt
1;1;leichtfertig
1;1;unbeholfen
1;2;mysteriös
2;2;frankreich
1;4;familie
1;4;erinnerung
1;4;traum
1;5;mythisch
1;5;spannung
1;6;lebensanfang
1;7;paradies
2;8;frost
1;8;schlamm
7;10;allee
1;10;rauch
1;11;abseits
1;11;verschwinden
1;11;freude
1;11;traum
1;11;selbstbewusstsein
1;12;neon
1;12;leuchtreklame
1;13;durchhaltevermögen
1;13;grenze
1;13;hunger
1;14;paranoid
1;14;großstadt
1;14;dystopisch
1;15;luft
2;15;frei
1;16;blühen
1;16;durchhaltevermögen
1;16;widerstand
1;17;hart
1;17;anstrengung
1;17;seeluft
1;18;universum
1;18;mythisch
1;2;sommerabend
1;2;sonnenuntergang
3;1;heiter
1;1;verzerrt
2;1;erhaben
1;1;happy
1;1;calm
1;2;rain
1;2;love
1;2;colorful
1;4;sea
1;4;boats
1;4;sun
1;4;red
1;4;blue
1;6;colorful
1;6;cells
1;6;microorganism
1;7;autum
1;7;green
1;7;couple
1;7;love
1;8;rain
1;8;window
1;8;loneliness
1;9;couple
1;9;autumn
1;9;love
1;9;rain
1;9;umbrella
1;10;autum
1;10;red
1;10;couple
1;11;sea
1;11;houses
1;11;town
1;12;asian
1;12;fish
1;12;colorful
1;12;lady
1;12;woman
1;13;desert
4;13;orange
1;13;sun
1;14;abstract
1;14;white
1;14;people
1;15;night
1;15;alone
1;15;rain
1;15;umbrella
1;16;nature
1;16;red
1;16;bushes
1;17;boat
1;17;sun
1;17;sea
1;18;flowers
1;18;autum
1;18;dirt
1;18;soil
1;18;leaf
2;1;hoffnungsvoll
1;4;wehmütig
1;5;trostlos
1;6;giftig
1;8;winterlich
1;11;deprimiert
1;11;bedrückt
2;13;aufgeregt
1;13;klar
3;16;hoffnungsvoll
1;18;aufgewühlt
3;1;Kunst
2;2;Kunst
1;5;Trail
1;5;Downhilll
1;5;Mountainbike-Strecke
1;5;Anlieger
2;6;Farbe
4;6;Bakterien
4;7;Hoffnung
1;8;Asche
2;9;Licht
1;9;Hoffnung
1;10;Lichtblick
1;11;Kindergarten
1;12;Farbe
4;13;Kalt
1;14;Digital
1;14;Zukunft
1;14;Mode
1;16;Abendrot
1;16;Sonnenuntergang
1;16;Schlicht
1;17;Abendrot
4;17;Sommer
2;18;Feuer
2;1;kontrast
2;1;lichtblick
2;1;schwere
3;2;zweisam
2;2;trüb
3;6;heiter
1;9;sonntag
1;14;detailliert
1;14;fein
1;15;verlauf
1;15;kontrast
1;15;schwer
1;15;melanchonisch
2;16;belebt
1;16;feurig
2;1;unten
2;1;bedrückt
1;2;pärchen
1;9;unterstützung
1;9;partnerschaft
1;9;gelassenheit
1;9;glücksgefühl
1;1;quadratisch
1;2;stylisch
1;4;kunst
2;4;farbenfroh
1;4;style
1;4;salzluft
1;5;kälte
1;5;winter
2;5;angst
1;5;blut
1;5;zyklus
1;6;körper
1;7;sex
1;7;wald
1;8;blätter
1;8;blüten
1;8;abwechslung
1;9;künstler
1;9;stylisch
1;9;museum
1;9;frankreich
1;9;abend
1;9;sehnsucht
1;10;schöhnheit
1;10;bedrohung
2;10;ungewissheit
1;10;ferne
1;10;zusammenhalt
1;10;farbenfroh
2;11;küste
1;11;leben
1;11;dänemark
1;11;bedrohung
1;11;abenteuer
1;12;tradition
3;13;farbenfroh
1;13;crazy
1;13;ferne
1;14;hart
1;14;stumpf
1;15;mensch
1;15;leben
1;16;abend
1;16;stylisch
1;17;lebensfreude
1;17;ungewissheit
1;17;gefahr
1;18;wärme
1;1;Laut
1;1;Zackig
1;4;fließend
1;4;gedanklich
1;5;ungeordnet
1;5;chaos
1;5;unwissend
1;5;gehäuft
1;5;undefiniert
1;5;grob
2;5;dreckig
1;5;unschön
3;5;geheimnisvoll
1;6;overwhelming
1;6;überwältigend
2;6;ungeordnet
1;6;variable
1;6;herausragend
1;6;kontrastreich
2;7;weit
1;7;bedenklich
1;7;subtil
1;8;träge
1;8;drückend
1;8;bedenklich
1;9;zeitig
1;9;aktiv
1;10;kahl
1;10;windig
1;10;moody
1;10;gezeitlich
1;11;heimlich
1;11;überschaubar
2;11;neutral
1;11;sauber
1;11;abzählbar
1;11;geordnet
1;11;wellig
1;11;ebenen
1;11;distanz
1;12;prägnant
1;12;fokussiert
1;12;isoliert
1;13;isoliert
1;13;variable
1;13;sensibel
2;14;eckig
1;14;böse
1;14;spitz
1;14;abschreckend
1;14;kahl
1;14;sauber
1;14;ängstlich
2;14;unangenehm
1;14;teuer
1;15;zeitig
1;16;pflänzlich
1;16;aufwachsen
1;16;geordnet
1;16;unterstützend
1;16;wachsend
1;16;vielschichtig
1;16;bodenständig
1;16;gewindet
1;16;frau
1;16;weiblich
1;17;flüssig
1;17;aufbrechend
2;17;sonnig
1;17;beginnend
1;17;ausschweifend
1;17;fokussiert
1;17;neu
1;18;chaos
1;18;unsauber
1;18;unpassend
2;18;ungeordnet
2;1;Froh
1;1;Glücklich
1;1;Sommerlich
1;1;dunkle
1;1;Farben
1;2;Bunte
7;2;Regenschirm
1;2;spiegelung
3;2;Bäume
1;4;Segelboote
1;4;zwei
1;5;Wasser
1;5;Braune
1;5;Farben
1;6;Baum
1;6;bräunlich
1;6;Durchschnitt
1;7;liegend
1;7;idllisch
1;8;sternenhimmel
1;8;interpretierbar
1;8;sehr
1;8;offen
1;9;durch
1;10;spziergang
1;10;zu
1;10;zweit
1;10;herbsttag
1;13;trotz
1;13;bunten
1;13;farben
1;14;wirrwarr
1;14;ohne
1;14;emotionen
1;15;bedrohlich
1;15;aber
1;15;auch
1;15;wegen
1;15;und
1;16;Blatt
1;16;Sträucher
1;16;Roter
1;16;Hintergrund
1;16;minimalistisch
1;18;eventuell
1;1;herzlich
1;1;Wertvoll
1;1;großzügig
1;1;schön
1;2;stimmhaft
1;2;besonnen
1;2;frei
1;2;einmalig
1;2;wertvoll
1;4;göttlich
1;4;herzlich
1;4;gut
1;4;wohlfühlend
2;5;distanziert
1;5;ungewollt
1;5;konträr
1;5;verloren
3;6;durcheinander
1;6;strukturvoll
2;6;distanziert
1;6;verwaschen
1;7;wohl
1;7;ruhgig
1;7;besonnen
1;7;abschaltend
1;8;kaltwarm
1;8;vielversprechenend
1;8;umgeben
1;8;trauernd
1;8;hoffungversprechend
1;8;vielversprechend
1;8;überraschend
2;9;sonnig
1;9;umschwingend
1;9;beziehend
1;9;stimmungsvoll
1;9;überwältigend
1;9;stark
1;9;ausdrucksvoll
1;10;besonnen
1;10;unheimlich
1;10;fern
1;10;ausdrucksvoll
1;10;konträr
1;11;besinnlich
4;11;düster
1;11;stimmungsvoll
1;11;aufregend
1;12;expressiv
1;12;ausdrucksstark
1;12;abwechselnd
1;12;divers
1;12;verschieden
1;12;vielfältig
1;13;distanziert
1;13;unheimlich
2;13;ungewiss
1;13;fraglich
1;13;geisterhaft
2;14;städtisch
1;14;fern
1;14;abstoßend
2;14;distanziert
1;14;bedrückend
1;15;besonders
1;15;überwältigend
1;15;wertvoll
1;15;herzlich
1;15;expressiv
1;16;zweigleisig
1;16;hell
1;16;angehenm
1;16;konträr
1;17;überwältigend
4;17;traumhaft
1;17;unbeschreiblich
1;17;herzergreifend
1;17;göttlich
1;17;expressiv
1;18;matschig
1;18;abstoßend
2;18;verschwommen
1;18;ausladend
1;18;lustlos
1;1;unordnung
1;2;angeneh
1;2;utopisch
1;2;märchenhaft
1;10;märchrnhaft
1;14;unordnung
1;14;fahl
1;18;büme
1;1;dramatisch
1;1;emotional
1;1;unentschlossen
2;1;grell
1;2;impressionistisch
1;4;idülisch
1;4;strahlend
3;4;freundlich
1;5;beunruhigend
1;5;kontrast
6;5;warm
1;5;gruslig
1;5;horrorfilmpotential
1;6;stimmig
1;7;unbehaglich
1;7;trotzdem_entspennend
1;8;edel
1;8;klassisch
1;8;impressionistisch
1;8;gefühlsvoll
1;8;qualitativ
1;9;strahlend
1;9;kontrastreich
1;9;expressionistisch
1;10;tiefer_raum
1;11;impressionistisch
1;11;familiär
2;11;friedlich
1;11;idüllisch
2;12;abstrakt
1;12;grün_rot
1;12;heller_fokuspunkt
1;12;verschnörkelt
1;12;pflanzlich
1;13;idyllisch
1;13;äquator
1;13;neblig
1;14;akzentreich
1;14;leicht
1;15;warm_kalt
1;15;farbig
1;15;grell
1;15;beleuchtet
2;16;gräser
1;17;kontrstreich
1;17;farbintensiv
1;17;hell_dunkel
1;17;warm_kalt
1;18;idüllisch
1;18;wohlfühlend
1;18;impressionistisch
2;18;herbstlich
1;18;edel
1;1;Nähe
1;1;Stille
1;1;Anspannung
1;2;Kälte
1;2;Herbstfeeling
1;2;Entspannung
1;4;gelangweilt
1;4;geordnet
1;4;sorgenfrei
1;5;distopisch
1;5;panisch
1;5;hoffnungslos
1;6;interessat
1;6;beängstigend
1;6;vielfältigm
1;7;intim
1;7;ernst
1;7;abgeschottet
1;8;geborgen
1;8;langwierig
1;9;frische
1;9;neuanfang
1;9;geborgenheit
2;9;erleichternd
1;9;erleuchtend
1;10;unbekannt
3;10;unendlich
1;10;machtlos
1;10;hinnehmend
1;10;himmlig
1;10;irdisch
1;11;anonym
1;12;unkonventionell
1;12;energisch
1;12;unsymmetrisch
1;12;vertieft
1;13;distopisch
2;13;hoffnungsvoll
1;13;endlich
1;13;gespalten
1;13;erschöpft
1;14;ernst
1;14;beängstigend
1;14;unendlich
1;14;hilfslos
1;14;verirrt
1;14;flach
1;14;ausgeliefert
1;14;alternativlos
1;15;Wärme
1;15;wohl
1;15;Nässe
1;15;Erleuchtung
1;15;Sicherheit
1;15;Frische
1;16;unordentlich
1;16;invasiv
1;16;übergreifend
1;16;zerstörerisch
1;16;beunruhigend
1;16;warnend
1;16;alarmbereit
1;16;bedrohnt
3;17;sorgenfrei
1;17;sicher
1;17;geordnet
1;17;positiv
1;17;naturverbunden
2;18;unstrukturiert
1;18;unordentlich
1;18;formlos
1;18;eintönig
1;1;überflutet
1;6;wohlfühlend
1;6;bewegend
1;8;unangenehm
1;11;schwer
1;13;wohlfühlend
1;14;unzufrieden
2;16;traurig
1;16;alleine
1;18;angenehm
1;18;befreiend
2;18;fröhlich
1;18;aufmunternd
1;1;Idyllisch
1;1;Unsicher
1;2;Sicher
2;2;ausgeglichen
1;4;imposant
1;4;zeitlos
1;5;stimmungsvoll
1;5;froh
1;5;Umbruchsstimmung
1;6;Glück
1;6;Diversität
1;6;Zusammenhalt
1;7;naturverbunden
1;7;vertrauensvoll
1;8;unsicherheit
1;8;verlorenheit
1;8;abwehr
1;9;gesellschaft
1;9;zetilosigkeit
1;9;romantik
1;10;unsicher
1;10;unbehagen
1;10;beeindruckt
1;11;Sicherheit
1;11;Geborgenheit
1;11;Vetrrauen
1;12;bewunderung
1;12;Identifikation
1;12;Zeitlos
1;12;anonym
1;13;vergeltung
1;13;macht
1;15;traurigkeit
1;15;depression
1;15;melancholie
1;15;ignoranz
1;16;gegensätzlichkeit
1;16;vergänglichkeit
2;17;Einsamkeit
1;17;Zeitlos
1;18;vergänglich
1;7;gemütlich
1;14;stressig
1;15;finster
4;16;entspannt
1;18;unsivherheit
1;1;geheimnisvoll
1;1;misteriös
1;4;erleichternd
1;6;eingeengt
1;6;unterdrückt
1;6;kämpferisch
1;8;gebrochen
1;12;abenteuerlich
1;14;emotionslos
1;15;sicher
1;16;hoffnung
1;16;entwicklung
1;16;positivität
1;17;klar
1;17;erfüllt
1;17;wohltuend
2;18;verdorben
1;1;finster
1;5;hoffnungsvoll
1;7;zwiegespalten
1;9;herzerwärmend
1;10;herzerwärmend
1;10;hoffnungsvoll
1;11;trüb
1;13;trüb
1;15;zwiegespalten
1;9;idylisch
1;2;Einsamkeit
1;2;Neid
2;5;Boden
1;5;Klein
1;5;INsekten
1;6;Wiederholung
1;6;Unendlichkeit
1;7;Nähe
1;8;Insekten
1;8;Langeweilig
1;9;Romanik
1;10;monoton
3;14;Leere
1;14;Angehem
1;14;RUhe
1;16;Frauen
1;16;Hirschgeweih
1;17;Sonneuntergang
1;17;Unorginell
1;1;wach
1;2;fokussiert
1;4;abenteuerlustig
1;6;froh
1;7;erholsam
1;8;verblasst
2;9;vereint
1;9;fokussiert
1;10;erstickend
1;12;läuternd
1;12;konzentriert
1;12;hingebend
1;14;wach
1;14;erleuchtet
1;14;gefangen
1;15;wegweisend
2;15;hell
1;15;zweisam
1;16;harmonisch
1;17;abenteuerlustig
1;17;gefährlich
1;18;lebendig
1;18;versteinert
2;1;kreativ
1;1;unwirklich
1;2;sehnsüchtig
1;4;sehnsüchtig
1;4;bedacht
1;5;verspielt
1;6;naturverbunden
1;8;melancholisch
1;8;hart
1;8;unerwartet
1;9;sehnsüchtig
1;9;ruhend
1;9;genussvoll
4;11;warm
1;11;ambivalent
2;11;sicher
1;12;ruhend
1;13;geradlinig
1;13;chaotisch
1;14;unorganisiert
2;15;zufrieden
1;15;ruhend
1;17;sehnsüchtig
2;18;entspannt
2;18;vertraut
1;1;munter
2;2;freundlich
1;4;ausgelassen
1;4;sorglos
1;5;erwartungsvoll
1;5;gebannt
1;7;geschützt
1;8;anregend
1;9;sorglos
2;10;zufrieden
1;10;verzaubert
1;10;unbeschwert
1;11;ruig
2;11;frei
1;11;gelassen
1;11;locker
1;12;kunstvoll
1;17;sorglos
1;17;inspirierend
1;1;melankolisch
1;1;kühl
1;1;frisch
1;4;energetisch
1;5;neugierig
1;5;geleitet
1;6;suchend
1;7;erleichtert
1;8;inspiriert
1;8;Spaß
1;8;freundschaftlich
1;9;frisch
1;10;vernünftig
1;10;Freude
1;11;lustig
1;11;besorgt
1;12;bewundernd
1;12;verliebt
1;13;endlos
1;14;unsichtbar
1;15;freudig
1;15;positiv
1;15;aufgeregt
1;17;erschöpft
1;18;nachdenklich
1;18;eingeengt
1;1;schlummernd
1;1;strahlend
1;2;traumhaft
1;2;erleichternd
1;4;urlaubsreif
1;4;träumerisch
2;4;froh
1;6;geborgen
1;6;sicher
1;7;frühlingshaft
1;7;kraftschöpfend
1;7;unendlichkeit
1;8;gefährlich
1;8;mulmig
1;8;tobend
3;9;fröhlich
1;9;wohlriechend
1;9;angenehem
1;9;erfüllend
1;9;positiv
1;10;ungesehen
1;10;weit
1;10;gemeinsam-einsam
1;11;erleichternd
1;11;frohsinn
1;11;freundschaftlich
1;11;heimat
1;12;bezaubernd
1;12;sorgenfrei
1;12;persönlich
1;12;kühl
1;14;weit
1;14;gedangenlos
1;14;sorgenlos
1;15;befreiend
1;16;gedankenfrei
2;16;frei
1;16;loslassen
1;16;treibend
1;16;fließend
1;17;genießerisch
1;17;haltlos
1;18;spiegelnd
1;18;kühl
1;18;einschlafend
1;10;romanisch
3;10;beruhigend
1;12;erotisch
1;12;romantisch
1;14;creepy
1;15;enspannend
1;16;neuanfang
1;16;freude
1;1;Impressionismus
2;1;Quadrate
1;1;Weihnachtlich
1;4;Küste
1;4;Anleger
2;4;Strand
1;4;Südseestrand
1;4;gezeichnet
1;4;Abendrot
1;4;Abendsonne
1;5;Ruderboot
1;5;Impressionismus
2;6;Steine
1;6;Unterwasseransicht
1;6;modern
1;7;Zuneigung
1;7;Intimität
1;7;Gefallen
1;7;Annäherung
1;7;Gemeinschaft
1;8;künstlerisch
1;8;silber
1;8;Fäden
1;8;Weihnachten
1;8;Kälte
3;9;Stadt
2;9;Stadtpark
1;9;Liebespärchen
1;9;Schauer
1;9;Regenschauer
1;9;Nachhause
2;11;Küstenstadt
1;11;himmellos
1;11;Italien
1;11;Griechenland
1;11;Ägäis
1;12;Fisch
1;12;Ölgemälde
1;12;demütigt
1;12;verzaubert
1;13;Geist
1;13;brauntöne
1;14;silber
1;14;nichtssagend
1;15;Abendstimmung
1;15;Spätherbst
2;15;Spazieren
1;16;bodenliegend
1;16;kommunistisch
1;16;grau
1;16;träumerisch
2;17;Abendsonne
1;17;Zufriedenheit
1;17;Mut
1;17;Schiffsstraße
1;18;Sumpflandschaft
1;18;Karklandschaft
1;18;geheimnisumwittert
1;1;anmutig
1;2;ehrlich
1;2;bezaubernd
1;2;anziehend
1;2;fesselnd
1;2;imponierend
1;2;magisch
1;1;wohlbefinden
1;7;Entspanntheit
1;9;Gemütlichkeit
1;9;Entspanntheit
1;10;Spaß
1;11;ruhe
1;11;gelassenheit
1;12;Neugierde
1;13;reise
1;13;abenteuer
1;17;losgelöst
1;17;unabhängig
1;1;keine
1;1;Honig
1;1;Parkplatz
5;1;Baum
1;1;OldLadyinGold
1;1;Goldfisch
1;2;Frieden
1;2;LeightJazzb
1;2;wind
1;2;Nostalgie
1;4;Ende
1;4;einer
1;4;guten
1;4;Geschichte
1;5;Kindheit
1;5;ferien
1;6;Biounterricht
1;6;australien
1;6;exotischeFrüchte
1;6;OmasKleid
1;7;ifUtryUrBestButUdntSucceed
1;8;wunderKerzen
1;9;SherlockHolmes
1;10;stalker
1;11;dontLikeIt
1;12;ghostInaShell
1;13;StrongholdCrusader
1;13;Müdigkeit
1;13;arabischeNacht
1;13;Alladin
1;14;starkerRegenImAuto
1;14;LostInTranslation
1;15;Bulgakow
1;15;MasterUndMargaritha
1;16;samuraiJack
1;16;anime
1;17;Feierabend
1;17;Möwen
1;17;wellenrausch
1;18;dreckigesGeschir
1;16;sommer
1;16;entspannung
1;16;relax
1;1;besinnlich
1;1;gemeinschaftlich
1;2;offen
1;4;malerisch
1;5;erholsam
1;5;entspannend
1;6;ausfüllend
1;6;blumig
1;7;organisiert
1;8;weihnachtlich
1;8;verschneit
1;8;vorfreude
1;8;herzlich
3;9;zusammen
1;9;aufbruch
1;10;umschlossen
1;10;bewegt
2;10;zusammen
1;11;gemeinschaftlich
1;11;bewegt
1;11;ungewiss
1;12;natur
1;12;fauna
1;12;offen
3;13;hell
1;14;angst
1;15;bewegt
1;16;karg
1;16;reduziert
2;17;weit
1;18;verwurzelt
1;18;reflektiert
1;18;bodenständig
1;1;Konstrast
1;8;verfall
1;8;mystisch
1;17;malerisch
1;1;gehäuft
1;4;aufgeregt
1;5;mystisch
1;7;komisch
1;7;unangenehm
1;8;verkommen
1;8;träumend
1;12;neutral
1;12;interessenlos
1;13;minimalistisch
1;14;unvollkommen
1;16;mystisch
1;17;enstpannt
1;18;interessant
1;18;hingezogen
1;1;naturalistisch
1;1;schlicht
1;2;enetspannt
2;4;elegant
1;4;nett
1;5;unfrei
1;6;aufällig
1;6;friedlich
1;6;angegriffen
1;7;alleine
1;8;versteckt
1;8;verborgen
1;8;geheimnisvoll
1;9;warmherzig
1;9;behutsam
1;9;beisammen
1;9;befreiend
1;9;elegant
1;9;freudestrahlend
1;10;beisammen
1;10;alleine
1;10;warmherzig
1;11;behutsam
1;12;ausgeglichen
1;12;trist
1;12;lebhaft
1;12;verzwickt
1;14;alleine
1;15;lebensfroh
1;16;einzelnd
1;17;behutsam
1;17;gedankenfrei
1;17;gedankenlos
1;17;lebensfroh
2;18;unruhig
1;18;zerstreut
1;1;kantig
1;2;ölfarbig
1;4;magnifique
1;4;Liebe
1;4;wohlfühlen
1;5;nachts
1;6;kreisig
1;6;mehrfarbig
1;6;begabt
1;8;triste
1;9;Abendspaziergang
1;9;Beziehung
1;10;Dunkelheit
1;11;hübsch
1;11;bläulich
1;13;Farbton
2;14;weiss
1;14;unerkennbar
4;15;Laterne
1;16;Sonne
1;17;wunderbar
2;17;Liebe
3;18;Baum
1;18;triste
1;1;Verwirrung
1;2;glückselig
1;5;erfrischend
1;6;lebensfroh
1;7;konstant
2;8;komisch
1;8;sureal
1;9;Unendlichkeit
1;10;bedrückt
1;10;furchteinflößend
1;10;real
1;11;konstanz
1;11;ideenlos
1;11;unendlich
1;12;undefinierbar
1;13;Unendlichkeit
1;13;leblos
1;14;überfordernd
1;14;langweilich
1;15;unbehagen
1;15;gruselig
1;16;wärme
2;18;langweilig
1;18;leblos
1;2;hell
1;2;interessant
1;4;abends
1;6;merkwürdig
1;6;rätselhaft
1;7;merkwürdig
1;8;ahnungslos
1;8;gedankenlos
1;9;voll
1;9;faszinierend
1;10;farbig
1;10;interessant
2;10;komisch
1;11;beunruhigend
2;13;langweilig
1;13;uninteressant
1;15;zusammen
4;16;interessant
1;17;abends
1;17;beruhiged
1;18;mysteriös
1;18;geheimnisvoll
1;1;Blau
2;2;Laterne
1;7;Mensch
1;8;Kleckse
1;8;Rosa
1;8;ka
1;10;Laterne
1;11;Dunkelblau
1;11;Hellblau
1;11;Farbabstufung
1;11;Rotesrot
1;11;Farbe
1;11;Hamburg
1;11;Fischer
1;13;Savanne
1;14;blau
1;14;grün
1;15;Farbtupfung
2;15;Blau
2;15;rot
1;15;warmepunkte
2;15;wetter
1;17;Boote
1;17;Sonnenaufgang
1;17;untergang
1;17;Fischen
1;17;Nacht
1;17;kaltesmeer
1;17;hafen
1;17;distanz
1;17;Farbe
1;17;warmeslicht
1;17;platz
1;17;1
1;18;Rot
3;18;Gelb
1;18;spiegellung
1;18;sonnig
1;18;Sonne
1;18;heiß
1;1;Mysterious
1;1;bewegt
1;2;bewegt
1;2;vertröumt
1;5;sonnig
4;5;fröhlich
1;5;andi
1;5;tarnend
1;7;doomsday
1;7;klassich
1;7;1
2;7;2
1;7;3
1;7;4
1;8;interessant
1;11;hausig
1;11;rattig
1;11;fest
1;12;poggers
1;12;faszinierend
2;12;wild
1;12;rattig
1;12;frei
1;13;enttäuschend
1;13;traurig
1;15;herzerwärmend
1;15;kaum-bewegung
1;15;getupft
1;16;naturell
1;16;befridigend
1;16;kaufbar
1;16;bahmherzig
1;17;faszinierend
1;18;Kugel
1;18;fest
1;18;farbig
1;1;Tropen
1;1;steine
1;1;Kunstunterricht
1;2;trauer
1;4;geborgenheit
1;5;grusel
1;9;trauer
1;12;liebe
1;12;verwirrung
1;12;horror
1;14;tauer
1;14;verwirrung
1;15;trauer
1;15;nightlife
1;1;Gemälde
1;1;Heilig
1;1;Tag
1;1;Vierecke
1;1;Farbe
1;1;Nadelbaum
1;2;Lichtquellen
1;4;sonnen
1;4;untergang
1;5;grusellig
1;5;unentspannt
1;6;bio
1;8;gesehen
1;8;zu
1;8;langsam
1;9;date
2;10;angst
1;11;hausreihe
1;11;monoton
1;12;asiatin
1;12;zubunt
1;14;seltsam
1;14;unwohlsein
1;14;kunst?
1;14;gemälde
1;14;uncool
1;14;hesslig
1;14;nicht
1;15;paar
1;15;date
1;15;wohnzimmerbild
1;15;ichwürde
1;15;gute
1;16;Bild
1;16;Gemälde
1;16;Kunst
1;16;Strauß
1;16;Tisch
1;16;verschwommen
1;16;malerei
1;17;sehr
1;17;sehrnice
1;17;nice
1;17;sehrcool
1;18;kugeln
1;18;wandmalereien
2;1;Entspannt
1;2;frühlich
1;5;Bund
1;6;Bund
1;6;poggers
1;6;rattig
1;7;dominat
1;7;süß
1;8;sad
1;9;süß
1;10;eseswe
1;10;fwwfeew
1;11;fazinierend
1;11;herzerwärment
1;14;wühlmaus
1;14;Knopfaugen
1;14;lange
1;14;Nase
1;14;wer
1;14;könnte
1;14;das
1;14;sein
1;14;man
1;14;keine
1;14;Frage
1;14;es
1;14;ist
1;14;marcel
1;14;Scorpion
1;14;Prostitution
1;14;bist
1;14;du
1;14;Pinokio
1;14;doch
1;14;oft
1;14;gewohnt
1;15;beunruhigend
1;1;seltsam
1;2;vertraulich
1;4;sonnenuntergangsstimmung
1;5;naturbezogen
2;7;freiheit
1;9;traumhauft
2;11;unkreativ
1;14;frisch
1;18;ungeil
1;1;unglücklich
1;1;getrennt
1;2;romntisch
1;2;harmonie
1;2;schwerelos
1;4;urlaubsgefühl
1;5;chaotisch
1;6;bedröhnend
1;6;elementar
1;7;harmonisch
1;7;beglückend
1;7;befriedigend
1;7;vereint
1;8;unorientiert
1;8;verlaufen
1;8;ungleichgewicht
1;8;seltsam
1;11;harmonsich
1;11;trauer
1;11;beglückend
1;12;elementart
1;13;beruhigend
1;14;einfältig
1;14;stimmungslos
1;14;unkreativ
2;14;unorientiert
1;15;harmonich
1;16;spriesen
1;16;entfalten
1;16;zyklisch
1;1;-komisch
1;1;-seltsam
1;1;weltklasse
1;1;regnerisch
1;1;großeFarbpallete
1;2;Newyork
1;4;altsheimer
1;5;komisch
1;6;kiwi
1;6;würdichnetkafe
1;6;hässlich
1;8;hässlich
1;8;krusilig
1;9;gdfsa
1;9;gfds
1;9;d
1;9;f
1;9;dgfs
1;9;dfg
1;9;dfsg
1;9;dfs
1;9;g
1;9;dfsgsfd
1;9;gd
1;9;fs
1;9;gdfs
1;9;gdfsd
1;9;gf
1;9;df
1;9;gdfsdgfs
1;9;rgwerw
1;9;t
1;9;we
1;9;tq
1;9;rwqt
1;9;rqew
1;9;rw
1;9;qt
1;9;erq
1;9;tqrwtewq
1;9;rwrwqt
1;9;rew
1;9;ewr
1;9;trqe
1;9;qr
1;9;rt
1;9;tew
1;9;ewrtew
1;9;ew
1;9;fdqs
1;9;asgasd
1;9;qewt
1;9;r
1;9;ewrrqew
1;9;rqw
1;10;geil
1;11;Kind?
1;11;weisichnicht
1;11;muss
1;11;nicht
1;12;hentai
1;14;scount69
1;15;cool
1;15;würd
1;15;ichkafe
1;15;geil
1;17;shiff
1;18;penis
1;18;super
1;18;winter
1;18;aufgabe
1;18;Mathis
1;18;Ben
1;18;lars
1;18;Ki
1;18;lol
1;18;lololo
1;18;lolol
1;18;lololl
1;18;ololo
1;18;o
1;18;l
1;18;ol
1;18;oll
1;18;olo
1;18;lo
1;18;lolololo
1;18;lolo
1;18;lololol
1;18;olol
1;18;olologfk
1;18;f
1;18;gfas
1;18;ds
1;18;dgfas
1;18;gfsh
1;18;dgfs
1;18;h
1;18;dgfshgfs
1;18;hgfs
1;18;hd
1;18;gs
1;18;hgfsgfs
1;18;hdgfs
1;18;hgsf
1;18;hdsgf
1;18;hfdd
1;18;hdfa
1;18;gsda
1;18;gfda
1;18;gfad
1;1;Karte
1;2;farbe
1;2;nachts
1;4;horizont
1;4;stadt
1;5;weg
1;6;seife
1;6;regenbogenfarben
1;6;zwiebel
1;6;baktetrien
1;8;geschockt
1;11;grün
1;11;haus
1;11;isolation
1;14;badezimmer
1;14;tisch
1;14;zahnpaste
1;15;orange
1;16;horizont
1;16;geheimness
1;18;blume
1;18;schokolade
1;1;geordentesdurcheinander
1;5;Romantik
1;6;schön
1;6;ruhig
1;7;gras
1;7;Beisammensein
1;7;Miteinander
2;10;gelb
1;10;bund
1;10;Nachmittag
1;10;dunkel
1;10;Regenschirm
1;11;abnehmend
1;11;verlaufend
2;14;nichts
1;14;Bild
1;14;Zettel
1;15;Romantik
1;15;beisammensein
1;15;Mond
1;18;Farben
1;18;Dinge
1;18;Ständer
1;18;oben
1;18;unten
1;18;umgedreht
1;5;vertraut
1;5;zufrieden
1;5;comfortable
1;8;soft
1;8;comfortable
1;15;genießen
1;17;genießen
1;17;comfortable
1;1;Lichter
1;1;Stadtplan
1;1;Rapunzel
1;1;Laternenlichter
2;2;Lampe
1;2;Ehepaar
1;2;Beziehung
1;4;Ozean
1;5;Gras
1;5;schmutzig
1;5;Horny
1;8;Dreck
1;8;Schmutz
1;8;Glas
1;8;widerlich
1;11;Dämmerung
1;11;Straße
2;11;Nacht
1;11;Häuserblock
1;11;gleich
1;13;rau
1;15;Unwetter
1;17;Ozean
1;17;Dämerung
1;18;Schmutz
1;18;Dreck
1;18;Laubbäume
1;18;Jahreszeit
1;1;Verwirrtheit
1;1;Spaß
1;1;Kunterbunt
1;2;laufen
1;2;Alle
1;2;Baum
1;2;Personen
1;7;Mann
1;7;Frau
1;7;Blatt
1;7;orange
1;7;gelb
1;7;rot
1;9;Baum
1;9;Blatt
1;9;Schnee
1;9;rot
1;9;schwarz
1;9;gelb
1;9;orange
1;10;Baum
1;10;Blatt
1;10;Straße
1;10;liegen
1;10;fallen
1;10;grün
1;13;Sonnenaufgang
2;13;rot
2;13;gelb
1;13;blau
1;13;Farbe
1;18;Stamm
1;18;5
1;5;trüb
1;5;hoffnung
1;7;depressiv
1;10;angsteinflössend
1;12;müde
1;17;unendliche
1;7;gestört
1;13;postiv
1;1;geometrisch
1;2;güklich
1;7;vereinfacht
1;9;güklich
1;11;überschwämmung
1;11;vereinfacht
1;5;surreal
1;5;slenderman
1;6;trippy
1;6;druggy
1;7;figuren
1;8;verstrahlt
1;10;hohe
1;11;kalt-warm
1;12;japaner
1;13;heiss
1;14;krankenhaus
1;16;wandtattoo
1;16;klischee
1;17;frieden
1;17;deko
1;17;farbenspiel
1;1;sonnenuntergang
1;1;abend
1;1;kerzen
1;1;Warmes
1;1;dunkeler
1;1;hintergrund
1;4;glückselig
1;7;geordnet
1;11;sturm
1;14;beunruhigend
1;17;a
1;1;Himmel
1;2;Himmel
1;5;Tiere
1;5;Umwelt
1;6;Träume
1;6;Drogen
1;7;Einsamkeit
1;8;Sturm
1;8;Berge
1;8;Natur
1;8;Wald
1;10;Stadtpark
1;10;Gesellschaft
1;12;Menschen
1;12;Pop
1;13;Trockenheit
1;13;Saharah
1;17;Schiife
1;17;Schifffahrt
1;17;Balu
1;2;geistig
1;6;geheimnissvoll
1;6;freidlich
1;9;anziehend
1;11;verwirrend
1;12;deliziös
1;1;unrhig
1;1;flächig
1;1;polychrome-farbpalette
1;1;fantasie
1;1;unnatürlich
1;2;polychrome-farbpalette
1;2;acryl
1;2;idylle
1;2;schirm
1;2;gemalt
1;4;lichter
1;4;polychrom
1;4;polychrome-farbpalette
1;5;polychrome-farbpalette
1;5;unnaturalistisch
1;6;polychrom
1;7;flächig
1;7;unbunt
1;7;unnaturalistisch
1;8;unbunt
1;8;verkrampft
1;9;schirm
1;9;polychrom
1;9;polychrome-farbpalette
1;10;polychrome-farbpalette
1;10;eckig
1;10;kontrast
1;11;flächig
1;11;rot-blau
1;11;leer
1;12;polychrom
1;14;einfarbig
1;15;kalt-warm
1;15;idyllisch
1;16;root
1;17;polychrome-farbpalette
1;17;buntheit
1;17;gemalt
1;18;unbunt
1;18;gelb-grün
1;1;gelbe
1;1;Fläche
1;1;mehreren
1;1;roten
1;1;und
1;1;grünen
1;1;Rechtecken
1;1;man
1;1;bekommt
1;1;ein
1;1;ruihges
1;1;gefühl
1;2;Fantasy
1;5;d
1;6;Zeller
1;6;Sphären
1;6;vieleFarben
1;6;unsymmetrisch
1;6;esthetisch
1;6;ruihg
1;6;ungewöhnlich
1;6;magisch
1;7;draußenimgrünen
1;7;himmel
1;8;d
1;10;spooky
1;10;räumlich
1;10;langer
1;10;fantasy
1;10;zweisahmkeit
1;12;räumlich
1;13;leuchtend
1;13;interpretationswürdig
1;15;traumhaft
1;15;majestetisch
1;15;fantasievoll
1;15;kräftig
1;15;räumlich
1;15;meisterhaaft
1;15;h
1;15;hh
1;15;hhhh
1;15;hhhhh
1;15;hhhhhh
1;15;hhhhhhesd
1;15;sf
1;15;dasf
1;15;eswrrwg
1;15;ds
1;15;g<sd
1;15;gfe
1;15;fe
1;15;f<
1;15;def
1;15;wef
1;15;AS
1;15;f<a
1;15;EWFr
1;15;ERF
1;15;ASfe
1;15;rf
1;15;erfawr
1;15;egasdf
1;15;g
1;16;ruihg
1;16;traumhaft
1;16;Abendsonne
1;16;strand
1;16;Wollken
1;16;himmel
1;16;fantasy
1;16;esthetisch
1;16;magisch
1;16;gekonnt
1;16;räumlich
1;16;ungeordnet
1;16;freiheit
1;17;aufhohersee
1;17;faantasy
1;17;stille
1;17;räumlich
1;18;reflektion
1;18;matsch
1;18;erde
1;18;interpretation
1;1;-ruhig
1;1;-verlassen
1;2;-verträumt
1;2;-glücklich
1;1;Blätter
1;1;Schlecht
1;2;allein
1;5;krank
1;7;abgesondert
1;8;keine
1;8;ahnung
1;11;k
2;13;frei
1;14;versträut
1;17;freiVonSorgen
1;1;kasten
1;1;nett
1;2;straße
1;2;meschen
1;2;blätter
1;4;sommer
1;5;blau
1;6;einladend
1;7;leben
1;7;pflanzen
1;7;erde
1;8;striche
1;8;fensterscheibe
1;9;regenschrim
1;10;groß
1;12;punk
1;14;systhematisch
1;15;lampe
1;18;braum
1;18;blüten
1;1;erhellend
1;2;träumend
1;4;freude
1;4;behruigend
2;6;unwohl
1;6;ungleichgewicht
1;6;unendlich
1;6;niemalsendend
1;8;geborgend
1;8;gesellschaft
1;8;weltraum
1;12;vertäumt
1;12;kalt
1;13;unerholsam
1;13;unangenehm
1;14;dunkel
2;14;monoton
1;15;enstpannend
1;17;enstpannend
1;4;ungestört
1;4;ungezwungen
1;6;ekelig
1;6;unsauber
1;9;ungestört
1;9;bekannt
1;10;eng
1;10;ziellstrebig
1;10;ungewollt
1;10;gezwungen
1;11;weit
1;11;vertraut
1;12;angenehm
1;12;überraschend
1;13;vertraut
1;14;ungewohnt
1;15;wohlfühlend
1;15;ungestört
1;16;gezwiespalten
1;17;wohlfühlend
1;17;ungestört
1;1;Klimt
1;1;fantstisch
1;1;isolation
1;4;Unbedeutend
1;4;lehr
1;5;ReiseZuSichSelbst
1;5;BewusteIsolation
1;5;TreibenLassen
1;5;LosLassen
1;5;Trauer
1;6;Gemeinschaft
1;6;Individuell
1;6;Vielvälltigkeit
1;7;Melankolie
1;7;WeltIstInDemAugenblickOkay
1;7;Beschützt
1;7;Gemeinsam
1;8;aufblühen
1;8;neueKraftSchöpfen
1;8;zaghaft
1;8;liebevoll
1;8;gezeichnetVonSchmerz
1;10;NichtAlleine
1;10;ZusammenDurchSchwereZeiten
1;10;Schwer
1;10;Altern
1;11;Verwirrung
1;11;Unvollständig
1;11;Groß
1;12;Gefühle
1;12;Innenleben
1;12;Ausdruck
1;12;Leicht
1;13;IchVerlust
1;13;VerlorenImGroßenGanzen
1;13;Verschwinden
1;13;Loslassen
1;13;Aufgeben
1;14;Entdecken
1;14;Freude
1;14;Spaß
1;15;melankolischh
1;15;FluchtAusAlltag
1;16;PostApokalyptisch
1;16;NeuesLeben
1;17;RuheVorDemSturm
1;17;Unbehagen
1;17;Angst
1;17;Erwartung
1;18;verfallen
1;2;test
1;12;testtestdennis
1;1;Gold
1;1;frohlockend
1;4;sehnsucht
1;5;nass
1;6;krank
1;7;trösten
1;7;mitleid
1;7;entspannen
1;8;schmutzig
1;9;ästhetisch
1;11;fernweh
1;12;verschlafen
1;12;langweilig
1;13;fernweh
1;1;?
1;5;idyllisch
1;5;ungewiss
1;6;sortiert
1;6;abgegrenzt
1;7;leise
1;7;distanziert
1;9;weit
1;10;besinnlich
1;12;intensiv
1;12;bedacht
1;13;weitläufig
1;14;getrieben
1;14;gesellig
1;15;besinnlich
1;16;verbunden
1;17;innig
1;18;abschrekend
1;18;bedacht
