image_id;tag;rate_1;rate_2
1;..ohjouzfutduzvj.po..;1;1
1;abend;2;2
1;abendstimmung;3;3
1;abstrakt;1;1
1;allein;2;2
1;ananas;1;1
1;angenehm;3;3
1;anspruchsvoll;1;1
1;ar;1;1
1;archäologie;1;1
1;asien;1;1
1;aufbau;2;2
1;aufbruch;2;2
1;aufgeweckt;2;2
1;aufregend;3;3
1;ausgeglichen;3;3
1;ausgewohgen;3;3
1;ausweg;1;1
1;auto;1;1
1;bal;1;1
1;balkf;1;1
1;balsamisch;1;1
1;bambus;2;2
1;bedrohlich;3;2
1;bedrückend;3;3
1;beengend;3;3
1;beklemmend;3;3
1;berechnend;1;1
1;bernstein;2;2
1;beruhigend;3;3
1;beschützt;3;3
1;besonders;2;2
1;bild;1;1
1;blätter;2;2
1;bodenständigkeit;2;2
1;bund;2;2
1;bunt;2;2
1;chaos;3;3
1;chaotisch;3;3
1;claustrophobisch;2;2
1;collage;2;2
1;depressiv;3;2
1;dfa;1;1
1;divers;1;2
1;drauf;1;1
1;drohend;3;2
1;dumm;1;1
1;dunkel;3;3
1;dünster;1;1
1;durcheinander;3;3
1;düser;1;1
1;düster;3;3
1;dynamisch;3;3
1;e;1;1
1;eckig;2;2
1;edel;2;2
1;eingeengt;3;3
1;einheit;2;2
1;einladend;3;3
1;einsam;3;3
1;engel;2;1
1;entdeckungsfreudig;2;1
1;entspannend;3;3
1;entspannt;3;3
1;erfreulich;3;3
1;erinnerungen;1;2
1;erleuchtend;2;2
1;eukalyptus;1;1
1;exoktisch;2;2
1;fantasievoll;2;2
1;farben;2;2
1;farbenfroh;2;2
1;farbenfroh;3;2
1;farbig;2;2
1;fe;1;1
1;fein;2;1
1;feindselig;3;3
1;fokusiert;1;1
1;formen;2;2
1;foto;1;1
1;frei;3;3
1;freiheit;2;3
1;freiheitlich;2;3
1;freizeit;2;2
1;fremd;2;2
1;fremdartig;3;2
1;freude;3;3
1;freundlich;3;3
1;frieden;3;3
1;friedlich;3;3
1;friedvoll;3;3
1;frisch;1;1
1;froh;3;3
1;frohgemut;3;3
1;fröhlich;3;3
1;fruchtbar;1;1
1;fruchtig;1;1
1;geborgen;3;3
1;geborgenheit;3;3
1;gebrochen;2;2
1;gegensätzlich;2;2
1;geheimnisvoll;3;3
1;gelassenheit;3;3
1;gelb;2;2
1;gemütlich;3;3
1;geometrisch;1;1
1;geordnet;3;2
1;geordnetes_chaos;2;2
1;geradlinig;2;2
1;geschäftig;2;2
1;gesellig;3;3
1;gespannt;3;3
1;gestaffelt;2;2
1;gestappelt;2;2
1;gestört;2;2
1;gesund;2;2
1;glücklich;3;3
1;gold;2;2
1;golden;2;2
1;goldig;2;2
1;grell;2;2
1;groß;2;2
1;großartig;2;2
1;grün;1;1
1;gut;2;2
1;harmonie;3;3
1;harmonisch;3;3
1;heilig;2;2
1;heiter;3;3
1;hektik;2;2
1;hell;3;3
1;herbst;2;2
1;herbstlich;3;3
1;herzlich;3;3
1;hfdzrsztcughpoihjomm;1;1
1;hitze;2;2
1;hoffnung;3;3
1;hoffnungsfroh;3;3
1;hoffnungslos;3;3
1;hoffnungsvoll;3;3
1;hygge;1;1
1;igiuzfguztrzsuztfiujhoük.;1;1
1;ihpljml;1;1
1;information;1;1
1;interessant;2;3
1;interessiert;3;3
1;irre;3;2
1;irritiert;3;2
1;iuvbizcutduzgfoihüokoüpk;1;1
1;kantig;2;2
1;kaputt;2;2
1;karo;2;2
1;kästchen;2;2
1;kasten;2;2
1;kerzen;2;2
1;kirche;2;2
1;kirchlich;2;2
1;klimt;1;1
1;konträr;2;2
1;kontrastreich;2;2
1;konzentriert;2;2
1;konzeptionistisch;1;1
1;kräftig;2;2
1;kraftvoll;3;3
1;kreativ;1;1
1;kubisch;2;2
1;kühn;2;2
1;kunst;2;2
1;künstlerisch;2;2
1;künstlich;2;2
1;lachen;2;2
1;langweilig;3;3
1;lärmend;2;2
1;laut;2;2
1;leben;3;3
1;lebendig;3;3
1;lebhaft;3;3
1;leer;2;2
1;leicht;2;2
1;leichtdüsterestimmung;3;3
1;leuchtend;2;2
1;licht;2;2
1;lichtblick;2;2
1;lieb;2;2
1;luftig;2;2
1;lustig;2;2
1;mathematisch;1;1
1;maya;1;1
1;melancholisch;3;3
1;minimal;1;1
1;misstrauisch;3;3
1;modern;1;1
1;morgens;2;2
1;motiviert;3;3
1;müde;3;3
1;mugvutcztcizgvoiuhm;1;1
1;mysteriös;3;3
1;mystisch;2;2
1;natur;2;2
1;natürlich;3;3
1;offen;2;2
1;offenheit;2;2
1;oiuzhhuh;1;1
1;oj;1;1
1;optimistisch;3;3
1;ordentlich;2;2
1;ordnung;2;2
1;organisiert;2;2
1;oufztsgfkuigizdzrxjghvjln;1;1
1;ouigiuzgmmnm;1;1
1;ouigt8izug;1;1
1;panda;1;1
1;pflanzen;2;2
1;pigoiuzfvizciuzvouinim;1;1
1;pigztdztchgojkl;1;1
1;pihij;1;1
1;pixel;2;2
1;pixelig;2;2
1;pjüpojhpoj.zudfrzwstzrdc;1;1
1;pohouigz6dfz;1;1
1;poihpoijh;1;1
1;poijuhouiguzk;1;1
1;pojkolkpoih;1;1
1;positiv;3;3
1;poujhiuoghiu;1;1
1;quadrat;2;2
1;rational;2;2
1;ratlos;3;2
1;romantisch;3;3
1;rot;2;2
1;ruhe;3;3
1;ruhig;3;3
1;rührseelig;3;3
1;saf;1;1
1;scanner;2;2
1;schichten;2;2
1;schmerzlich;3;3
1;schön;2;2
1;schwarz;2;2
1;schwer;2;2
1;sd;1;1
1;sdlf;1;1
1;see;1;1
1;seltsam;3;3
1;sicherheit;2;3
1;sinnlich;3;3
1;sommer;2;2
1;sommerlich;3;3
1;sonne;2;2
1;sonnig;2;3
1;sortiert;1;1
1;spaß;2;2
1;spätnachmittag;2;2
1;stadtplan;2;2
1;statisch;2;2
1;still;3;3
1;stimmungsvoll;3;3
1;strahlen;2;2
1;strand;2;1
1;struktur;2;2
1;strukturiert;2;2
1;symmetrisch;2;2
1;tee;1;1
1;teilung;2;2
1;tod;2;2
1;traurig;3;3
1;trist;3;3
1;trocken;2;2
1;trypophobie;1;1
1;überfordert;1;1
1;überfordert;2;2
1;unangenehm;3;3
1;unbelebt;3;3
1;unberührt;2;2
1;unbeschwert;3;3
1;ungeordnet;2;2
1;unheimlich;3;3
1;uninteressant;3;3
1;unordentlich;3;2
1;unordnung;2;2
1;unruhig;3;3
1;unsicher;3;2
1;unstimmig;3;3
1;unstrukturiert;2;2
1;unsymetrisch;2;2
1;unvollständig;2;2
1;üohjpoijo;1;1
1;urlausbsgefühl;3;2
1;uzff;1;1
1;uzfiugouhüpojoü;1;1
1;vergangenheit;1;1
1;verlassen;3;3
1;verschieden;2;2
1;verspielt;2;2
1;verstört;3;2
1;verwirrend;3;3
1;verwirrt;3;3
1;verwirrung;3;3
1;verzweifelt;3;3
1;vielschichtig;2;2
1;vorangehts;1;1
1;wachsend;1;1
1;wald;2;2
1;warm;3;3
1;wärme;3;3
1;weihnachten;2;2
1;weit;1;1
1;weltoffen;1;1
1;wirr;3;3
1;wohlgesonnen;3;3
1;wüste;2;2
1;xray;1;1
1;zellen;2;2
1;zufrieden;3;3
1;zuhause;2;2
2;#;1;1
2;.oighizfvuiztvciuobojn+pül;1;1
2;abend;2;2
2;abend;3;3
2;abendlich;3;3
2;abends;2;2
2;abendstimmung;3;3
2;aktivierend;1;1
2;allee;2;2
2;allein;2;2
2;alleinsein;3;3
2;alt;1;1
2;ambiente;1;1
2;angenehm;2;2
2;ansprechend;3;3
2;anzug;2;2
2;ausgeglichen;3;3
2;bäume;2;2
2;belebt;3;3
2;beruhigend;3;3
2;besinnlich;3;3
2;beziehung;2;2
2;bittersüß;2;2
2;bunt;2;2
2;calm;1;1
2;classy;2;2
2;dunkel;2;2
2;e;1;1
2;einigkeit;3;2
2;einsam;3;3
2;einsamkeit;3;3
2;entspannend;3;3
2;entspannt;3;3
2;entspannung;2;3
2;entspannung;3;3
2;farbenfroh;3;2
2;feierabend;2;2
2;filmartig;2;2
2;französisch;2;2
2;frei;3;3
2;freiheit;3;3
2;freude;3;3
2;freundlich;3;3
2;frieden;3;3
2;friedlich;3;3
2;frisch;2;2
2;fröhlich;3;3
2;frösteln;2;2
2;frühling;2;2
2;geborgen;3;3
2;geheimnisvoll;3;3
2;gelassen;3;3
2;geliebt;3;3
2;gemeinsam;3;3
2;gemütlich;3;3
2;genuss;2;2
2;gesellig;3;3
2;geselligkeit;3;3
2;glück;3;3
2;glücklich;3;3
2;harmonisch;3;3
2;heimelig;3;3
2;herbst;2;2
2;herbstlich;3;3
2;idyllisch;3;3
2;jhvcghj;1;1
2;kalt;2;2
2;kaltnass;2;2
2;klare;1;1
2;kleid;2;2
2;kühl;2;2
2;kunst;1;1
2;lampen;2;2
2;langweilig;3;3
2;laternen;2;2
2;lebensfroh;3;3
2;lebensleichtigkeit;1;1
2;lebhaft;3;3
2;leibe;1;1
2;liebe;3;3
2;liebevoll;3;3
2;luft;2;2
2;lustig;2;2
2;malerisch;3;3
2;melancholisch;3;3
2;menschen;2;2
2;nachdenklich;3;3
2;nacht;2;2
2;nachtleben;2;2
2;nachts;2;2
2;naß;2;2
2;nass;2;2
2;natur;2;2
2;nett;2;2
2;optimistisch;3;3
2;oujgbouhio0hjpo;1;1
2;outdoor;1;1
2;paar;2;2
2;paare;2;2
2;paradisisch;3;3
2;pärchen;2;2
2;paris;2;2
2;park;2;2
2;partnerschaft;2;2
2;peace;1;1
2;pih9ugpijnüol;1;1
2;pihougouhpoi;1;1
2;positiv;3;3
2;quiet;1;1
2;regen;2;2
2;regenbogen;1;2
2;regenschirm;2;2
2;regenwetter;2;2
2;regnerisch;3;3
2;regnersich;3;3
2;romantik;3;3
2;romantisch;3;3
2;romatisch;3;3
2;ruhe;3;3
2;ruhig;3;3
2;sanft;3;3
2;schillernd;2;2
2;schirm;2;2
2;schön;3;3
2;sehnsucht;3;3
2;sehr;1;1
2;sitzbank;1;1
2;sommer;2;2
2;sommerabend;2;2
2;sommernacht;2;2
2;sorglos;3;3
2;sozial;3;3
2;spätsommer;2;2
2;spazieren;2;2
2;spaziergang;2;2
2;stadt;2;2
2;stimmig;3;3
2;stimmung;1;1
2;stimmungsvoll;3;3
2;straße;2;2
2;straßenbeleuchtung;2;2
2;straßenlaterne;2;2
2;stressfrei;3;3
2;sympathie;2;3
2;traurig;3;3
2;trist;3;3
2;trüb;3;3
2;unangenehm;3;2
2;unternehmerisch;2;1
2;vereint;2;2
2;verlassen;3;3
2;verliebt;3;3
2;verregnet;2;2
2;verschwommen;2;2
2;vertrauen;2;3
2;verträumt;3;3
2;vertraut;3;3
2;vertrautheit;3;3
2;vibrierend;1;1
2;warm;3;3
2;wärme;3;3
2;wild;3;2
2;zeitlos;2;2
2;zufrieden;3;3
2;zufriedenheit;3;3
2;zusammen;2;2
2;zusammenhalt;3;3
2;zweisam;2;3
2;zweisamkeit;3;3
3;(nothing);1;1
3;9o8ugizhg;1;1
3;abend;1;1
3;abgeblättert;2;2
3;abneigung;2;2
3;abstrakt;2;2
3;aggressiv;3;3
3;allein;2;2
3;alt;2;2
3;altar;2;2
3;anarchisch;2;2
3;angenehm;2;2
3;angsteinflößend;3;3
3;ängstlich;3;3
3;äpfel;2;2
3;arbeit;2;2
3;aufgefordert;1;1
3;ausgebleicht;2;2
3;beängstigend;3;3
3;bedeckt;2;2
3;bedrohlich;3;3
3;bedrückend;3;3
3;befreit;3;3
3;beruhigend;3;3
3;bestimmt;1;1
3;beunruhigend;3;3
3;beziehung;1;1
3;biologisch;2;2
3;blut;2;2
3;blutig;2;2
3;bodenständig;2;1
3;botschaft;2;2
3;brutal;3;3
3;bunt;2;2
3;cafe;2;2
3;cafestimmung;2;2
3;chaos;2;2
3;chaotisch;3;3
3;deprimiert;3;3
3;detailreich;2;1
3;dinner;2;2
3;dkkk;1;1
3;dreck;2;2
3;dreckig;2;2
3;dunkel;3;3
3;dünster;1;1
3;dürr;1;1
3;düster;3;3
3;eingesperrt;2;2
3;einsam;3;3
3;einschüchternd;3;3
3;emotional;2;2
3;empfindunglos;3;3
3;englisch;1;1
3;erschreckend;3;3
3;essen;2;2
3;farben;1;1
3;faszinierend;3;3
3;finster;3;3
3;flach;2;2
3;freizeit;2;2
3;geborgen;3;2
3;geborgenheit;3;2
3;gefährlich;3;3
3;gegendenstrom;1;1
3;gelb;2;2
3;geschichte;2;2
3;grafik;1;1
3;grausam;3;3
3;grob;2;2
3;gruft;2;2
3;gruselig;3;3
3;hart;2;2
3;hass;3;3
3;heimatlich;3;2
3;herausfordernd;2;2
3;herbst;2;2
3;herbstlich;3;2
3;industrie;2;2
3;industriell;2;2
3;inspiriert;2;2
3;interessant;2;2
3;interessiert;3;3
3;izfczig9uib;1;1
3;izfuotfvmiuzgjm;1;1
3;jugend;1;1
3;kaffee;2;2
3;kahl;2;2
3;kalt;3;3
3;kaotisch;3;3
3;karo;1;1
3;kirche;2;2
3;kirsche;2;2
3;komisch;2;2
3;komisch;3;3
3;kontrastreich;2;2
3;konzentriert;2;2
3;kraft;2;2
3;kreativ;1;1
3;kreuz;2;2
3;küche;2;2
3;kunst;2;2
3;langweilig;3;3
3;leere;3;3
3;leibe;1;1
3;lernatmosphäre;2;2
3;liebe;2;2
3;malen;1;1
3;melancholisch;3;3
3;miuzfgoutcimouhml;1;1
3;mluztfzu;1;1
3;modern;1;1
3;nachricht;2;2
3;negativ;3;3
3;neutral;2;2
3;nichtzusagend;2;2
3;ordentlich;2;2
3;ordnung;2;2
3;orientierungslos;3;3
3;ouguztfcuzgm;1;1
3;paris;2;2
3;poesi;1;1
3;politsch;1;1
3;propaganda;1;1
3;psychopathisch;2;2
3;quadrat;1;1
3;quatsch;1;1
3;rätselhaft;3;3
3;rau;2;2
3;rebellisch;3;3
3;regen;2;2
3;rockig;2;2
3;rot;2;2
3;rustikal;2;2
3;schmerzhaft;3;3
3;schön;2;2
3;schwerlesbar;1;1
3;spannend;2;2
3;statisch;2;2
3;steril;2;2
3;still;3;3
3;strand;2;2
3;streng;1;2
3;stress;3;3
3;stumpf;2;2
3;text;2;2
3;trauer;3;3
3;traurig;3;3
3;trist;3;3
3;unangenehm;3;3
3;unbewegt;2;2
3;unentspannt;3;3
3;unfreundlich;3;3
3;ungern;2;2
3;unglücklich;3;3
3;unheimlich;3;3
3;unlesserlich;2;1
3;unruhig;3;3
3;unschön;2;2
3;unübersichtlich;2;2
3;unverständlich;2;2
3;verblasst;2;2
3;verbraucht;2;2
3;verlassen;3;3
3;verschmiert;2;1
3;vertrauen;2;2
3;verwirrend;3;3
3;verwundert;3;3
3;verzerrt;2;2
3;viel;2;2
3;vision;2;2
3;wand;1;1
3;warm;2;2
3;weihnachten;2;2
3;wein;2;2
3;widerstand;2;2
3;wild;3;2
3;winterlich;3;3
3;wirr;3;3
3;wissenschaftlich;2;1
3;wut;3;3
3;wütend;3;3
4;abend;2;2
4;abendlich;3;3
4;abendsonne;2;2
4;abendstimmung;3;3
4;abendteuer;2;2
4;abenteuer;2;2
4;abenteuerlust;3;3
4;abenteuerlustig;3;3
4;abschied;2;2
4;aktiv;3;3
4;allein;3;3
4;anfang;2;2
4;angenehm;3;3
4;aquarell;1;1
4;atmosphäre;1;1
4;aufbrausend;3;2
4;aufbruch;2;2
4;aufgedreht;2;2
4;aufregend;3;3
4;ausgeglichen;3;3
4;ausklang;2;2
4;aussicht;2;2
4;beeindruckt;3;3
4;beflügelnd;3;3
4;befriedigend;3;3
4;behaglich;3;3
4;berg;2;2
4;beruhigend;3;3
4;beschaulich;2;3
4;besinnlich;3;3
4;bewegt;3;3
4;bewölkt;2;2
4;bezaubert;3;3
4;blau;2;2
4;boot;2;2
4;boote;2;2
4;bote;2;2
4;bunt;2;2
4;chilling;1;1
4;dämmerung;2;2
4;dorf;2;2
4;dörflich;2;2
4;dumm;1;1
4;dunkel;3;2
4;durchatmen;2;2
4;einfach;1;1
4;eingeladen;2;3
4;einladend;3;3
4;einsam;3;3
4;einsamkeit;3;3
4;elektrisiert;3;3
4;empfänglich;3;3
4;ende;2;2
4;energiegeladen;3;3
4;enjoying;1;1
4;entfernt;2;2
4;enthusiastisch;3;3
4;entlastung;2;2
4;entspannend;3;3
4;entspannt;3;3
4;entspannung;3;3
4;entzückt;3;3
4;erforschenwollen;2;2
4;ergreifend;3;3
4;erhaben;3;3
4;erholsam;3;3
4;erholung;3;3
4;erkunden;2;2
4;erlebnisse;2;2
4;erwartend;3;3
4;etwastraurig;3;2
4;familie;1;1
4;fantasievoll;3;2
4;farbenfroh;2;2
4;farbig;2;2
4;feierabend;2;2
4;ferne;2;2
4;fernweh;2;3
4;fesselnd;3;3
4;feucht;2;2
4;frei;3;3
4;freiheit;3;3
4;freizeit;2;2
4;freundlich;3;3
4;frieden;3;3
4;friedlich;3;3
4;friedvoll;3;3
4;frisch;2;2
4;frische;2;2
4;froh;3;3
4;fröhlich;3;3
4;für-sich-sein;2;2
4;geborgen;3;3
4;gedankenverloren;3;3
4;gedankenvoll;2;3
4;geerdet;3;3
4;gefühlvoll;3;3
4;gelassen;3;3
4;gelassenheit;3;3
4;gemalt;1;1
4;gemeinschaft;2;2
4;gemütlich;3;3
4;gesellig;3;3
4;geselligkit;3;3
4;gespannt;3;3
4;gesselig;3;3
4;glücklich;3;3
4;grenzenlos;2;2
4;großartig;2;2
4;hafen;2;2
4;harmonie;3;3
4;harmonisch;3;3
4;heimelig;3;3
4;heiter;3;3
4;hell;3;2
4;herblich;2;2
4;himmel;2;2
4;hoffnung;3;3
4;hoffnungsvoll;3;3
4;idylle;2;2
4;idyllisch;3;3
4;inspiriert;2;2
4;intensiv;2;2
4;intensiv;3;3
4;interessiert;3;3
4;jghf;1;1
4;jzhgf;1;1
4;kantig;2;2
4;kitschig;2;3
4;klar;2;2
4;klassiscch;2;1
4;kraftvoll;3;3
4;kühl;3;3
4;kühl-aber-nicht-kalt;1;1
4;kühle;2;2
4;kunst;1;1
4;landschaft;2;2
4;lau;2;2
4;lebensfroh;3;2
4;leidenschaftlich;3;3
4;leise;3;2
4;leuchtend;2;2
4;lichter;2;2
4;liebe;3;3
4;liebend;3;3
4;liebevoll;3;3
4;living;1;1
4;losgelöst;2;3
4;losgelöst;3;3
4;magisch;3;3
4;malerisch;2;3
4;mediativ;3;3
4;meer;2;2
4;mehr;1;1
4;melancholisch;3;3
4;morgens;2;2
4;moui;1;1
4;müde;3;3
4;munter;3;3
4;nachdenklich;3;3
4;nacht;1;1
4;nass;2;2
4;natur;2;2
4;nostalgie;2;3
4;optimistisch;3;3
4;orange;2;2
4;ort;1;1
4;ozean;2;2
4;paar;1;1
4;plätschern;2;2
4;positiv;3;3
4;rauschen;2;2
4;reflektion;2;2
4;reichtum;2;2
4;reiselust;3;3
4;relaxing;1;1
4;romantik;3;3
4;romantisch;3;3
4;romatik;3;2
4;romatik;3;3
4;rot;2;2
4;ruhe;3;3
4;ruhend;3;3
4;ruhig;3;3
4;salz;1;1
4;sand;2;2
4;sanft;2;3
4;schadenfroh;2;2
4;schiff;2;2
4;schiffe;2;2
4;schön;3;3
4;schönheit;2;2
4;schwärmerisch;3;3
4;schweifend;1;1
4;see;2;2
4;segel;2;2
4;segelboot;2;2
4;segeln;2;2
4;sehnsucht;3;3
4;sehnsüchtig;3;3
4;sicherheit;2;2
4;sicherheit;3;3
4;sommer;2;2
4;sommerabend;2;2
4;sommerlich;2;2
4;sonne;2;2
4;sonnenuntergang;2;2
4;sonnig;2;2
4;sorgenfrei;3;3
4;sorglos;3;3
4;spaß;2;2
4;stadt;1;1
4;steg;2;2
4;still;3;3
4;stimmungsvoll;3;3
4;stressfrei;3;3
4;tiefe;2;2
4;tiefsinn;2;2
4;tiefsinnig;3;3
4;traum;2;2
4;träumerisch;3;3
4;traumhaft;3;3
4;ufer;2;2
4;umarmend;2;2
4;unabhängig;3;3
4;unabhängigkeit;3;3
4;unbeschwert;3;3
4;ungestüm;3;3
4;urlaub;2;2
4;utd;1;1
4;verliebt;3;3
4;verträumt;3;3
4;vertraut;3;3
4;verwöhnt;2;2
4;warm;3;3
4;wärme;3;3
4;wasser;2;2
4;weinnerungen;1;1
4;weit;2;2
4;weite;2;2
4;weltentrückt;3;3
4;wind;2;2
4;wolkig;2;2
4;wonne;2;3
4;wünschenswert;2;2
4;yachthafen;2;2
4;zahrt;2;2
4;zeit;1;1
4;zeitlos;3;2
4;zrszr;1;1
4;zuahause;1;1
4;zufrieden;3;3
4;zufriedenheit;3;3
4;zusammenhalt;2;2
4;zweisam;3;3
5;abendstimmung;3;3
5;abenteuerlich;3;3
5;abenteuerlustig;3;3
5;abgeschieden;3;2
5;abschied;2;2
5;abstrakt;1;1
5;abwärts;1;1
5;abwechslung;2;2
5;allein;2;2
5;alleine;2;2
5;ambivalent;3;3
5;angenehm;3;3
5;ängstlich;3;3
5;animalisch;2;2
5;atmosphärisch;2;2
5;ausdruck;1;1
5;ausgewogen;3;2
5;bach;2;2
5;baum;2;2
5;bäume;2;2
5;beängstigend;3;3
5;bedrohlich;3;3
5;bedrückend;3;3
5;beengend;3;3
5;befremdend;3;3
5;beklemmend;3;3
5;belebt;3;3
5;berg;2;2
5;beruhigend;3;3
5;blätter;2;2
5;blau;1;1
5;blutig;2;2
5;boot;2;2
5;braun;2;2
5;bunt;2;2
5;chaotisch;3;3
5;dämmerung;2;2
5;diffus;3;3
5;doppeldeutig;2;2
5;dunkel;2;3
5;düster;3;3
5;ehrfürchtig;3;3
5;einbildung;2;2
5;eingeschüchtert;3;3
5;einklang;2;2
5;einsam;3;3
5;eintönig;2;2
5;elegant;1;1
5;ensam;3;3
5;entspannend;3;3
5;entspannt;3;3
5;entspanntheit;3;3
5;erdig;2;2
5;erhaben;2;2
5;farbenfroh;2;2
5;farbenintensiv;2;2
5;farbig;2;2
5;farblos;2;2
5;fehlend;2;2
5;feucht;2;2
5;finster;3;3
5;fluss;2;2
5;fortschritt;2;2
5;fresh;1;1
5;freudig;3;3
5;frieden;3;3
5;friedlich;3;3
5;frisch;2;2
5;fröhlich;3;3
5;gedrückt;3;3
5;gefahr;3;2
5;gefährdet;3;3
5;gefährlich;3;3
5;gefangen;3;3
5;gegensatz;2;2
5;gegensätze;2;2
5;gegensätzlich;3;2
5;geheimnisvoll;3;3
5;gelassen;3;3
5;geliebt;2;2
5;gemütlich;3;3
5;genießen;2;2
5;gespenster;2;2
5;getrennt;2;2
5;getupft;2;2
5;grau;1;1
5;grüblerisch;3;3
5;grün;2;2
5;gruselig;3;3
5;harmonisch;3;3
5;hast;1;1
5;heiter;3;3
5;herbst;2;2
5;herbstlich;3;3
5;herbstlig;1;1
5;herbstwald;2;2
5;hoffnungslos;3;3
5;hoffnungsvoll;3;3
5;horizontal;2;2
5;horror;2;2
5;idyll;2;2
5;idyllisch;3;3
5;impression;1;1
5;inspirierend;3;3
5;irritiert;3;3
5;kahl;2;2
5;kalt;3;3
5;kälte;3;3
5;kar;1;1
5;kindheit;2;2
5;klar;2;2
5;konfus;3;3
5;konträr;2;2
5;kontrast;2;2
5;kontrastreich;2;2
5;kühl;3;3
5;lang;2;2
5;langweilig;3;3
5;laub;2;2
5;lauernd;2;2
5;lauwarm;2;2
5;lecker;1;1
5;leer;2;2
5;losgelöst;3;3
5;matsch;2;2
5;mehrdeutig;2;2
5;melancholisch;3;3
5;mix;2;1
5;modern;2;2
5;modrig;2;2
5;morgenstimmung;3;3
5;müde;3;3
5;nachdenklich;3;3
5;nass;2;2
5;natprlich;2;2
5;natur;2;2
5;naturfreudig;1;1
5;natürlich;2;2
5;nebel;2;2
5;nebelig;3;3
5;negativ;3;3
5;nervös;3;3
5;nett;2;2
5;november;2;2
5;ouöföiu;1;1
5;papierboot;2;2
5;pfad;2;2
5;pihbiopjnü.;1;1
5;pihnpijnm;1;1
5;rau;2;2
5;realistisch;3;3
5;regen;2;2
5;regnersich;3;3
5;rot;1;1
5;rot;2;2
5;ruhe;3;3
5;ruhig;3;3
5;rutschig;2;2
5;schauerlich;3;3
5;schaurig;3;3
5;schiff;2;2
5;schiffchen;2;2
5;schlamm;2;2
5;schön;2;2
5;seltsam;3;3
5;senkrecht;1;1
5;sinnfrei;1;2
5;skuriel;3;2
5;sorgenvoll;3;3
5;spannung;3;3
5;spät;2;2
5;spätherbst;2;2
5;spaziergang;2;2
5;spazierweg;2;2
5;stark;1;1
5;steilwand;2;2
5;still;3;3
5;stimmung;1;1
5;stimmungsvoll;3;3
5;sturm;2;2
5;stürmig;2;2
5;sü;1;1
5;sumpfig;2;2
5;taube;1;1
5;tot;2;2
5;trauer;3;3
5;traurig;3;3
5;traurigkeit;3;3
5;trist;3;3
5;trüb;3;3
5;trübsinnig;3;3
5;trügerisch;2;2
5;tümpel;2;2
5;überfordert;1;1
5;unbedeutsam;3;3
5;unbeeinflusst;2;1
5;unbehagen;3;3
5;unberührt;2;2
5;ungenau;2;2
5;ungestört;3;3
5;unklar;2;2
5;unrealistisch;2;2
5;unruhig;3;3
5;unsicher;2;2
5;unversehrt;3;2
5;unwohl;3;3
5;uralt;1;1
5;vegetieren;2;2
5;verblichen;3;2
5;verblüffend;2;2
5;vereinfacht;2;2
5;verfolgt;2;2
5;verlassen;3;3
5;verloren;3;2
5;verlust;2;2
5;verschwinden;2;2
5;verspielt;3;2
5;vertikal;1;1
5;verträumt;3;3
5;vertraut;3;2
5;verwirrend;2;2
5;verwirrt;3;3
5;vogel;1;1
5;vorbereitung;1;1
5;vorsichtig;2;2
5;waagerecht;1;1
5;wahrnehmung;1;1
5;wald;2;2
5;wäldlich;3;2
5;walt;2;2
5;wand;2;2
5;warm;3;3
5;wärme;3;3
5;weg;2;2
5;weiß;1;1
5;wenigemotionall;2;2
5;wetter;2;2
5;wiese;2;2
5;wind;2;2
5;winterlich;3;3
5;working;1;1
5;zeitdruck;2;1
5;zurückgehalten;2;2
5;zweigeteilt;2;2
5;zwiegespalten;2;2
6;abgrenzend;1;1
6;abgrenzung;1;1
6;abstrakt;1;1
6;abwechslungsreich;2;2
6;aktiv;2;2
6;alltäglich;2;2
6;alt;1;1
6;angenehm;3;3
6;angespannt;3;3
6;ängstlich;3;3
6;anordnung;2;2
6;anregend;3;2
6;anstrengend;3;2
6;antik;1;1
6;apfelmännchen;1;2
6;aquarell;2;2
6;aquarium;1;1
6;arbeitsaufwendig;2;2
6;art;1;1
6;aspektreich;1;1
6;atomar;2;2
6;auffallend;2;2
6;aufgeweckt;3;3
6;aufgeweicht;2;2
6;aufgewühlt;3;3
6;ausgeflippt;3;3
6;ausgeglichen;3;3
6;ausgrenzend;1;1
6;bakterien;2;2
6;baumstämme;2;2
6;beängstigend;3;3
6;bedrängt;3;3
6;belasted;3;2
6;belebend;3;3
6;belebt;3;3
6;beruhigend;3;3
6;beunruhigend;3;3
6;bewegend;3;3
6;bewegt;3;3
6;bewegung;2;2
6;biologie;2;2
6;biologisch;2;2
6;bläschen;2;2
6;blass;2;2
6;blatt;2;2
6;blau;2;2
6;blubberblasen;2;2
6;blubberig;2;2
6;blubbern;2;2
6;blutplättchen;2;2
6;böse;3;2
6;botanik;2;2
6;braun;2;2
6;bright;1;1
6;bunt;2;2
6;chaos;3;3
6;chaotisch;3;3
6;cool;2;2
6;dekorativ;2;2
6;dunkel;3;3
6;durcheinander;3;3
6;düster;3;3
6;ecklig;2;2
6;eier;2;2
6;einengend;3;3
6;einigkeit;3;2
6;einsam;3;3
6;eintönig;2;2
6;eklig;2;2
6;emotionen;1;1
6;energiegeladen;3;2
6;entspannend;3;3
6;entspannt;3;3
6;entspannung;3;3
6;erfrischend;3;3
6;erschaffen;2;2
6;erwachen;2;2
6;exotisch;3;2
6;fade;2;2
6;fantasielos;2;2
6;farbe;1;1
6;farbe;2;2
6;farben;1;1
6;farbenfroh;2;2
6;feucht;2;2
6;finster;3;3
6;flächig;2;1
6;fokus;1;1
6;fokussierung;1;1
6;form;2;2
6;formen;2;2
6;forschung;2;2
6;frei;2;2
6;freude;3;3
6;freunde;1;1
6;freundlich;3;2
6;freundlich;3;3
6;fröhlich;3;3
6;früchte;2;2
6;frühling;2;2
6;frühlingshaft;2;2
6;gefährlich;3;3
6;gefühle;1;1
6;gegenstandslos;2;2
6;geheimnisse;1;1
6;geheimnisvoll;3;2
6;geheimnisvoll;3;3
6;gelb;1;1
6;gemalt;1;1
6;gemeinsam;2;3
6;gemütlich;3;3
6;geometrisch;2;2
6;geordnet;2;2
6;gewöhnlich;2;2
6;glasfenster;2;2
6;grün;2;2
6;grundfarben;2;1
6;harmonie;3;3
6;harmonisch;3;3
6;hässlich;2;2
6;heiter;3;3
6;hell;3;3
6;heterogen;2;2
6;hippie;1;1
6;hoffnungslos;3;3
6;hoffnungsvoll;3;3
6;holz;2;2
6;hungrig;3;2
6;identitätsfördernd;1;1
6;im;1;1
6;individualistisch;2;2
6;individuell;2;2
6;ineinanderlaufend;2;2
6;inhaltslos;2;2
6;inspirierend;3;3
6;instabil;2;1
6;interessant;2;3
6;interessant;3;3
6;interessiert;3;3
6;irreal;3;3
6;kalt;3;3
6;kein gefühl;2;2
6;kindheit;2;2
6;klamotten;1;2
6;komisch;3;2
6;komplementärfarbe;2;2
6;kontrastarm;2;2
6;kräftig;2;2
6;krank;3;2
6;krankheit;2;2
6;kreativ;2;2
6;kreativität;2;1
6;kreis;2;2
6;kreise;2;2
6;kultur;2;2
6;kunst;1;1
6;kunst;2;2
6;künstler;1;1
6;künstlerisch;2;2
6;künstlich;3;2
6;langweilig;3;3
6;leben;2;2
6;lebend;3;2
6;lebendig;3;3
6;lebensfroh;3;3
6;lebhaft;3;3
6;leer;2;2
6;lernen;1;1
6;lively;1;1
6;malerisch;2;2
6;malerisch;3;3
6;mandala;2;2
6;mechanisch;2;2
6;meer;2;2
6;melone;2;2
6;microorganismen;2;2
6;mikroskop;2;2
6;mikroskopisch;2;2
6;monoton;3;2
6;mosaik;2;2
6;muster;2;2
6;muzfu;1;1
6;mystisch;3;3
6;nachdenklich;3;3
6;nass;2;2
6;natur;2;2
6;natürlich;2;2
6;naturwissenschaftlich;2;2
6;nett;2;2
6;neu;1;1
6;neutral;3;2
6;nichthübsch;2;2
6;nichtssagend;3;3
6;ocker;1;1
6;öde;3;2
6;ordnung;2;2
6;organisch;2;2
6;organismus;2;2
6;orientalisch;2;1
6;ostern;2;2
6;ovale;2;2
6;pflanzen;2;2
6;pilz;2;2
6;positiv;3;3
6;problematisch;1;1
6;profund;3;2
6;quirlig;3;3
6;rau;3;2
6;reduziert;2;2
6;regelmäßig;2;2
6;regelmäßigkeit;2;2
6;rot;1;1
6;rot;2;2
6;ruhe;3;3
6;ruhelos;3;3
6;ruhig;3;3
6;rund;2;2
6;rundungen;2;2
6;sanft;3;3
6;schnecke;2;1
6;schön;2;2
6;schule;1;1
6;skurril;3;3
6;sommer;2;2
6;spannend;3;3
6;steine;2;2
6;steril;2;2
6;still;3;3
6;stim;1;1
6;stimmung;1;1
6;stimmungserhellend;1;1
6;stinkig;1;1
6;struckturell;2;2
6;struktur;2;2
6;strukturiert;2;2
6;surreal;3;3
6;symbolisch;2;2
6;tiefe;2;2
6;traumblasen;2;2
6;trist;3;3
6;tropfen;2;2
6;übel;2;2
6;überflüssig;2;2
6;überladen;3;3
6;unangenehm;3;3
6;unbequem;3;3
6;undurchsichtig;2;2
6;uneben;2;2
6;uneinig;2;2
6;unfreundlich;3;3
6;ungeordnet;2;2
6;ungleichmäßig;3;2
6;unharmonisch;3;3
6;unhygenisch;2;2
6;unmotiviert;3;2
6;unordnung;2;2
6;unrealistisch;2;2
6;unrhig;3;3
6;unruhe;3;3
6;unruhig;3;3
6;unschön;2;2
6;unstrukturiert;2;2
6;unsympathisch;2;2
6;unwirklich;3;3
6;unwohl;3;3
6;uzf;1;1
6;uzfmhlm;1;1
6;verblasst;2;2
6;verblichen;2;2
6;verbunden;3;3
6;vereinfacht;2;2
6;verlassen;3;3
6;verlauf;2;2
6;verlaufen;2;2
6;verrückt;3;3
6;verschwommen;2;2
6;verspielt;3;3
6;verwaschen;2;2
6;verwirrend;3;3
6;verwirrt;3;3
6;verwischt;2;2
6;verwundert;2;2
6;verzerrt;2;2
6;verzückt;2;2
6;viel;1;1
6;vielfalt;2;2
6;vielfältig;2;2
6;viren;2;2
6;vital;2;2
6;vitality;1;1
6;vorhersehbarkeit;2;2
6;wach;2;2
6;wandelbar;2;2
6;warm;3;3
6;wasser;2;1
6;wasser;2;2
6;wiederspruch;2;2
6;wild;3;3
6;wirr;3;3
6;wirrwarr;2;2
6;wissenschaft;2;2
6;yoga;1;1
6;zelle;2;2
6;zellen;2;2
6;zufriedenheit;2;3
6;zusammenpassend;2;2
6;zusammenstark;1;2
6;zwiegespalten;2;2
7;abwartend;3;3
7;adam;1;1
7;adamundeva;1;1
7;ahorn;2;2
7;allein;3;3
7;alleinezuzweit;1;1
7;angenehm;3;3
7;angespannt;3;3
7;angest;1;3
7;aufatmen;2;2
7;ausgeglichen;3;3
7;ausruhen;2;2
7;beängstigend;3;3
7;bedeckt;2;1
7;bedrückend;3;3
7;behütend;3;3
7;behütet;3;3
7;beklemmend;3;3
7;belebt;2;2
7;beruhigend;3;3
7;besinnung;3;3
7;beunruhigend;3;3
7;beziehung;2;2
7;blatt;2;2
7;blätter;2;2
7;bunt;2;2
7;chillen;2;2
7;dämmerung;1;1
7;distanziert;1;1
7;dunkel;2;2
7;einfallslos;1;2
7;einfühlsam;3;3
7;einsam;3;3
7;eklig;2;2
7;ende;2;1
7;endlich;1;1
7;entrückt;3;3
7;entspannend;3;3
7;entspannt;3;3
7;entspannung;3;3
7;erheitert;3;3
7;erholung;3;3
7;erotik;2;2
7;eva;1;1
7;ewig;1;1
7;farbig;2;2
7;flächig;1;1
7;flirt;2;2
7;frau;2;2
7;frei;3;3
7;freizeit;2;2
7;freude;3;3
7;freunde;2;2
7;freundlich;3;3
7;frieden;3;3
7;friedlich;3;3
7;frisch;2;2
7;froh;3;3
7;fröhlich;3;3
7;frühling;2;1
7;fürsorglich;3;3
7;geborgen;3;3
7;geborgenheit;3;3
7;gechillt;3;3
7;gedankenverloren;3;3
7;gefühlvoll;3;3
7;geheimisvoll;3;3
7;geheimnisvoll;3;3
7;gelassen;3;3
7;gelb;2;2
7;geliebt;3;3
7;gemeinsam;3;3
7;gemeinsamkeit;3;3
7;gemensam;2;3
7;gemütlich;3;3
7;genießen;3;3
7;geniessen;3;3
7;glück;3;3
7;glücklich;3;3
7;grau;1;1
7;grün;2;2
7;gruselig;3;3
7;harmonisch;3;3
7;heimlich;3;2
7;heiß;2;2
7;heiter;3;3
7;helfen;2;2
7;herbst;2;2
7;herbstlich;3;3
7;herzlich;3;3
7;herzschmerz;2;3
7;hilfbereit;2;2
7;hilfe;2;2
7;hilflos;3;3
7;hoffnung;3;3
7;hoffnungsvoll;3;3
7;hügel;2;2
7;idyllisch;3;3
7;irritation;2;2
7;isolierung;3;3
7;kalt;3;3
7;karg;2;2
7;kindergarten;1;1
7;komisch;3;2
7;krank;2;2
7;krankheit;2;2
7;kühl;3;3
7;kuschelig;2;2
7;kuscheln;2;2
7;langweilig;3;3
7;laub;2;2
7;leben;2;2
7;lebendig;3;2
7;lebensfroh;3;3
7;leere;3;2
7;leise;3;2
7;liebe;3;3
7;liebend;3;3
7;liebevoll;3;3
7;liebkosend;2;2
7;lieblich;3;2
7;liegen;2;2
7;luftig;2;2
7;lüstern;3;3
7;mann;2;2
7;mehrdeutig;2;2
7;melancholisch;3;3
7;menschen;2;2
7;merkwürdig;2;2
7;minimalistisch;2;2
7;munter;3;3
7;mutduztfduizm;1;1
7;nachdenklich;3;3
7;nächstenliebe;2;3
7;nähe;2;2
7;nähe;2;3
7;natur;2;2
7;natürlich;2;2
7;negativ;3;3
7;neuanfang;2;2
7;neutral;2;2
7;notfall;2;2
7;offen;2;2
7;optimistisch;3;3
7;orange;2;2
7;paar;2;2
7;paradies;2;2
7;paradiesisch;2;2
7;pärchen;2;2
7;pfad;2;2
7;pflege;2;2
7;picknick;2;2
7;pikant;2;2
7;primitiv;2;2
7;privat;2;2
7;qual;3;3
7;reduziert;1;1
7;relaxen;3;3
7;rettung;2;2
7;rjs.;1;1
7;romantisch;3;3
7;rot;1;1
7;rot;2;2
7;ruhe;3;3
7;ruhig;3;3
7;rumhängen;2;2
7;rustikal;2;2
7;sanft;3;2
7;satt;2;2
7;schlaf;2;2
7;schlafen;2;2
7;schläfrig;3;3
7;schleimig;2;2
7;schön;2;2
7;seelenfrieden;3;2
7;sehnsucht;3;3
7;seltsam;3;3
7;sexuell;3;3
7;signalwirkend;2;2
7;sommer;2;2
7;sommerlich;3;2
7;sommerlich;3;3
7;sonne;2;2
7;sonnig;3;3
7;sorgenfrei;3;3
7;sorglos;3;3
7;spaß;2;2
7;still;3;3
7;stillschweigend;3;3
7;stressfrei;3;3
7;sündug;2;2
7;surreal;3;3
7;tod;2;2
7;tödlich;2;2
7;tot;2;2
7;trägheit;3;3
7;trauer;3;3
7;träumen;2;2
7;träumerisch;3;3
7;traurig;3;3
7;trist;3;3
7;trost;3;3
7;trügerisch;2;2
7;unangenehm;3;3
7;unbekümmert;3;3
7;uneinladend;3;3
7;unfall;2;2
7;ungestört;3;3
7;ungewiss;3;2
7;unruhig;3;3
7;unwirklich;3;3
7;urvertrauen;2;2
7;utrd;1;1
7;verbunden;3;3
7;verlassen;3;3
7;verliebt;3;3
7;verliebtes;3;3
7;verliebtsein;3;3
7;verspielt;2;2
7;verspielt;3;3
7;vertauen;3;3
7;vertrauensvoll;3;3
7;verträumt;3;3
7;vertraut;3;3
7;vertrautheit;3;3
7;verwirrend;3;3
7;warm;3;3
7;wärme;3;3
7;weisheit;2;2
7;weit;1;1
7;weiträumig;2;2
7;wenig;1;1
7;wesen;2;2
7;wiese;2;2
7;wohlig;3;3
7;wünschenswert;2;2
7;zärtlich;3;3
7;zufrieden;3;3
7;zuneigung;2;3
7;zusammen;3;3
7;zweimenschen;2;2
7;zweisam;3;3
7;zweisamkeit;3;3
8;abenteuer;1;2
8;ablehnend;3;3
8;abstoßend;3;3
8;abstrakt;1;1
8;abwartend;3;2
8;abweisend;3;3
8;allein;2;2
8;alt;2;1
8;andaechtig;3;3
8;angekettet;2;2
8;angenehm;3;3
8;angespannt;3;3
8;angst;3;3
8;ängstlich;3;3
8;angstschlotternd;3;3
8;aquarell;2;2
8;aufgekratzt;3;3
8;ausgelaugt;3;3
8;ausgrenzung;2;2
8;ausland;1;1
8;beängstigt;3;3
8;bedrängt;3;2
8;bedrückend;3;3
8;bedrückt;3;3
8;beige;2;2
8;beklemmend;3;3
8;beklemmt;3;3
8;bekümmert;3;3
8;beruhigend;3;3
8;betrübt;3;3
8;bewölkt;1;2
8;blass;2;2
8;blätter;1;1
8;blau;2;2
8;blumen;2;1
8;blüten;2;1
8;blüten;2;2
8;blütenzauber;2;2
8;böse;3;3
8;braun;2;2
8;bunt;2;2
8;chaos;3;3
8;chaotisch;3;3
8;dekorativ;2;2
8;depressiv;3;3
8;deprimiert;3;3
8;diffus;3;3
8;dreckig;2;2
8;drinnen;2;1
8;drückend;3;3
8;dumpf;3;3
8;dunkel;3;3
8;durcheinander;3;3
8;düster;3;3
8;eherfröhlich;3;2
8;einfarbig;2;2
8;eingeschlossen;2;2
8;einsam;3;3
8;einschneidend;2;2
8;eintönig;3;3
8;eis;2;2
8;eisblumen;2;2
8;emotional;3;3
8;energielos;3;3
8;energiereich;3;3
8;entrüstet;2;2
8;entspannt;3;3
8;enttäuscht;3;3
8;erwartungsvoll;3;3
8;exotischesland;1;2
8;fallen;2;2
8;fantasievoll;3;2
8;fantastisch;3;2
8;farben;2;2
8;farbig;2;2
8;faszinierend;3;3
8;fenster;2;2
8;fensterscheibe;2;2
8;fesselnd;3;3
8;feucht;2;2
8;fläcken;2;2
8;fleckig;2;2
8;freundlich;3;3
8;frisch;2;2
8;fröhlich;3;3
8;frost;2;2
8;frühling;2;2
8;frustriert;3;3
8;funkelnd;2;2
8;gammelig;2;2
8;geborgen;3;3
8;gedankenverloren;3;3
8;gefangen;3;3
8;gegenstandslos;2;2
8;geheimnisse;2;2
8;geheimnisvoll;3;3
8;gelassen;3;3
8;gelb;1;1
8;gemalt;1;1
8;gemütlich;3;3
8;geradlinig;2;2
8;geschmackvoll;2;2
8;gespannt;3;3
8;gestört;2;2
8;glänzend;2;2
8;gleichgültig;3;3
8;glitzernd;2;2
8;gräser;2;2
8;grau;2;2
8;gräulich;2;2
8;grün;2;2
8;harmonisch;3;3
8;hell;3;3
8;herbst;2;2
8;herbstlich;3;3
8;hilflos;3;3
8;hoffnungslosigkeit;3;3
8;hoffnungsvoll;3;3
8;horizont;2;2
8;inspirierend;3;2
8;intensiv;3;3
8;interessant;3;3
8;irritiert;3;3
8;isoliert;3;3
8;izf;1;1
8;jämmerlich;3;3
8;japan;1;1
8;kahl;3;2
8;kal;1;1
8;kalt;3;3
8;kälte;3;3
8;konträr;2;2
8;kontrastreich;2;2
8;konzeptionistisch;1;1
8;kraftlos;2;3
8;krank;2;2
8;kristallin;2;2
8;kühl;3;3
8;kunst;2;2
8;künstlerisch;2;2
8;künstlich;3;2
8;kuschelig;3;3
8;langweilig;3;3
8;lebendig;3;3
8;leer;2;2
8;lianen;2;2
8;liebe;3;2
8;lieblos;3;3
8;linien;2;2
8;lustlos;3;3
8;magisch;2;3
8;melancholisch;3;3
8;miesepetrig;3;3
8;minimal;2;2
8;minimalistisch;2;1
8;minimalistisch;2;2
8;misstrauisch;3;3
8;modern;2;2
8;möglichkeitenreich;1;1
8;monoton;3;3
8;müde;3;3
8;muj;1;1
8;mutlos;2;3
8;mysteriös;3;3
8;mystisch;3;3
8;nachdenklich;3;3
8;nass;2;2
8;nett;1;2
8;nett;2;2
8;neutral;3;2
8;nichtinteressiert;2;3
8;nichtssagend;3;3
8;niedergeschlagen;3;3
8;nostalgisch;3;3
8;optimistisch;3;3
8;panisch;3;3
8;positiv;3;3
8;positiv-bizzar;3;2
8;poster;1;1
8;pulsierend;2;2
8;ratlos;3;3
8;regen;2;2
8;regentropen;2;2
8;regnerisch;3;3
8;regnersich;3;3
8;reuig;1;1
8;romantisch;3;3
8;ruhe;3;3
8;ruhelos;3;3
8;ruhig;3;3
8;schimmel;2;2
8;schmetterlinge;2;2
8;schmutz;2;2
8;schmutzig;2;2
8;schnee;2;2
8;schneeflocken;2;2
8;schön;2;2
8;schuldig;3;2
8;schwarz;1;1
8;sicher;3;3
8;sichtbarkeit;2;2
8;sinnlos;2;2
8;spannend;3;3
8;stäbe;2;2
8;statisch;2;2
8;steril;1;2
8;sterne;2;2
8;still;3;2
8;still;3;3
8;stimmig;3;2
8;stimmig;3;3
8;stimmungsaufhellend;3;2
8;stimmungsvoll;3;3
8;strahlend;3;2
8;streifen;2;1
8;struktur;2;2
8;tiefe;2;2
8;tiefgründig;2;3
8;tragisch;2;2
8;träne;2;2
8;tränen;2;2
8;transzendent;3;2
8;trauer;2;3
8;trauer;3;3
8;traum;2;2
8;traumartig;2;3
8;träumerisch;3;3
8;traumhaft;3;3
8;traurig;3;3
8;traurigkeit;3;3
8;trist;3;3
8;trüb;3;3
8;tupfen;2;2
8;turkis;1;1
8;unauffällig;2;2
8;unbewegt;2;2
8;undurchscheinbar;2;2
8;ungemütlich;3;3
8;ungeordnet;2;2
8;unglücklich;3;3
8;unklarheit;2;2
8;unmotiviert;3;3
8;unordnung;2;2
8;unrealistisch;2;3
8;unruhe;3;3
8;unruhig;3;3
8;unspektakulär;2;2
8;unsynchron;1;1
8;unvorhersehbar;2;2
8;unwohl;3;3
8;urwald;1;1
8;vereist;3;2
8;vergangen;2;1
8;vergangenheit;2;2
8;verkrampft;3;3
8;verlassen;3;3
8;vermischt;2;2
8;vernebelt;3;3
8;verregnet;3;3
8;verschleiert;3;2
8;verschlossen;3;2
8;verschmiert;2;2
8;verschwommen;2;2
8;verspielt;3;3
8;versponnen;2;2
8;versteckt;2;2
8;verträumt;3;3
8;verwirrend;3;3
8;verwischt;2;2
8;verwundert;2;3
8;verzaubert;2;3
8;verzaubert;3;3
8;verzweifelt;3;3
8;wahllos;2;2
8;wandmalerei;1;1
8;warm;3;3
8;wartend;2;2
8;wasser;2;2
8;weihnachtlich;2;2
8;weiß;2;1
8;winter;2;2
8;winterlich;3;3
8;winterzaber;2;2
8;wirr;3;3
8;witer;1;1
8;zart;3;3
8;zd;1;1
8;zerrissen;3;3
8;zrszmm;1;1
8;ztsdz;1;1
8;zufall;1;1
8;zufrieden;3;3
8;zurückhaltend;2;2
9;abend;2;2
9;abendlich;3;3
9;abends;2;2
9;abendstimmung;3;3
9;abenteuerlustig;3;3
9;abstrakt;1;1
9;allee;2;2
9;alley;1;1
9;angenehm;3;3
9;anschmiegsam;3;2
9;atmosphäre;2;2
9;aufgehoben;2;2
9;aufregend;3;3
9;ausgeglichen;3;3
9;ausgelassen;3;3
9;bäume;2;2
9;beachtet;2;2
9;beflügelnd;3;3
9;behütet;3;3
9;behutsam;2;2
9;beruhigend;3;3
9;beruhigt;3;3
9;beschützt;3;3
9;besonders;2;2
9;beziehung;2;2
9;bittersüß;2;2
9;blätter;2;2
9;braun;2;2
9;bunt;3;2
9;calm;1;1
9;classy;1;1
9;couple;1;1
9;dämmerung;2;2
9;dämmrig;3;3
9;dankbar;3;3
9;date;2;2
9;deteiert;1;1
9;duft;2;2
9;dunkel;2;2
9;einigkeit;3;3
9;einsam;3;3
9;emotional;3;3
9;entspannend;3;3
9;entspannt;3;3
9;entspannung;3;3
9;erfreut;3;3
9;erfüllend;3;3
9;erfüllt;3;3
9;erleichtert;3;3
9;etwaswärme;2;2
9;farben;2;2
9;farbenfroh;2;2
9;farbig;2;2
9;feucht;2;2
9;französisch;2;2
9;frei;3;3
9;freiheit;3;3
9;freizeit;2;2
9;freude;3;3
9;freudig;3;3
9;freundlich;3;3
9;freundschaftlich;3;2
9;frieden;3;3
9;friedlich;3;3
9;friedvoll;3;3
9;frisch;2;2
9;froh;3;3
9;fröhlich;3;3
9;geborgen;3;3
9;gefühlvoll;3;3
9;gelassen;3;3
9;gelb;2;2
9;geliebt;3;3
9;gemeinsam;2;2
9;gemeinsam;2;3
9;gemeinsam;3;3
9;gemeinsamstark;2;2
9;gemeinschaftlich;3;3
9;gemühtlich;3;3
9;gemütlich;3;3
9;genießen;2;2
9;geordnet;2;2
9;geschützt;3;3
9;gesprächig;3;2
9;glück;3;3
9;glücklich;3;3
9;golden;2;2
9;gut;2;2
9;harmonie;3;3
9;harmonisch;3;3
9;heldenhaft;3;2
9;hell;3;3
9;herbst;2;2
9;herbstlich;3;3
9;herzlich;3;3
9;hoffnungsfroh;3;3
9;hoffnungsvoll;3;3
9;idyllisch;3;3
9;innig;3;3
9;intim;3;3
9;izufium;1;1
9;jgcvkh;1;1
9;jung;2;2
9;kalt;2;2
9;kälte;2;2
9;kühl;3;3
9;kuschelig;3;3
9;langsam;2;2
9;laternen;2;2
9;laub;2;2
9;lebendig;3;3
9;lebensfroh;3;3
9;leibe;1;1
9;leidenschaftlich;3;3
9;leuchtend;2;2
9;lichter;2;2
9;liebe;3;3
9;liebend;3;3
9;liebespaar;2;2
9;liebevoll;3;3
9;lieblich;3;3
9;macke;1;1
9;malerisch;2;2
9;melancholisch;3;3
9;menschen;2;2
9;mitreisend;1;1
9;modern;2;2
9;müde;3;3
9;munter;3;3
9;nachdenklich;3;3
9;nachmittag;2;2
9;nähe;2;2
9;nähe;2;3
9;narürlich;2;2
9;nass;2;2
9;nässe;2;2
9;natur;2;2
9;naturnah;2;2
9;neugierig;2;2
9;nichtalleine;2;2
9;nostalgisch;3;3
9;orange;2;2
9;ougioumom;1;1
9;ougoi;1;1
9;paar;2;2
9;pärchen;2;2
9;paris;2;2
9;park;2;2
9;passend;1;1
9;positiv;3;3
9;privilegiert;2;2
9;quiet;1;1
9;real;2;2
9;regen;2;2
9;regenschirm;2;2
9;regenspaziergang;2;2
9;regentag;2;2
9;regnen;3;2
9;regnerisch;3;3
9;regnersich;3;3
9;respektvoll;3;2
9;richtig;2;1
9;romantik;3;3
9;romantisch;3;3
9;romatisch;1;1
9;rückhalt;2;2
9;rücksicht;2;2
9;ruhe;3;3
9;ruhig;3;3
9;rutschig;2;2
9;sanft;3;3
9;schirm;2;2
9;schön;3;3
9;schöneatmospähre;2;2
9;schwärmerisch;3;3
9;sehnsucht;3;3
9;sensibel;3;2
9;sicher;3;3
9;sonnenlicht;2;2
9;sonnenuntergang;2;2
9;sorglos;3;3
9;spaßig;3;3
9;spaziergang;2;2
9;stadt;2;2
9;städtisch;2;2
9;stadtleben;2;2
9;stimmig;3;2
9;straßen;2;2
9;straßenlaterne;2;2
9;stressfrei;3;3
9;stresslos;3;3
9;traumartig;2;3
9;träumerisch;3;3
9;traumhaft;3;3
9;traurig;3;3
9;trüb;3;3
9;umarmung;2;2
9;umsorgt;3;3
9;ungestört;3;3
9;ungewöhnlich;1;1
9;ungezwungen;3;3
9;unternehmunslustig;3;3
9;unwirklich;3;3
9;verbunden;3;3
9;vergnügsam;3;3
9;vergnügt;3;3
9;verlassen;3;3
9;verliebt;3;3
9;verregnet;2;2
9;verschwommen;2;2
9;verspielt;2;2
9;vertauen;3;3
9;verträumt;3;3
9;vertraut;3;3
9;vertrautheit;3;3
9;verwunschen;2;2
9;verzückt;2;3
9;wald;2;2
9;warm;3;3
9;wärme;3;3
9;warmherzig;3;3
9;weg;2;2
9;wiederholend;2;2
9;wohlig;3;3
9;wünschenswert;2;2
9;zufrieden;3;3
9;zufriedenheit;3;3
9;zuneigung;3;3
9;zusammen;2;2
9;zusammenhaltend;2;2
9;zuzweit;2;2
9;zweisam;2;2
9;zweisamkeit;3;3
10;abend;1;2
10;abend;2;2
10;abgeschiedenheit;3;3
10;aktivierend;1;1
10;allee;2;2
10;allein;2;2
10;alley;1;1
10;angenehm;3;3
10;atmen;2;2
10;atmosphärisch;1;1
10;aufbruch;2;2
10;aufgeregt;3;3
10;ausgeglichen;3;3
10;bäume;2;2
10;bäumlinge;2;2
10;bedrohlich;3;3
10;bedrückend;3;3
10;befriedigend;3;3
10;behütet;3;3
10;beruhigend;3;3
10;beruhigt;3;3
10;beschützt;3;3
10;beständig;2;2
10;bittersüß;2;2
10;blätter;2;2
10;bunt;3;2
10;bunteblätter;2;2
10;but;1;1
10;dämmrig;3;3
10;dernächsteschritt;1;1
10;dual;1;1
10;dunkel;3;3
10;düster;3;3
10;einig;2;2
10;einsam;3;3
10;emotin;1;1
10;emotionslos;2;2
10;ende;2;1
10;entfernt;2;2
10;entspannend;3;3
10;entspannt;3;3
10;entspannung;3;3
10;erwartungsvoll;3;3
10;farbenfroh;1;1
10;farblich;2;2
10;feucht;2;2
10;frei;3;3
10;freude;3;3
10;freundlich;3;3
10;freundschaftlich;2;2
10;frieden;3;3
10;friedlich;3;3
10;frisch;2;2
10;frischeluft;2;2
10;frohe;1;1
10;fürsorglich;3;3
10;geborgen;3;3
10;geborgenheit;3;3
10;gefühlvoll;3;3
10;geheimnisvoll;3;3
10;gelassen;3;3
10;gelb;2;2
10;geliebt;3;3
10;gemeinsam;3;3
10;gemeinsamkeit;3;3
10;gemeinschaft;3;2
10;gemütlich;3;3
10;geordnet;2;2
10;geradlinig;2;2
10;geschützt;3;3
10;gesellig;3;3
10;gespräche;2;2
10;getupft;2;2
10;glück;3;3
10;glücklich;3;3
10;golden;2;2
10;grau;2;1
10;grün;2;2
10;harmonie;3;3
10;harmonisch;3;3
10;heimelig;3;3
10;heiter;3;3
10;herbst;2;2
10;herbstlich;3;3
10;herbstspaziergang;2;2
10;hochformat;1;1
10;hoffnung;3;3
10;hoffnungsvoll;3;3
10;idylle;3;3
10;idyllisch;3;3
10;intim;3;2
10;intimität;3;3
10;kahl;3;2
10;kalt;3;3
10;kalterwind;2;2
10;kieselsteine;2;1
10;kjukub;1;1
10;knisternd;3;3
10;kontrast;2;2
10;kontrastreich;2;2
10;kühl;2;2
10;kühl;3;2
10;kühl;3;3
10;kühle;3;2
10;langer;1;1
10;laub;2;2
10;leibe;2;1
10;leidenschaftlich;3;3
10;leuchtend;2;2
10;liebe;3;3
10;liebevoll;3;3
10;lieblig;1;1
10;lovely;1;1
10;magisch;3;3
10;mantel;2;2
10;melancholisch;3;3
10;müde;3;3
10;mysteriös;3;3
10;mystisch;3;3
10;nacht;2;2
10;nah;2;1
10;nähe;2;2
10;nass;2;2
10;nasseslaub;2;2
10;natur;2;2
10;naturnah;3;3
10;nebel;2;2
10;nebelig;3;2
10;nett;2;2
10;orange;2;2
10;paar;2;2
10;pärchen;2;2
10;park;2;2
10;pastellartig;1;1
10;peaceful;1;1
10;positiv;3;3
10;quiet;1;1
10;regen;2;2
10;regnersich;3;3
10;romantik;3;3
10;romantisch;3;3
10;romatisch;1;1
10;rot;1;1
10;ruhe;3;3
10;ruhig;3;3
10;rutschig;2;2
10;schauerlich;3;3
10;schlechtwetter;2;2
10;schmal;2;2
10;schön;3;3
10;schwierigkeit;2;1
10;spät;2;2
10;spazieren;2;2
10;spaziergang;2;2
10;stärke;2;2
10;stiefel;2;2
10;stille;2;2
10;stimmung;1;1
10;stimmungsvoll;3;3
10;streit;2;2
10;stressfrei;3;3
10;tiefe;2;2
10;tiefgründig;3;3
10;traum;3;3
10;träumerisch;3;3
10;traurig;3;3
10;traurigkeit;3;3
10;trisst;3;3
10;trist;3;3
10;trüb;3;2
10;überraschend;2;2
10;ughvm;1;1
10;umschlungen;2;2
10;unbekannt;1;1
10;ungewöhnlich;2;2
10;unheimlich;3;3
10;unwohl;3;3
10;vergänglich;2;3
10;vergnügt;3;3
10;verlassen;3;3
10;verlibt;3;3
10;verliebt;3;3
10;versonnen;3;3
10;verspielt;3;3
10;verträumt;3;3
10;vertraut;3;3
10;vertrautheit;3;3
10;verzückt;3;3
10;vetraut;3;3
10;vorfreude;2;2
10;wald;2;2
10;waldspaziergang;2;2
10;warm;3;3
10;wärme;2;3
10;wärme;3;3
10;weg;2;2
10;windig;2;2
10;wohlig;3;3
10;wünschenswert;2;2
10;zentrum;2;2
10;zerstritten;2;1
10;ztdtzu;1;1
10;zufrieden;3;3
10;zufriedenheit;3;3
10;zukunftsorientiert;2;2
10;zukunftsweisend;2;1
10;zusammen;2;2
10;zusammengehörig;3;3
10;zusammenhalt;2;3
10;zuversichtlich;3;3
10;zuzweit;2;2
10;zweisam;3;3
10;zweisamkeit;3;3
11;abenteuerlich;3;3
11;abgelegen;2;2
11;abgeschieden;2;3
11;abgeschiedenheit;2;2
11;abgetrennt;2;2
11;abstrakt;1;1
11;aktiv;2;2
11;aneinander;2;2
11;angenehm;3;3
11;angst;3;3
11;anonym;2;2
11;anonymität;2;2
11;ansehnlich;1;1
11;ärgerlich;3;3
11;aufgebracht;3;3
11;außenseiter;2;2
11;ausgeglichen;3;3
11;ausgewogen;3;3
11;beängstigend;3;3
11;bedrohlich;3;3
11;bedrückend;3;3
11;beflügelnd;3;3
11;beflügelt;3;3
11;behutsam;2;2
11;bekümmert;3;3
11;beruhigend;3;3
11;beschwingt;3;3
11;besorgt;3;3
11;beunruhigend;3;3
11;bewegt;3;2
11;bewölkt;2;2
11;blau;2;2
11;bunt;2;2
11;chaotisch;3;3
11;closed-up;1;1
11;desinteressiert;3;3
11;dicht;2;2
11;distanziert;2;2
11;dorf;2;2
11;dörflich;3;3
11;dreigeteilt;2;2
11;dunkel;3;3
11;durcheinander;2;3
11;durchwachsen;2;2
11;düster;3;3
11;einfach;2;2
11;einheit;2;2
11;einheitlich;3;3
11;einsam;3;3
11;einsamkeit;3;3
11;eintönig;3;3
11;eisig;2;3
11;eisig;3;3
11;empört;3;3
11;ende;2;2
11;endlos;2;2
11;entfernt;2;2
11;entsetzt;3;3
11;entspannend;3;3
11;entspannt;3;3
11;entspannung;2;3
11;erfrischend;3;3
11;erholen;2;2
11;erholsam;3;3
11;erinnerung;2;1
11;ernst;3;3
11;erreichbar;2;2
11;erstaunt;3;3
11;familienleben;2;2
11;farbenfroh;2;2
11;farbig;2;2
11;fassungslos;3;3
11;ferne;2;2
11;fernweh;2;3
11;feucht;2;2
11;fisch;2;2
11;fischen;2;2
11;fluss;2;2
11;flut;2;2
11;fragwürdig;1;1
11;frei;3;3
11;fremd;3;3
11;freudig;3;3
11;freundlich;3;3
11;friede;3;3
11;frieden;3;3
11;friedlich;3;3
11;friedvoll;3;3
11;froh;3;3
11;fröhlich;3;3
11;frostig;3;3
11;für-sich-stehend;2;2
11;fürsorglich;2;2
11;geborgen;3;3
11;gefahr;3;3
11;gefährlich;3;3
11;gegensätzlich;3;2
11;gelassen;3;3
11;gelöst;3;3
11;gemeinschaft;2;2
11;gemeinschaftlich;3;2
11;gemütlich;3;3
11;geometrisch;2;2
11;geordnet;2;2
11;gesellschaft;2;2
11;gleich;2;2
11;gleicheit;2;2
11;glücklich;3;3
11;grau;2;1
11;grenzen;2;1
11;grundschule;2;2
11;gruppe;2;2
11;hafen;2;2
11;harmonisch;3;3
11;haus;2;2
11;häuser;2;2
11;häuserfronten;2;2
11;häuslich;2;2
11;hell;3;2
11;herbstlich;3;3
11;hilflos;3;3
11;himmel;2;2
11;idyllisch;3;3
11;iz6df;1;1
11;jung;1;1
11;kalt;3;3
11;kälte;3;3
11;keinedetails;1;1
11;kinderbild;1;1
11;kindisch;3;2
11;kindlich;3;1
11;klar;2;2
11;klein;2;2
11;klenstadt;2;2
11;klimawandel;2;2
11;knallig;2;2
11;komplimentär;2;2
11;konservativ;3;2
11;kontrast;2;2
11;kontrastreich;2;2
11;kühl;3;3
11;kurvig;2;2
11;küste;2;2
11;ländlich;2;2
11;landschaft;2;2
11;landschaftlich;2;2
11;langweilig;3;3
11;lebensstil;2;1
11;leblos;3;3
11;lustig;3;2
11;meer;2;2
11;meeresbrise;2;2
11;meerstimmung;2;2
11;melancholisch;3;3
11;menschen;2;2
11;menschheit;2;2
11;menschlich;2;2
11;mitreisend;1;1
11;mittelmeer;2;2
11;monochrom;3;2
11;monoton;3;3
11;mystisch;2;2
11;nachdenklich;3;3
11;naiv;2;2
11;nass;2;2
11;nett;2;2
11;neutral;3;2
11;nichtangenehm;2;3
11;norddeutschland;2;2
11;nordisch;2;2
11;norlich;2;2
11;offen;1;1
11;plastisch;2;2
11;positiv;3;3
11;primitiv;3;2
11;ratlos;3;3
11;rauch;1;1
11;rauschen;2;2
11;real;2;2
11;reserved;1;1
11;rot;2;1
11;rot;2;2
11;ruhe;3;3
11;ruhig;3;3
11;rustikal;2;2
11;salzig;2;2
11;sand;2;2
11;sauber;2;2
11;schnee;2;2
11;schön;2;2
11;schornstein;1;2
11;schwanken;2;2
11;schwedisch;1;1
11;schwimmen;2;2
11;see;2;2
11;seelig;3;2
11;sehnsüchtig;3;3
11;spazieren;2;2
11;stadt;2;2
11;städtisch;2;2
11;stark;2;2
11;still;3;3
11;strand;2;2
11;stressfrei;3;3
11;strom;2;2
11;strukturiert;2;2
11;sturm;2;2
11;stürmig;3;3
11;stürmisch;3;3
11;stützend;2;2
11;tiefe;2;2
11;tod;2;2
11;tödlich;3;3
11;traditionell;2;2
11;transformieren;1;1
11;trist;3;3
11;tristesse;3;3
11;trott;2;2
11;trübsinnig;2;3
11;überfordert;3;3
11;überföutung;1;1
11;überschwemmung;2;2
11;ufer;2;2
11;umweltkatastrophe;2;2
11;unangenehm;3;3
11;unbekümmert;3;3
11;undetailliert;2;2
11;unentschlossen;3;3
11;ungewiss;3;2
11;uninteressant;3;3
11;unrealistisch;2;2
11;unruhe;3;3
11;unruhig;3;3
11;untergang;2;2
11;unveränderbar;2;2
11;unwohl;3;3
11;unwohlsein;3;3
11;unzureichend;2;2
11;urlaub;2;2
11;urlaubsstimmung;3;2
11;urlaubsstimmung;3;3
11;urlausbsgefühl;2;2
11;verderben;2;2
11;vereinfacht;2;2
11;vergänglichkeit;2;1
11;verlassen;3;3
11;verlegen;2;2
11;verschneit;2;2
11;verstörend;3;3
11;verträumt;2;3
11;verträumt;3;3
11;verunsichert;3;3
11;verwirrend;3;3
11;verwirrt;3;3
11;verwunschen;2;3
11;warm;3;3
11;wasser;2;2
11;weiß;1;1
11;weit;2;2
11;weitläufig;2;2
11;wellen;2;2
11;wellig;2;2
11;wenig;1;1
11;wild;2;2
11;wind;2;2
11;windig;2;2
11;winter;2;2
11;winterhaft;3;3
11;winterlich;2;2
11;wolken;2;2
11;zögernd;2;1
11;ztdmuztmmm;1;1
11;ztrsz;1;1
11;zufrieden;3;3
11;zurückziehen;1;1
11;zusammenhalt;2;2
11;zusammenhalt;3;3
12;abends;1;2
12;abenteuerlich;2;3
12;abgerundet;1;1
12;abstrakt;2;2
12;allein;3;3
12;alleine;3;3
12;andersweltlich;2;2
12;angst;3;3
12;ängstlich;3;3
12;anime;2;2
12;anmut;2;2
12;anmutig;2;2
12;anmutig;3;3
12;anregend;3;3
12;artistic;1;1
12;asiatin;2;2
12;asiatisch;2;2
12;asien;2;2
12;attraktiv;2;2
12;aufregend;3;3
12;ausgeflippt;3;3
12;ausgeglichen;3;3
12;bedrückend;3;3
12;befremdend;3;3
12;befremdet;3;3
12;begehrend;3;3
12;beobachtet;2;2
12;beruhigend;3;3
12;besinnlich;3;3
12;beunruhigend;3;3
12;bewegend;3;3
12;blätter;2;2
12;blau;1;1
12;bluemen;2;1
12;blumen;2;2
12;bun;1;1
12;bunt;3;2
12;chagall;1;1
12;chaos;3;3
12;chaotisch;3;3
12;china;2;2
12;chinesisch;2;2
12;demut;3;3
12;distanziert;3;3
12;dramatisch;3;3
12;dunkel;2;2
12;dunkel;3;3
12;düster;3;3
12;eher-traurig;3;3
12;ehrgeizig;1;1
12;einladend;3;3
12;einsam;3;3
12;einzigartig;2;2
12;elegant;3;2
12;entspannend;3;3
12;entspannt;3;3
12;entspannung;3;3
12;enttäscht;3;3
12;erheiternd;3;3
12;erinnerung;2;2
12;ermunternd;3;3
12;ernst;3;2
12;erregt;3;3
12;etwastraurig;3;3
12;exotisch;3;2
12;fantasie;2;2
12;fantasievoll;3;3
12;farben;2;2
12;farbenfroh;2;2
12;farbig;2;2
12;feenhaft;2;2
12;feminin;2;2
12;fern;2;2
12;ferne;2;2
12;fisch;2;2
12;fischig;2;2
12;frau;2;2
12;fraulich;2;2
12;fremd;2;2
12;freude;3;2
12;freundlich;3;3
12;frieden;3;3
12;friedlich;3;3
12;fröhlich;3;3
12;fuzgto;1;1
12;garten;2;2
12;geborgen;3;3
12;geborgenheit;3;3
12;gedanklich;2;2
12;gedrückt;3;3
12;gefahr;2;1
12;gefühlvoll;3;3
12;geheimnisvoll;3;3
12;geisha;2;2
12;gelassen;2;3
12;gemischt;2;2
12;gesellig;3;2
12;gesellig;3;3
12;gesicht;2;2
12;gestellt;2;2
12;glatt;2;1
12;gleichberechtigt;1;1
12;glücklich;3;3
12;grafisch;1;1
12;großstadt;2;2
12;grün;2;2
12;gut;2;2
12;gut;3;2
12;güte;2;2
12;gysha;1;1
12;haare;2;2
12;handlungsfähig;2;2
12;harmonisch;3;3
12;heiter;3;3
12;hell;3;3
12;hervorstechend;2;2
12;herzlich;3;3
12;hilfsbedürftig;2;2
12;hoffnungsvoll;3;3
12;hübsch;2;2
12;identisch;2;1
12;idividuell;2;2
12;idyllisch;3;2
12;imponierend;3;3
12;individualität;2;2
12;intensiv;3;3
12;interessant;3;3
12;interesse;2;2
12;interessiert;3;3
12;irre;3;3
12;japan;2;2
12;japanisch;2;2
12;jung;2;2
12;jungfräulich;2;2
12;kalt;3;3
12;kein gefühl;1;2
12;keuch;1;2
12;kimono;2;2
12;koi;2;2
12;kontrastreich;2;2
12;kraft;2;2
12;kräftig;2;2
12;kreativ;1;1
12;kühl;3;3
12;kultur;2;2
12;kulturell;2;2
12;kunst;2;2
12;künstlerisch;2;2
12;künstlich;3;3
12;ländlich;2;2
12;laut;2;2
12;lebhaft;3;3
12;leidenschaftlich;3;3
12;lieb;2;2
12;liebe;3;3
12;lieblich;3;3
12;locker;3;3
12;mädchen;2;2
12;malerisch;3;3
12;märchenhaft;3;3
12;melancholisch;3;3
12;mitleid;2;2
12;mitleidserregend;2;2
12;mitreisend;1;1
12;mittelalter;2;2
12;modern;2;2
12;müde;3;3
12;mutig;2;2
12;mütterlich;2;2
12;mysteriös;3;3
12;mystisch;3;3
12;nachdenklich;3;3
12;natur;2;2
12;natürlich;2;2
12;natürlich;3;3
12;neonlicht;1;2
12;nervös;3;3
12;neu;1;1
12;neuartig;1;1
12;niedergeschlagen;3;3
12;niedlich;2;2
12;odern;1;1
12;offen;2;2
12;orientalisch;2;2
12;person;2;2
12;persönlich;2;2
12;pflanzen;2;2
12;portrait;2;2
12;poster;2;2
12;profil;1;1
12;psychotisch;3;2
12;raffiniert;3;2
12;romantik;3;3
12;romantisch;3;3
12;rot;2;2
12;ruhe;3;3
12;ruhig;3;3
12;sachlich;2;2
12;sad;1;1
12;sanft;3;3
12;scheu;3;3
12;schizophren;1;1
12;schlafen;2;2
12;schmutzig;1;1
12;schön;3;3
12;schönheit;2;2
12;schrill;3;2
12;schutzbedürftig;2;2
12;schwarz;2;2
12;schweigen;2;2
12;selbstverwirklichung;2;2
12;seltsam;3;3
12;sexy;1;1
12;sinnlich;3;3
12;sinnlos;2;2
12;spannend;3;3
12;spirituell;3;3
12;stadt;2;2
12;stärke;2;2
12;stimmungsvoll;2;2
12;straße;2;2
12;surreal;3;3
12;sympatisch;3;2
12;tailliert;1;1
12;tattoo;2;1
12;teilnamslos;3;3
12;tiefgründig;3;3
12;traditionell;2;2
12;traum;3;3
12;trauma;2;2
12;träumen;2;2
12;träumerisch;3;3
12;traurig;3;3
12;trist;3;3
12;truer;2;1
12;typisch;1;2
12;überrascht;2;2
12;übertrieben;2;2
12;unantastbar;2;2
12;unbekannt;1;1
12;und;1;1
12;unglücklich;3;3
12;unheimlich;3;3
12;unlösbar;2;2
12;unmut;3;3
12;unordentlich;2;2
12;unruhe;3;3
12;unruhig;3;3
12;unsicher;3;3
12;unterhaltsam;3;2
12;unvollständig;2;2
12;unzufrieden;3;3
12;verblüfft;2;2
12;verdorben;1;1
12;verdutzt;2;2
12;verführend;3;3
12;verführerisch;3;3
12;verkopft;2;1
12;verlegen;3;3
12;verletzbar;3;3
12;verletzt;3;2
12;verliebt;3;3
12;verloren;2;3
12;vermischt;2;2
12;verrückt;3;2
12;verschränkt;2;2
12;verspielt;3;3
12;verträumt;3;3
12;verwirrend;3;3
12;verwirrt;3;3
12;verzaubert;3;3
12;verziert;2;2
12;vielfältig;2;2
12;warm;3;3
12;warmherzig;3;3
12;weiblich;2;2
12;weich;2;2
12;wild;3;3
12;wirr;3;3
12;wundervoll;2;3
12;würdevoll;3;2
12;zart;2;2
12;zentriert;1;1
12;zjdtr;1;1
12;zufrieden;3;3
12;zufriedenheit;3;3
13;abend;2;2
13;abenteuerlich;3;3
13;abenteuerlust;3;3
13;abstrakt;2;2
13;allein;3;3
13;alleine;2;2
13;alleinsein;3;2
13;angenehm;3;3
13;angestrengt;2;2
13;ängstlich;3;3
13;anstrengung;2;3
13;ausgelöscht;2;2
13;autonomie;3;3
13;bedeutsam;2;2
13;bedrohlich;3;3
13;bedrückend;3;3
13;beduine;2;2
13;beeindruckend;3;3
13;befreiend;3;3
13;beklemmend;3;3
13;bergen;1;1
13;beruhigend;3;3
13;beziehung;1;1
13;braun;2;2
13;brennend;2;2
13;bunt;2;2
13;chancenlos;2;3
13;dieweite;2;1
13;distanziert;1;1
13;düne;2;2
13;dünen;2;2
13;durst;2;2
13;durstig;2;2
13;düster;3;3
13;eben;2;2
13;ebenen;2;2
13;einbildung;2;2
13;einheit;2;2
13;einmensch;2;2
13;einsam;3;3
13;einsamkeit;3;3
13;ende;2;2
13;endlos;2;2
13;enjoying-sunset;1;1
13;enthusiastisch;3;3
13;entspannend;3;3
13;entspannt;3;3
13;ereignislos;2;2
13;erholsam;3;3
13;erinnerungen;2;1
13;erschöpft;3;3
13;erwartungsvoll;3;3
13;exotisch;3;2
13;fade;3;3
13;farbig;1;1
13;fata;1;1
13;fatamorgana;2;2
13;ferne;2;2
13;fernweh;2;3
13;fernweh;3;3
13;festhalten;2;1
13;frei;3;3
13;freiheit;3;3
13;fremd;3;2
13;freundlich;3;3
13;früh;2;2
13;geborgen;3;3
13;gefährlich;3;3
13;gefühlvoll;2;2
13;geheimnisvoll;3;3
13;geist;2;2
13;geordnet;2;2
13;geradlinig;2;2
13;gestandet;2;2
13;glücklich;3;3
13;grenzenlos;2;2
13;groß;1;1
13;harmonie;3;3
13;harmonisch;3;3
13;häßlich;2;2
13;heiß;3;3
13;hell;3;2
13;herbst;1;1
13;hilflos;2;3
13;himmel;2;2
13;hitze;2;2
13;hoffnung;3;3
13;hoffnungslos;3;3
13;hoffnungsvoll;3;3
13;horizont;2;2
13;horizontal;2;2
13;hügel;2;2
13;inspirierend;3;3
13;interessant;2;3
13;kalt;3;3
13;klar;3;2
13;knallig;2;2
13;kühl;2;2
13;kunst;1;1
13;künstlerisch;2;2
13;landschaft;2;2
13;langweilig;3;3
13;lazy;1;1
13;lebensfroh;3;3
13;leer;2;2
13;liebe;1;2
13;linien;2;2
13;losgelöst;3;3
13;mann;2;2
13;mensch;2;2
13;menschen;2;1
13;menschenkenntnise;1;1
13;mi;1;1
13;monoton;3;2
13;morgana;1;1
13;morgens;2;2
13;müde;3;3
13;munter;2;2
13;mysteriös;3;3
13;mystisch;3;3
13;nachdenklich;3;3
13;natürlich;2;2
13;nett;2;2
13;neuanfang;2;2
13;not-willing-to-do-anything;1;1
13;oase;2;2
13;offen;2;2
13;ohneschutz;2;2
13;oihoihoiuiu.;1;1
13;oiug;1;1
13;orage;2;2
13;orange;2;2
13;orientalisch;2;2
13;orientierungslos;2;3
13;person;2;2
13;pfütze;2;2
13;positiv;3;3
13;rau;2;2
13;real;2;2
13;regnersich;2;2
13;religiös;2;2
13;resie;1;1
13;romantisch;2;2
13;rot;2;2
13;ruhe;3;3
13;ruhig;3;3
13;sahara;2;2
13;sahra;2;2
13;sand;2;2
13;sandkorn;2;2
13;sandsturm;2;2
13;savanne;2;2
13;schatten;2;2
13;schemenhaft;2;2
13;schichten;2;2
13;schläfrig;3;3
13;schwitzen;2;2
13;sehnsucht;2;3
13;sehnsucht;3;3
13;sensibel;2;1
13;sinnlos;2;2
13;sommer;2;2
13;sonne;2;2
13;sonnenuntergang;2;2
13;sonnig;2;2
13;spacey;1;1
13;spät;2;2
13;speziell;2;2
13;stark;2;2
13;starr;2;2
13;staubig;2;2
13;still;3;3
13;stressig;3;2
13;struktur;2;2
13;tag;2;2
13;tiefgründig;3;3
13;tod;2;2
13;tödlich;2;2
13;trauer;3;3
13;träumerisch;3;3
13;traurig;3;3
13;trist;3;3
13;trocken;2;2
13;trockenheit;2;2
13;trostlos;3;3
13;überhitzt;2;2
13;überracht;1;1
13;unabhängigkeit;3;3
13;unangenehm;3;3
13;unaufhaltsam;2;2
13;undendlich;2;2
13;unendlich;2;2
13;unerreichbar;2;2
13;ungestüm;3;3
13;ungewiss;3;3
13;unheimlich;3;3
13;unklar;2;2
13;unnahbar;3;2
13;unruhe;3;3
13;unruhig;3;3
13;unsicher;3;3
13;unsichtbar;2;2
13;unwohl;3;3
13;uof;1;1
13;urlaub;2;2
13;utd;1;1
13;verblasst;2;2
13;verdursten;2;2
13;vergangenheit;2;1
13;vergänglich;3;3
13;vergänglichkeit;3;3
13;vergessen;2;2
13;verlassen;3;3
13;verletzt;3;2
13;verloren;3;3
13;vernebelt;1;2
13;verschwommen;2;2
13;verträumt;3;3
13;vertraut;3;2
13;verwirrt;3;3
13;verzweifelt;3;3
13;verzweiflung;3;3
13;wanderlust;2;3
13;wanderung;2;2
13;warm;3;3
13;wärme;2;3
13;wasser;2;2
13;weit;2;2
13;weite;1;1
13;weite;2;2
13;weitläufig;2;2
13;wild;2;2
13;wohlwollend;2;2
13;wüste;2;2
13;wut;2;3
13;ziellos;2;3
13;zielstrebig;2;2
14;abgewandt;2;1
14;ablenkend;1;1
14;abstrakt;2;2
14;abweisend;3;3
14;akzente;2;2
14;akzeptierend;1;1
14;allein;2;2
14;allein;3;3
14;andersartig;2;2
14;angenehm;3;3
14;angeregt;3;3
14;angst;3;3
14;ängstlich;3;3
14;anonym;2;2
14;asphalt;2;2
14;aufgeregt;3;3
14;aufgeweckt;3;2
14;aufregend;3;3
14;aufrichtig;2;2
14;aufwühlend;2;2
14;ausdruckslos;3;2
14;ausgeglichen;3;3
14;ausgerüumt;1;1
14;aussagelos;3;2
14;baseballschläger;1;1
14;beängstigend;3;3
14;bedrohlich;3;3
14;befreit;3;3
14;begeistert;3;3
14;beklemmend;3;3
14;beklommen;3;3
14;benommen;3;3
14;beruhigend;3;3
14;beständig;3;2
14;betrübt;3;3
14;bewegt;3;3
14;bezaubert;3;3
14;blass;2;2
14;blöde;2;1
14;chaos;3;3
14;chaotisch;3;3
14;charakterlos;2;2
14;clean;1;1
14;clean;2;2
14;cyber;1;1
14;cyberpunk;1;1
14;daten;2;1
14;dekorativ;2;2
14;desinteressiert;2;2
14;detailliert;2;2
14;dumpf;3;2
14;durcheinander;2;3
14;düster;3;3
14;ecken;1;1
14;eckig;2;2
14;eingekehrt;2;2
14;einklemmend;2;2
14;einsam;3;3
14;einsilbig;2;2
14;eintönig;3;3
14;elektronisch;2;2
14;emotionen;1;1
14;emotionslos;3;3
14;empört;3;3
14;entfernt;2;2
14;entspannend;3;3
14;ermüdend;3;3
14;ernst;3;3
14;fabtupfer;2;2
14;fade;3;3
14;farbakzente;2;2
14;farblos;2;2
14;fein;2;2
14;fern;1;1
14;flecken;2;2
14;fleckig;2;2
14;formen;1;1
14;formenreich;2;2
14;fortschritt;2;2
14;fortschrittlich;2;2
14;fragwürdig;1;1
14;freudlos;3;3
14;freundlich;2;2
14;friedlich;3;3
14;froh;3;3
14;frustriert;3;3
14;futuristisch;2;2
14;gedämmt;1;1
14;geduldig;3;3
14;gefühllos;3;3
14;gegenstandslos;2;2
14;gelb;2;2
14;geometrie;2;2
14;geometrisch;2;2
14;gesellig;3;3
14;getupft;2;2
14;gleichförmig;2;2
14;gleichgültig;3;3
14;gold;1;1
14;grau;2;2
14;groß;2;2
14;grossstadt;2;2
14;harmonisch;3;3
14;haß;2;2
14;hell;3;3
14;himmel;2;2
14;hingerissen;3;3
14;hoffnungslos;3;3
14;individuum;2;2
14;innovation;2;2
14;intellektuell;2;2
14;intelligent;2;1
14;interessant;3;3
14;interessiert;3;3
14;isoliert;3;3
14;kahl;2;3
14;kahl;3;2
14;kalt;3;3
14;kälte;2;3
14;kanten;2;1
14;kapitalistisch;1;1
14;klar;2;2
14;klar;3;2
14;klarheit;2;2
14;klein;2;2
14;klekse;1;1
14;klinik;2;2
14;klinisch;2;2
14;komisch;2;2
14;kontrast;2;2
14;konturlos;2;2
14;konzentriert;3;2
14;konzeptionistisch;1;1
14;kreativ;1;1
14;kühl;3;3
14;kunst;2;2
14;künstlerisch;2;2
14;künstlich;3;2
14;künstlich;3;3
14;langweilend;2;3
14;langweilig;3;3
14;laut;2;2
14;leblos;2;3
14;leer;2;2
14;leere;2;2
14;lichtblick;1;1
14;lieblos;3;2
14;mechanisch;2;2
14;melancholisch;2;2
14;mikrofone;2;2
14;misstrauisch;3;3
14;modern;1;1
14;modern;2;2
14;monoton;3;2
14;motiviert;3;3
14;motivlos;2;1
14;mysteriös;3;3
14;mystisch;2;3
14;nachdenklich;3;3
14;nebel;2;2
14;neo;1;1
14;nervös;3;3
14;neu;1;1
14;neugierig;3;3
14;neuheit;1;1
14;neutral;3;2
14;nichts;2;2
14;nichtssagend;3;3
14;obskur;2;2
14;öd;2;2
14;öde;3;3
14;ödnis;2;2
14;ordnung;2;2
14;party;2;2
14;planlos;2;2
14;puristisch;2;2
14;quadrtisch;2;2
14;ratlos;3;3
14;rauch;2;2
14;rechtecke;2;2
14;reduziert;2;2
14;rein;2;1
14;ruhe;3;3
14;ruhig;3;3
14;sad;1;1
14;sauber;2;2
14;säulig;1;1
14;schattenhaft;2;2
14;schlicht;2;2
14;schnee;2;2
14;schrecken;2;2
14;schwer;1;2
14;scify;1;1
14;seelenlos;2;2
14;senkrecht;1;1
14;silber;2;2
14;sinnfrei;1;2
14;sinnlos;2;2
14;speziell;2;2
14;spiegeln;2;2
14;stäbe;2;2
14;stadt;2;2
14;städtisch;2;2
14;stadtleben;2;2
14;standardisiert;1;1
14;stardt;2;2
14;statisch;2;2
14;statisisch;1;1
14;steril;2;2
14;still;3;3
14;stimmungslos;2;2
14;strebsam;2;2
14;struktur;2;2
14;surreal;2;3
14;technik;1;1
14;technisch;2;2
14;technologie;2;2
14;traurig;3;3
14;trist;3;3
14;triste;2;3
14;trostlos;3;3
14;trüb;3;3
14;tupfer;2;2
14;überbleibsel;1;1
14;überfordert;3;3
14;überladen;3;2
14;überlegen;1;1
14;unausgeglichen;3;3
14;unbelebt;3;3
14;unbestimmt;2;2
14;unbewegt;2;2
14;undurchschaubar;2;2
14;undynamisch;3;3
14;unemotional;3;3
14;ungemühtlich;3;3
14;ungenau;2;2
14;ungeordnet;2;2
14;unglücklich;3;3
14;unharmonisch;3;3
14;unklar;2;2
14;unmotiviert;3;3
14;unnatürlich;2;2
14;unruhig;3;3
14;unruig;3;3
14;unsortiert;2;2
14;unstrukturiert;2;2
14;unterdrückt;2;1
14;unverständlich;2;2
14;unverständnis;2;2
14;unwichtig;3;3
14;unwirklich;3;3
14;urban;2;2
14;verdutzt;3;3
14;vergesslich;2;2
14;verlassen;3;3
14;verschlossen;2;2
14;verschwommen;2;2
14;verstimmt;3;3
14;verstörend;3;3
14;verstört;3;3
14;verteilt;2;2
14;vertikal;1;1
14;verunsichert;3;3
14;verwirrend;3;3
14;verwirrt;3;3
14;vorsichtig;1;1
14;warm;3;2
14;weiß;1;1
14;weit;2;2
14;winter;2;2
14;winterlich;3;3
14;wirr;2;3
14;wissenschaftlich;2;1
14;wissenschaftlich;2;2
14;wütend;3;2
14;zjtf;1;1
14;zukunft;2;2
14;zukünftig;2;2
14;zurückhaltend;1;1
15;abend;2;2
15;abenddämmerung;2;2
15;abendleben;1;1
15;abendlich;3;3
15;abendspaziergang;2;2
15;abendstimmung;3;3
15;abgeschottet;3;3
15;abschluss;1;1
15;abstrakt;1;1
15;achtsamkeit;2;2
15;allee;2;2
15;allein;3;3
15;alleine;3;3
15;alptraum;2;2
15;angenehm;3;3
15;anspannung;3;3
15;ausgeglichen;3;3
15;ausruhen;2;2
15;bäume;2;2
15;beängstigend;3;3
15;befriedigend;3;3
15;beklommen;3;3
15;belasted;3;3
15;belebt;3;3
15;beleuchtet;2;2
15;beleuchtung;2;2
15;beruhigend;3;3
15;bezaubernd;3;3
15;blau;2;2
15;bunt;2;2
15;bunt;3;2
15;calm;1;1
15;dämmerung;2;2
15;depressiv;3;3
15;diffus;2;2
15;distanziert;2;2
15;dunkel;3;3
15;dunkelheit;3;3
15;dunkelheitmitlich;1;1
15;düster;3;3
15;einladend;3;3
15;einnerungen;2;1
15;einsam;3;3
15;einsamkeit;3;3
15;entmutigt;3;3
15;entrückt;2;3
15;entspannend;3;3
15;entspannt;3;3
15;erfreulich;3;3
15;erfrischend;3;3
15;erkältung;2;2
15;erwartungsweckend;3;3
15;farbenfroh;2;2
15;feucht;2;2
15;französisch;2;2
15;frei;3;3
15;fremd;2;2
15;freudig;3;3
15;frieden;3;3
15;friedlich;3;3
15;friedvoll;3;3
15;frisch;3;2
15;fröhlich;3;3
15;frösteln;2;2
15;frühsommerlich;1;1
15;geborgen;3;2
15;geheimnisvoll;3;3
15;gelassen;3;3
15;gemühtlich;3;3
15;gemütlich;3;3
15;genie;1;1
15;genießen;3;3
15;geruchvonnassenstrassen;2;2
15;geschützt;3;3
15;getupft;2;2
15;glücklich;3;3
15;golden;2;2
15;grau;1;1
15;grell;3;2
15;großstadt;2;2
15;gut;2;2
15;harmonisch;3;3
15;heimelich;2;3
15;hell;3;2
15;herblich;3;3
15;herbst;2;2
15;herbstlich;3;3
15;hoffnung;3;3
15;hoffnungsvoll;3;3
15;idyllisch;3;3
15;impressionistisch;2;2
15;innenleben;1;1
15;inspiriert;3;3
15;intensiv;3;3
15;iuzfgv;1;1
15;jh;1;1
15;kahl;2;2
15;kalt;3;3
15;kälte;3;3
15;komisch;3;2
15;kontrast;2;2
15;kontrastreich;2;2
15;krankheit;2;2
15;kühl;2;2
15;kultur;2;1
15;landschaft;2;2
15;laternen;2;2
15;lebendig;3;2
15;lebensfroh;3;2
15;lebensfroh;3;3
15;leer-aber-nicht-einsam;2;2
15;leise;2;2
15;leuchtend;2;2
15;licht;2;2
15;lichtblick;2;2
15;lichter;2;2
15;lovely;1;1
15;luft;2;1
15;magisch;3;3
15;malerisch;3;2
15;melancholisch;3;3
15;menschen;2;2
15;mitreisend;2;1
15;mjb;1;1
15;modern;1;1
15;müde;3;3
15;mutig;2;2
15;nachdenklich;3;3
15;nacht;2;2
15;nächtlich;2;3
15;nächtlich;3;3
15;näße;2;2
15;nass;2;2
15;nässe;2;2
15;natur;2;2
15;neuerweg;2;1
15;nostalgisch;3;3
15;offen;2;2
15;orange;2;2
15;organge;1;1
15;paris;2;2
15;park;2;2
15;parkbank;1;1
15;pixelig;1;1
15;positiv;3;3
15;quiet;1;1
15;regen;2;2
15;regenschirm;2;2
15;regenschrim;2;2
15;regenwetter;2;2
15;regnerig;3;3
15;regnerisch;3;3
15;regnersich;3;3
15;regnschirm;2;2
15;romantik;3;3
15;romantisch;3;3
15;rot;2;2
15;ruhe;3;3
15;ruhig;3;3
15;rührend;2;3
15;rutschig;2;2
15;schön;3;3
15;schwarz;1;1
15;schwer;2;2
15;sehnsüchtig;3;3
15;somme;2;1
15;sonnenuntergang;2;2
15;spaziergang;2;2
15;spaziewren;2;2
15;stadt;2;2
15;städtisch;2;2
15;stadtspaziergang;2;2
15;stark;1;1
15;still;3;3
15;stimmungsvoll;3;3
15;straße;2;2
15;straßenlaterne;2;2
15;strassenlaternen;2;2
15;tapfer;2;2
15;traurig;3;3
15;trist;3;3
15;überascht;1;2
15;unangenehm;3;3
15;unbehagen;3;3
15;ungemüthlich;3;3
15;ungemütlich;3;3
15;ungestört;3;3
15;unsicher;3;3
15;unterwegs;2;2
15;urlaub;2;2
15;verblüfft;3;3
15;vergänglichkeit;2;2
15;verlassen;3;3
15;verliebt;3;3
15;verloren;2;2
15;verregnet;2;2
15;verstimmt;3;3
15;verträumt;3;3
15;verwirrend;3;2
15;verwirrt;3;2
15;verzaubert;2;3
15;verzaubert;3;3
15;vorsichtig;2;2
15;warm;3;3
15;warm-kalt;2;2
15;wärme;2;3
15;wärme;3;3
15;warmes;2;2
15;wasser;2;2
15;weg;2;2
15;winter;2;2
15;wohl;2;2
15;zurückhaltend;1;1
15;zweisamkeit;2;3
15;zwielicht;2;2
15;zwiespalt;2;2
16;abend;2;2
16;abenddämmerung;2;2
16;abendlich;3;3
16;abendrot;2;2
16;abendstimmung;3;3
16;abstrakt;1;1
16;abstrakt;2;2
16;aggressiv;3;3
16;allein;2;2
16;alleine;2;3
16;angenehm;3;3
16;angespannt;3;3
16;angst;3;3
16;anspannung;3;3
16;ärgerlich;3;3
16;aschfahl;1;1
16;asiatisch;1;1
16;aufgebracht;3;3
16;aufgeladen;3;3
16;aufgeregt;3;3
16;aufgewühlt;3;3
16;aufwühlung;3;3
16;bedeckt;2;2
16;bedränglich;3;3
16;bedrohlich;3;3
16;bedroht;3;3
16;bedrückend;3;3
16;belebt;3;3
16;beruhigend;3;3
16;beunruhigend;3;3
16;blass;2;2
16;blätter;2;2
16;blume;2;2
16;blumen;2;2
16;blumig;2;2
16;blüten;2;2
16;böse;3;3
16;boshaft;3;3
16;bunt;2;2
16;chaotisch;3;3
16;chinesisch;1;1
16;dekorativ;2;2
16;design;1;1
16;die;1;1
16;dufftend;2;2
16;dunkel;3;3
16;durchschnittlich;1;1
16;düster;3;3
16;dynamisch;3;3
16;eben;1;1
16;einfach;2;2
16;einsam;3;3
16;einseitig;2;2
16;emotional;3;2
16;energisch;3;3
16;entgeistert;3;3
16;entspannend;3;3
16;entspannt;3;3
16;entspannung;3;3
16;ernst;3;3
16;erschreckend;3;3
16;exotisch;2;2
16;extravagant;2;2
16;farbverlauf;2;1
16;farn;2;2
16;feuer;2;2
16;filigran;2;2
16;flächig;1;1
16;floral;2;2
16;frei;3;3
16;fremd;2;2
16;freundlich;3;2
16;frieden;3;2
16;frisch;2;2
16;fröhlich;3;3
16;fruchtbar;2;1
16;frühling;2;2
16;frühlingshaft;3;3
16;gefahr;2;2
16;gefahr;3;3
16;gefährlich;3;3
16;gegensätze;2;2
16;gegenständlich;2;2
16;geheimnisvoll;3;2
16;gelangweilt;3;3
16;gelb;2;2
16;geordnet;2;2
16;geradlinig;2;2
16;gereizt;3;3
16;geschwungen;2;2
16;geteilt;2;2
16;gewässer;2;2
16;glühend;2;2
16;gras;2;2
16;gräser;2;2
16;grazil;2;2
16;gut;2;2
16;handy;1;1
16;harmonisch;3;3
16;heiß;3;2
16;hell;3;2
16;herablassend;3;3
16;herbstlich;3;3
16;hilflos;3;3
16;ich;1;1
16;interessant;2;3
16;jzlhff;1;1
16;kalt;3;3
16;kälte;2;2
16;kämpferisch;3;3
16;karma;1;1
16;kitschig;2;2
16;klebrig;2;2
16;knospen;2;2
16;konflikte;2;2
16;kontrast;2;2
16;kontrastreich;2;2
16;konzentriert;3;2
16;kraftvoll;2;2
16;kühl;3;3
16;kunst;1;1
16;künstlerisch;2;2
16;künstlich;3;2
16;langweilig;3;3
16;leben;2;2
16;lebendig;3;3
16;leer;2;2
16;leere;2;2
16;leidenschaftlich;3;3
16;liebe;3;3
16;linien;2;2
16;minimalistisch;2;1
16;missgunst;2;2
16;mix;2;1
16;mkzudtm;1;1
16;modern;1;1
16;modern;2;2
16;müde;3;3
16;mysteriös;3;3
16;mystisch;3;3
16;nächste;1;1
16;nachteile;2;2
16;natur;2;2
16;natürlich;2;2
16;naturnah;2;2
16;negativ;3;2
16;nett;2;2
16;neu;1;1
16;neuanfang;2;2
16;neutral;2;2
16;normal;1;1
16;organisch;2;2
16;orientalisch;2;2
16;pflanzen;2;2
16;positiv;3;2
16;poster;1;1
16;ranke;2;2
16;ranken;2;2
16;reduziert;2;2
16;romantisch;3;3
16;rot;2;2
16;ruhe;3;3
16;ruhig;3;3
16;schatten;2;2
16;scherenschnitt;2;2
16;schlicht;2;2
16;schnörkel;2;2
16;schön;2;2
16;schönheit;1;2
16;schwarz;2;2
16;sensationell;2;2
16;sensibel;3;3
16;sensitiv;2;2
16;simpel;2;2
16;sonne;2;2
16;sonnenuntergang;2;2
16;spannend;3;3
16;still;3;2
16;stilvoll;2;2
16;stimmung;1;1
16;stimmungslos;2;2
16;streben;2;2
16;streng;2;2
16;strukturiert;2;2
16;stylisch;2;2
16;tiefe;1;1
16;tödlich;2;2
16;tolerant;2;1
16;tot;2;2
16;träge;3;3
16;träumerisch;3;3
16;traurig;3;3
16;trist;3;3
16;tröstend;3;3
16;trostlos;3;3
16;überlagerung;2;2
16;überraschung;1;1
16;überspielt;1;1
16;ufztmmmn;1;1
16;unangenehm;3;3
16;unattraktiv;2;2
16;unecht;2;2
16;unerfülltewünsche;1;1
16;ungewiss;3;3
16;ungewohnt;2;1
16;ungutes;2;2
16;unklar;2;2
16;unnatürlich;3;2
16;unruhe;3;3
16;unruhig;3;3
16;unschuld;2;1
16;unsicherheit;3;3
16;unspektakulär;2;2
16;unwohl;3;3
16;urlaub;2;2
16;uzfm;1;1
16;verärgert;3;3
16;verboten;1;1
16;vereinfacht;2;2
16;verführend;3;3
16;verheißung;2;2
16;verheißungsvoll;2;2
16;verlockend;3;3
16;vermeintliche;1;1
16;verspielt;3;3
16;vertuschung;1;1
16;verwirrt;3;3
16;verwurzelt;2;2
16;verzückt;3;3
16;vorteile;1;1
16;wachsen;2;2
16;warm;3;3
16;wärme;2;3
16;wärme;3;3
16;wasser;2;2
16;weiß;2;2
16;wild;3;3
16;wildheit;2;2
16;will;1;1
16;wogend;2;2
16;wohlfühlen;3;3
16;wohndekor;2;2
16;wunderschön;2;2
16;wütend;2;3
16;wütend;3;3
16;xbeliebig;1;1
16;zierlich;2;2
16;zweidimensional;1;1
16;zwiegespalten;2;2
17;.ufz;1;1
17;abend;2;2
17;abendlich;3;3
17;abendrot;2;2
17;abendsonne;2;2
17;abendstimmung;3;3
17;abenteuer;2;2
17;abenteuerlich;3;2
17;abenteuerlich;3;3
17;abgeschieden;2;2
17;abriss;1;1
17;abschaltend;2;1
17;abschied;3;3
17;abstrakt;1;1
17;allein;2;2
17;allein;3;3
17;angenehm;3;3
17;arbeit;1;1
17;aufbruch;2;2
17;aufregend;3;3
17;ausgeglichen;3;3
17;ausgeglichenheit;3;3
17;ausgelassen;3;3
17;ausgewogen;3;3
17;aussichtsreich;2;2
17;auszeit;2;2
17;autonom;3;3
17;beeindruckend;3;3
17;beflügelnd;3;3
17;befreiend;3;3
17;befreit;3;3
17;befriedigend;3;3
17;begeistert;3;3
17;beglückend;3;3
17;beruhigend;3;3
17;bewegt;3;3
17;bewundernd;3;3
17;bezaubernd;3;3
17;bit;1;1
17;blau;2;2
17;blick;2;1
17;boot;2;2
17;boote;2;2
17;bunt;2;2
17;chilling;1;1
17;dämmerung;2;2
17;dankbar;3;2
17;dicht;1;1
17;dunkel;3;3
17;dunkelheit;2;2
17;düster;3;3
17;echt;1;2
17;egal;1;1
17;eindrucksvoll;3;3
17;einfach;2;1
17;einsam;3;3
17;einsamkeit;2;3
17;ende;1;1
17;entspannend;3;3
17;entspannt;3;3
17;entspannung;3;3
17;episch;3;3
17;erfreut;3;3
17;erheiternd;3;3
17;erholsam;3;3
17;erholung;3;3
17;erinnerunege;2;1
17;erkundung;2;2
17;erlebnisse;2;2
17;erstaunt;3;3
17;etwas;1;1
17;farbenfroh;2;2
17;farbig;2;2
17;fazsinierend;3;3
17;ferien;2;2
17;fern;2;2
17;ferne;2;2
17;fernweh;2;3
17;fernweh;3;3
17;fesselnd;2;2
17;fischen;2;2
17;frei;3;3
17;freiheit;3;3
17;freudig;3;3
17;freundlich;3;3
17;fride;3;3
17;frieden;3;3
17;friedlich;3;3
17;friedvoll;3;3
17;frisch;2;2
17;frisch;3;2
17;froh;3;3
17;fröhlich;3;3
17;für-sich-sein;2;2
17;geblendet;2;2
17;geborgenheit;3;3
17;gefesselt;3;3
17;gelassen;3;3
17;gelassenheit;3;3
17;gelb;2;2
17;gemalt;1;1
17;gemüthlichkeit;3;2
17;gemütlich;3;3
17;gemütlichkeit;3;3
17;genervt;1;1
17;gesprenkelt;1;1
17;getupft;2;2
17;gigantisch;2;2
17;glück;3;3
17;glücklich;3;3
17;grenzenlos;2;2
17;gut;2;2
17;harmonisch;3;3
17;heimig;3;3
17;hell;3;2
17;herzlich;3;3
17;himel;1;1
17;himmel;2;2
17;hoffnung;3;3
17;horizont;2;2
17;idylle;3;3
17;idyllisch;3;3
17;innereruhe;2;2
17;intensiv;3;3
17;interessiert;2;2
17;kalt;2;2
17;kälte;3;2
17;kitschig;2;3
17;klar;2;2
17;kontrastreich;2;2
17;kühl;2;2
17;kühle;2;2
17;langweilig;3;3
17;lau;2;2
17;leben;3;3
17;leichtigkeit;3;3
17;leidenschaftlich;3;3
17;leise;2;2
17;leuchtend;2;2
17;licht;2;2
17;lieb;2;2
17;lila;1;1
17;majestätisch;3;3
17;malncholisch;3;3
17;meer;2;2
17;meeresbrise;2;2
17;mehr;1;1
17;melancholisch;3;3
17;möglichkeiten;2;1
17;munter;3;3
17;nachdenklich;3;3
17;nähe;2;2
17;nass;2;2
17;natur;2;2
17;neugierig;3;3
17;nichtalleine;2;2
17;nostalgisch;3;3
17;offen;2;2
17;ozean;2;2
17;plätschern;2;2
17;positiv;3;3
17;rauschen;2;2
17;reisen;2;2
17;relaxen;3;3
17;relaxend;3;3
17;relaxing;1;1
17;rihig;3;3
17;romantisch;3;3
17;rot;2;2
17;ruhe;3;3
17;ruhig;3;3
17;salzig;2;2
17;salzwasser;2;2
17;salzwassermeer;2;2
17;sauber;2;2
17;schatten;2;2
17;scheinen;1;1
17;schicksal;2;2
17;schiffe;2;2
17;schiffsfahrt;2;2
17;schläfrig;3;3
17;schön;3;3
17;schönheit;2;2
17;schwarz;1;1
17;see;2;2
17;segel;2;2
17;segelboot;2;2
17;segeln;2;2
17;sehnsucht;2;3
17;sehnsüchtig;3;3
17;sehnsuchtsvoll;3;3
17;selbstbestimmt;3;3
17;sichererhafen;2;2
17;sommer;2;2
17;sommerlich;2;2
17;sonne;2;2
17;sonnenuntergang;2;2
17;sonnig;2;2
17;sorglos;3;3
17;spiegeln;2;2
17;spiegelung;2;2
17;stark;2;2
17;still;3;3
17;stille;2;2
17;stimmungsvoll;3;3
17;stressfrei;3;3
17;stürmisch;2;2
17;szenerie;2;2
17;tiefe;2;2
17;traum;2;2
17;träumerisch;3;3
17;traumhaft;3;3
17;umriss;2;2
17;unabhängig;3;2
17;unbedrückt;3;3
17;unbegrenzt;2;2
17;unbekümmert;3;3
17;unbelasted;3;3
17;unerschrocken;3;3
17;unruhig;3;3
17;urlaub;2;2
17;urlaubsfeeling;2;2
17;uzft;1;1
17;verlassen;3;3
17;verrückt;2;2
17;verträumt;3;3
17;vertraut;3;3
17;violett;1;1
17;warm;3;3
17;wärme;2;3
17;wärme;3;3
17;wasser;2;2
17;weg;2;1
17;weit;2;2
17;weite;2;2
17;weitweg;2;2
17;wellenrauschen;2;2
17;weltvergessen;2;2
17;wild;3;3
17;wind;2;2
17;windig;2;2
17;wohlfühlen;3;3
17;wohlig;3;3
17;wolkdig;1;1
17;wolken;2;2
17;wolkig;2;2
17;wünschenswert;2;2
17;zufrieden;3;3
17;zufriedenheit;3;3
17;zufriednheit;3;3
17;zurruhekommen;3;3
17;zweisamkeit;2;3
18;abend;1;1
18;abend;2;2
18;abendsonne;2;2
18;absterbend;2;2
18;abstrakt;2;2
18;abweisend;2;3
18;allein;3;3
18;alt;1;1
18;angenehm;3;3
18;angestrengt;3;3
18;angst;3;3
18;aööeine;1;1
18;äste;2;2
18;aufwühlend;3;3
18;basis;1;1
18;baum;2;2
18;bäume;2;2
18;bedrohlich;3;3
18;beengend;3;3
18;befremdend;3;3
18;befremdet;3;3
18;begeistert;3;3
18;behütet;3;3
18;beklemmend;3;3
18;belebend;3;3
18;berg;2;2
18;beruhigend;3;3
18;beunruhigend;3;3
18;blass;2;2
18;blätter;2;2
18;braun;2;2
18;brutal;2;3
18;bunt;2;2
18;chaotisch;3;3
18;cool;3;2
18;cozy;1;1
18;dämmerig;3;2
18;depressiv;3;3
18;desinteressiert;3;3
18;destruktiv;3;3
18;distanziert;2;1
18;dreckig;2;2
18;dunkel;3;3
18;durcheinander;3;3
18;düster;3;3
18;einsam;3;3
18;eintönig;3;3
18;ekel;2;2
18;ende;1;1
18;energieraubend;2;1
18;entspannt;3;3
18;erde;2;2
18;erdig;2;2
18;erfrischend;3;2
18;erkrankt;2;2
18;erleichtert;3;3
18;erschreckend;3;3
18;essen;2;2
18;etwas;1;1
18;etwasdüster;3;2
18;evasiv;2;2
18;familie;2;2
18;farben;2;2
18;farblos;2;2
18;finster;3;3
18;freude;3;3
18;freundlich;3;3
18;friedlich;3;3
18;geborgenheit;3;3
18;geerdet;3;3
18;gefährlich;3;3
18;gegensätze;2;2
18;gelangweilt;2;3
18;gelassen;3;3
18;gelb;2;2
18;geld;2;2
18;gemalt;1;1
18;gemütlich;3;3
18;geometrisch;2;2
18;geordnet;2;2
18;gereizt;3;3
18;getupft;2;2
18;gewitter;2;2
18;golden;2;2
18;grausam;2;2
18;grün;1;1
18;grün;2;2
18;harmonisch;3;3
18;heilend;2;2
18;heimisch;3;2
18;heiter;3;3
18;hell;3;3
18;herbst;2;2
18;herbstlich;3;3
18;herbststimmung;3;3
18;heruntergekommen;2;2
18;hitze;2;2
18;hoffnungslos;3;3
18;idyllisch;3;3
18;irritiert;3;3
18;isoliert;3;3
18;jahreszeit;2;2
18;käkte;3;3
18;kalt;3;3
18;kaputt;2;2
18;kindlich;3;2
18;kjhtgduz;1;1
18;kontrastlos;2;2
18;kontrastreich;2;2
18;kontrolliert;1;1
18;krank;2;2
18;kränklich;3;3
18;kreis;2;1
18;kugeln;2;2
18;kühl;2;3
18;kunst;1;1
18;künstlerich;1;1
18;künstlerisch;1;1
18;künstlich;3;3
18;kupfer;1;1
18;ländlich;3;3
18;langweilig;3;3
18;laub;2;2
18;lauwarm;2;2
18;leben;2;2
18;leblos;2;3
18;lecker;2;2
18;leidend;3;3
18;liderlich;1;2
18;lust;2;2
18;mächtig;2;2
18;matsch;2;2
18;matschig;2;2
18;melancholisch;3;3
18;merkwürdig;3;3
18;modern;2;2
18;monoton;2;2
18;moor;2;2
18;morbid;3;3
18;morgens;2;2
18;motivationslos;3;3
18;müde;3;2
18;nachdenklich;3;3
18;naß;2;2
18;nass;2;2
18;natur;2;2
18;naturfreudig;2;2
18;natürlich;3;3
18;nett;2;2
18;neugier;3;3
18;neutral;2;2
18;neutral;3;2
18;niedergeschlagen;3;3
18;november;2;2
18;ocker;2;2
18;öde;2;2
18;öde;3;3
18;oktober;2;2
18;orange;2;2
18;park;2;2
18;platt;2;1
18;regen;2;2
18;reglos;2;2
18;regnersich;3;3
18;romantisch;3;3
18;rot;2;2
18;ruhe;3;3
18;ruhig;3;3
18;rund;2;2
18;rundlich;2;2
18;runterziehend;3;3
18;sad;1;1
18;schatten;2;2
18;schläfrig;3;3
18;schlamm;2;2
18;schmutzig;2;2
18;schön;2;2
18;schwermütig;3;3
18;schwüle;2;2
18;schwund;2;1
18;selbst;1;1
18;sicher;3;3
18;sinister;1;1
18;skurill;3;2
18;sommerlich;2;2
18;sommerlich;3;3
18;sonne;2;2
18;sonnenstrahlen;2;2
18;sonnenuntergang;2;2
18;spaßig;3;2
18;spät;2;1
18;spazieren;2;2
18;spaziergang;2;2
18;spiegeln;2;2
18;spiegelung;2;2
18;spielerisch;3;2
18;stechend;2;2
18;sterben;2;2
18;sterbend;2;2
18;still;3;3
18;stimmungsvoll;3;3
18;strasse;2;2
18;striche;1;1
18;süss;2;2
18;symmetrisch;2;2
18;tod;2;2
18;tödlich;2;2
18;tot;2;2
18;trauer;2;3
18;trauer;3;3
18;traurig;3;3
18;trisst;3;3
18;trist;3;3
18;triste;2;3
18;trocken;2;2
18;trostlos;2;3
18;trüb;3;3
18;überfordert;2;2
18;ujzcfm;1;1
18;uktdm;1;1
18;unangenehm;3;3
18;unausgeglichen;3;3
18;unbehagen;2;3
18;unbekümmert;3;3
18;unbeschwert;3;3
18;unbestimmt;2;2
18;undeutlich;2;2
18;uneinladend;2;3
18;ungeordnet;2;2
18;ungesund;2;2
18;unharmonisch;3;3
18;unheilvoll;3;3
18;unheimlich;3;3
18;unklar;2;2
18;unnatürlich;3;2
18;unordentlich;2;2
18;unrein;2;2
18;unreinlich;2;2
18;unruhe;3;3
18;unruhig;3;3
18;unschlüssig;3;2
18;unschön;3;2
18;unsicher;3;3
18;unverfälscht;1;1
18;unwohl;3;3
18;velassen;3;3
18;verbrannt;2;2
18;verbraucht;3;3
18;verderben;2;2
18;vergänglich;3;3
18;vergänglichkeit;3;2
18;vergessen;2;2
18;verlassen;3;3
18;verlaufen;2;2
18;verletzt;3;3
18;verloren;3;3
18;verlust;2;2
18;verschwimmend;2;2
18;verschwinden;2;2
18;verschwommen;2;2
18;verspielt;3;2
18;verstaubt;2;2
18;verstörend;3;3
18;verstört;3;3
18;verträumt;3;3
18;vertuschen;2;2
18;verwirrend;3;3
18;verwirrt;3;3
18;verwischt;2;2
18;verwoben;2;2
18;verworren;3;3
18;wald;2;2
18;waldig;2;2
18;warm;3;3
18;wärme;3;3
18;wärmelos;1;1
18;wasser;2;2
18;widerspiegelnd;2;2
18;winterstube;1;1
18;wirr;3;3
18;zerbrechlich;2;2
18;zerfall;2;2
18;zerrinnen;2;2
18;zerstörerisch;3;3
18;zerstörung;2;2
18;zimtapfel;2;2
18;zufrieden;3;3
18;zwiespalt;2;2
19;abend;2;2
19;abstrakt;1;1
19;allein;3;3
19;alt;1;1
19;angenehm;3;3
19;angst;3;3
19;ängstlich;3;3
19;beängstigend;3;3
19;bedrohlich;3;3
19;beklemmend;3;3
19;belasted;3;3
19;beunruhigend;3;3
19;bewegt;3;3
19;blass;2;2
19;blind;2;2
19;brutal;2;2
19;chaos;3;3
19;colors;1;1
19;dampf;2;2
19;demotivierend;3;2
19;drückend;3;3
19;dunkel;3;3
19;düster;3;3
19;einsam;3;3
19;ekel;3;2
19;energetisch;3;2
19;entrüstet;2;2
19;erdrückend;3;3
19;erwärmend;3;3
19;fantasievoll;2;2
19;gedankenversunken;3;3
19;gefährlich;3;3
19;gegensätzlich;2;2
19;gewaltig;2;2
19;harmonisch;3;3
19;herbst;2;2
19;kalt;3;3
19;langweilig;3;3
19;leer;3;2
19;misstrauisch;3;3
19;modern;2;2
19;monoton;3;2
19;morgens;2;2
19;nachdenklich;3;3
19;nebelform;2;2
19;neblig;2;2
19;nichtssagend;3;3
19;nothing;1;1
19;orange;2;2
19;passend;1;1
19;pessimistisch;3;3
19;rauch;2;2
19;rost;2;2
19;rostig;2;2
19;rötlich;2;2
19;ruhig;3;3
19;rustikal;2;2
19;schmerz;2;3
19;schnee;2;2
19;schwammig;2;2
19;schwierig;2;1
19;sonne;2;2
19;sonnenaufgang;2;2
19;sonnenuntergang;2;2
19;spannend;2;2
19;sturm;2;2
19;surreal;2;3
19;trauer;2;2
19;traurig;3;3
19;trist;3;3
19;triste;3;3
19;überrascht;3;3
19;unangenehm;3;3
19;undefiniert;3;2
19;undeutlich;3;2
19;uneinsichtig;1;2
19;unheimlich;3;3
19;unklar;3;2
19;unruhe;3;3
19;unruhig;3;3
19;unwirklich;2;3
19;verheißungsvoll;3;3
19;verlassen;3;3
19;verschwimmend;2;2
19;verschwommen;2;2
19;verstörend;3;3
19;verwirrend;3;3
19;verwirrt;3;3
19;verwischt;2;2
19;verwundert;3;3
19;warm;3;3
19;wehmütig;3;3
19;weitläufig;2;2
19;weltfremd;2;2
19;wolken;2;2
19;wütend;3;3
19;ziellos;3;3
20;abend;1;1
20;angenehm;3;3
20;benebelt;3;2
20;dramatisch;3;3
20;düster;3;3
20;einsam;3;3
20;eintauchen;2;2
20;freundlich;3;3
20;hallozigen;2;2
20;harmonsich;3;3
20;heiß;3;2
20;hell;3;3
20;kalt;3;3
20;morgens;2;1
20;nebel;2;2
20;qualm;2;2
20;rauch;2;2
20;romantisch;3;3
20;verbraucht;2;1
20;verbunden;2;2
20;verlaufen;2;2
20;verwirrend;3;3
20;verworren;3;3
20;warm;3;3
21;autos;2;2
21;bedeutungslos;3;3
21;bunt;2;2
21;chaos;3;3
21;cool;3;3
21;dunkel;3;3
21;kalt;3;3
21;knallig;2;2
21;menschen;2;2
21;modern;2;2
21;schlendern;2;2
21;stadt;2;2
21;ungenau;2;2
21;urban;2;2
21;verkehr;2;2
21;verwirrend;3;3
21;warm;3;3
22;abend;1;1
22;allein;3;3
22;bunt;2;2
22;dunkel;3;3
22;einfarbig;2;2
22;einsam;3;3
22;gras;2;2
22;grün;2;2
22;landschaft;2;2
22;melancholisch;3;3
22;nacht;2;2
22;natur;2;2
22;natürlich;2;2
22;romantisch;2;2
22;spät;2;2
22;traurig;3;3
22;trüb;3;3
22;verwirrend;3;3
39;abstrakt;1;1
39;aggressiv;3;3
39;angst;3;3
39;angsteinflößend;3;3
39;ängstlich;3;3
39;aschfahl;1;1
39;baum;2;2
39;baumkrüppel;2;2
39;beängstigend;3;3
39;bedrohlich;3;3
39;bedrückend;3;3
39;beklemmend;3;3
39;beunruhigend;3;3
39;beunruhigt;3;3
39;blut;2;2
39;blutig;2;2
39;böse;3;3
39;boshaft;3;3
39;brand;2;2
39;brutal;2;3
39;depressiv;3;3
39;dunkel;3;3
39;dürre;2;2
39;düster;3;3
39;einsam;3;3
39;eiskristall;2;2
39;endzeitstimmung;3;3
39;erdrückend;3;3
39;feuer;2;2
39;gefährlich;3;3
39;gewitter;2;2
39;glühend;2;2
39;grau;2;2
39;grausam;3;3
39;gruselig;3;3
39;hölle;2;2
39;höllisch;2;2
39;intensiv;3;3
39;kahl;3;2
39;kalt;3;3
39;kontrast;2;2
39;kraftvoll;3;3
39;krieg;2;2
39;leben;3;3
39;leer;3;2
39;melancholisch;3;3
39;mies;2;2
39;mutig;3;2
39;nature;1;1
39;öde;2;2
39;peaceful;1;1
39;rätselhaft;3;3
39;rot;2;2
39;schauderhaft;3;3
39;schwarz;2;2
39;schwermütig;3;3
39;sprachlos;3;3
39;starr;2;2
39;stechend;2;2
39;stimmungsvoll;2;2
39;sturm;2;2
39;tiefgreifend;3;1
39;tod;2;2
39;tödlich;3;3
39;tötlich;3;3
39;traurig;3;3
39;trist;3;3
39;trocken;2;2
39;übersinnlich;3;2
39;unangenehm;3;3
39;unbelebt;3;3
39;unergrundbar;2;2
39;ungemütlich;3;3
39;ungestüm;3;3
39;unheimlich;3;3
39;unruhig;3;3
39;unschön;3;3
39;untergang;2;2
39;unterlegen;2;2
39;unwetter;2;2
39;verbrannt;2;2
39;verdorrt;2;2
39;verlassen;3;3
39;verwirrend;3;3
39;verwüstung;2;2
39;warm;3;3
39;weiß;2;2
39;wild;3;3
39;winter;2;2
39;winternacht;2;2
39;wirr;3;3
39;wut;2;3
39;wütend;3;3
39;zornig;3;3
40;allein;3;3
40;aufbruch;2;2
40;ausbreitung;2;2
40;ausbruch;2;2
40;brutal;2;2
40;ei;2;2
40;einsam;3;3
40;gebrogen;3;3
40;geburt;2;2
40;harmonisch;3;3
40;hell;3;2
40;invasion;2;2
40;kalt;3;3
40;kaputt;2;2
40;laut;2;2
40;morgens;2;2
40;natur;2;2
40;natürlich;3;2
40;stimmig;3;2
40;tentakel;2;2
40;trist;3;3
40;warm;3;3
40;wütent;3;3
40;zer;1;1
40;zerbrechlich;3;3
40;zerbrochen;2;2
40;zerstörrerisch;3;3
40;zerstörung;3;3
41;angenehm;3;3
41;aufbruch;2;1
41;blumen;2;2
41;bunt;2;2
41;floral;2;2
41;fröhlich;3;3
41;gelb;2;2
41;geschwungen;2;2
41;grün;2;2
41;gut;2;2
41;hell;3;3
41;lebendig;3;3
41;lebensfroh;3;3
41;lebhaft;3;3
41;leicht;2;2
41;natur;2;2
41;natürlich;2;2
41;pflanzen;2;2
41;positiv;3;3
41;warm;3;3
41;zaghaft;3;3
41;zerbrechlich;3;3
42;blau;2;2
42;bunt;2;2
42;dynamisch;3;3
42;eckig;2;2
42;energetisch;3;3
42;energie;3;3
42;farbig;2;2
42;feuer;2;2
42;himmel;2;2
42;kalt;2;2
42;kampf;2;2
42;kontrast;2;2
42;krieg;2;2
42;kriegersch;2;2
42;rot;2;2
42;schnell;2;2
42;verwirrend;3;3
42;warm;3;3
42;wasser;2;2
59;abstrakt;1;1
59;aktivierend;2;1
59;allein;3;3
59;angenehm;3;3
59;artistic;1;1
59;aufgeregt;3;3
59;ausgelassen;3;3
59;belebend;3;3
59;beruhigend;3;3
59;bewegt;3;3
59;blau;2;2
59;bright;1;1
59;bunt;2;2
59;chaotisch;3;3
59;colorful;1;1
59;dekorativ;2;2
59;durcheinander;3;3
59;einfarbig;1;1
59;einsam;3;3
59;elegant;2;2
59;erfreut;3;3
59;erholsam;3;2
59;erwartungsvoll;3;2
59;exotisch;3;3
59;farben;2;2
59;farbenfroh;2;2
59;farbig;2;2
59;flatterhaft;2;2
59;fließend;2;2
59;formen;2;2
59;freundlich;3;3
59;froh;3;3
59;fröhlich;3;3
59;gay;1;1
59;gemeinsam;2;2
59;gemustert;2;2
59;gemütlich;3;3
59;geordnet;2;2
59;gesellig;3;3
59;harmonisch;3;3
59;heiter;3;3
59;hell;3;3
59;hoffnungsvoll;3;3
59;illusion;2;2
59;impressionistisch;1;1
59;inspirierend;3;3
59;interessiert;3;3
59;jung;1;2
59;kindlich;2;2
59;klar;2;2
59;kontrastreich;2;2
59;kurios;2;2
59;langweilig;2;2
59;leben;2;2
59;lebendig;3;3
59;lebensbejahend;2;3
59;lebensfroh;3;3
59;lebhaft;3;3
59;leicht;2;2
59;lieblich;3;2
59;lieblich;3;3
59;love;1;1
59;luftig;2;2
59;lustig;3;3
59;modern;2;2
59;nah;1;1
59;naiv;2;2
59;neugierig;3;3
59;offen;2;2
59;peace;1;1
59;pferd;2;2
59;positiv;3;3
59;regenbogen;2;2
59;ruhig;3;3
59;satt;2;2
59;schimmernd;2;2
59;schleier;2;2
59;schön;2;2
59;sonne;2;2
59;sonnig;2;2
59;spannend;3;3
59;spaßig;3;3
59;still;3;3
59;traum;2;2
59;träumerisch;3;3
59;trist;3;3
59;undeutlich;2;2
59;unklar;2;2
59;unruhig;3;3
59;unschön;2;2
59;unstrukturiert;2;2
59;unvoreingenommen;2;1
59;verrückt;3;3
59;verschwommen;2;2
59;verspielt;3;3
59;verträumt;3;3
59;verwirrend;3;3
59;verwunschen;3;2
59;vielfalt;2;2
59;warm;3;3
59;wasser;2;2
59;weiß;1;1
59;wirbelnd;2;2
59;wirr;3;3
59;wohlig;3;3
60;bau;2;2
60;blau;2;2
60;bunt;2;2
60;dreck;2;2
60;eckig;2;2
60;eisig;3;3
60;haus;2;2
60;häuser;2;2
60;hektisch;3;3
60;hell;2;2
60;industrie;2;2
60;kalt;2;2
60;kalt;3;3
60;kantig;2;2
60;klar;2;2
60;kontrast;2;2
60;kultur;2;2
60;laut;3;3
60;lieblos;2;2
60;schnee;2;2
60;smog;2;2
60;stadt;2;2
60;traurig;3;3
60;umweltverschmutzung;2;2
60;unruhe;3;3
60;urban;2;3
60;verlauf;2;2
60;verlaufen;2;2
60;verwirrend;3;3
60;warm;2;2
60;wasser;2;2
60;weiß;2;2
61;beängstigend;3;3
61;bunt;2;2
61;dunkel;3;3
61;energetisch;3;3
61;energie;3;3
61;fallen;2;2
61;gekippt;2;2
61;haltlos;2;3
61;hell;3;3
61;kalt;3;3
61;knallig;2;2
61;leer;2;2
61;mutig;3;2
61;rot;1;1
61;stark;2;2
61;trist;2;3
61;unangenehm;3;3
61;verwirrend;3;3
61;warm;3;3
62;blau;2;2
62;blumen;2;2
62;bunt;2;2
62;dunkel;2;2
62;floral;2;2
62;hell;3;2
62;kalt;3;3
62;leben;2;2
62;lebendig;3;3
62;natur;2;2
62;natürlich;2;2
62;organisch;2;2
62;organismus;2;2
62;ozean;2;2
62;unterwasser;2;2
62;verwirrend;3;3
62;warm;3;3
62;wasser;2;2
79;abstoßend;2;3
79;abstrakt;1;1
79;abweisend;2;3
79;allein;3;3
79;andächtig;3;3
79;ausgeliefert;3;2
79;beängstigend;3;3
79;bedrohlich;3;3
79;beunruhigend;3;3
79;bewegt;2;2
79;blass;2;2
79;blau;2;2
79;dinosaurier;2;2
79;drückend;3;3
79;dunkel;2;2
79;dunkel;3;3
79;düster;3;3
79;einsam;3;3
79;ekelig;2;2
79;euphorisch;3;3
79;fantasievoll;2;2
79;fest;2;2
79;fließend;2;2
79;flüssigkeit;2;2
79;gefährlich;3;3
79;harmonisch;3;3
79;hart;2;2
79;hilflos;3;3
79;höhle;2;2
79;ihavenoideasorry;1;1
79;interessant;2;2
79;kahl;2;3
79;kalt;3;3
79;kontrastreich;2;2
79;krank;2;2
79;kreativ;2;2
79;kühl;3;3
79;lebendig;3;3
79;luftbild;2;2
79;malerei;2;2
79;massiv;2;2
79;meeresboden;2;2
79;nachdenklich;3;3
79;natürlich;2;2
79;plastisch;2;2
79;rot;1;1
79;ruhig;3;3
79;schön;2;2
79;skelett;2;1
79;stark;2;2
79;steinig;2;2
79;still;2;2
79;tod;2;2
79;tödlich;3;3
79;tot;2;2
79;traumartig;2;2
79;traurig;3;3
79;trist;3;3
79;trüb;3;3
79;überheblich;3;3
79;unangenehm;3;3
79;unaufhörlich;2;1
79;ungemütlich;3;3
79;unordnung;2;2
79;unruhe;3;3
79;unruhig;3;3
79;unstrukturiert;2;2
79;unterirdisch;2;2
79;unüberwindbar;2;2
79;unwirklich;3;2
79;unwohl;3;3
79;verbrannt;2;2
79;verderben;2;2
79;verlassen;3;3
79;verrottung;2;2
79;verwesung;2;2
79;verwirrend;3;3
79;warm;3;3
79;wasser;2;2
79;wirr;3;3
79;wunderlich;3;3
80;allee;2;2
80;beruhigend;3;3
80;bunt;2;2
80;einsam;3;3
80;entspannend;3;3
80;freiheit;3;3
80;gelassenheit;3;3
80;genießen;2;2
80;herbst;2;2
80;herbstlich;3;3
80;kalt;3;3
80;mädchen;2;2
80;neuanfang;2;2
80;romantisch;3;3
80;ruhe;3;3
80;schatten;2;2
80;sonne;2;2
80;still;3;3
80;warm;3;3
81;absturz;2;1
81;allein;3;3
81;bunt;2;2
81;dunkel;3;3
81;düster;3;3
81;einfarbig;2;2
81;einsam;3;3
81;ende;2;1
81;fallen;2;1
81;hell;3;3
81;kalt;3;3
81;klar;3;2
81;kontrastreich;2;2
81;leer;2;2
81;melancholisch;3;3
81;rot;2;2
81;schwarz;2;2
81;trauer;3;3
81;traurig;3;3
81;trüb;3;3
81;unbunt;2;2
81;weiß;2;2
81;wütent;3;3
82;allein;3;3
82;aussaugen;1;1
82;bedeckt;2;2
82;bunt;2;2
82;dunkel;3;3
82;einsam;3;3
82;ernegieziehend;3;3
82;kalt;3;3
82;melancholisch;3;3
82;negativ;3;3
82;regenbogen;2;2
82;regnersich;2;2
82;traurig;3;3
82;trist;3;3
82;verdunkeln;2;2
82;wasser;2;2
99;abend;2;2
99;abstrakt;1;1
99;aktiv;2;2
99;anbeten;2;2
99;anregend;3;3
99;ansprechend;2;2
99;außerirdische;2;2
99;beruhigend;3;3
99;bewegt;2;2
99;bunt;2;2
99;dancing;1;1
99;dunklegestalten;2;2
99;düster;3;3
99;dynamisch;3;3
99;eckig;2;2
99;einheit;2;2
99;einsam;3;3
99;entspannend;3;3
99;entspannt;3;3
99;fantasievoll;3;3
99;feiern;2;2
99;feinfühlig;2;2
99;formen;2;2
99;freude;3;3
99;fröhlich;3;3
99;gegensätzlich;2;2
99;gelassen;3;3
99;gemeinsam;3;3
99;gemeinsamkeit;2;3
99;gemütlich;3;3
99;glücklich;3;3
99;göttlich;3;3
99;grau;1;1
99;groß;2;2
99;gutmütig;3;3
99;hang-out;1;1
99;harmonievoll;3;3
99;harmonisch;3;3
99;heiß;3;3
99;hell;3;3
99;hilflos;2;3
99;holidays;1;1
99;idyllisch;3;2
99;interessiert;3;3
99;kalt;3;3
99;kantig;2;2
99;komisch;3;2
99;konträr;2;2
99;kontrast;2;2
99;kraftvoll;3;3
99;kreativ;2;2
99;kunst;2;2
99;kunstvoll;2;2
99;leicht;2;2
99;liebe;2;3
99;lustig;3;2
99;melancholisch;3;3
99;menschen;2;2
99;modern;2;2
99;mysteriös;3;3
99;mystisch;3;3
99;nature;1;1
99;orange;2;2
99;organge;2;2
99;positiv;3;3
99;rätselhaft;2;3
99;ringen;2;2
99;romantik;3;3
99;romantisch;3;2
99;rot;2;2
99;ruhig;3;3
99;scharf;2;2
99;schön;2;2
99;seltsam;3;3
99;sonne;2;2
99;sonnenuntergang;2;2
99;spannend;3;2
99;spaß;2;2
99;spiel;2;2
99;spitz;2;2
99;stimmig;3;2
99;strukturiert;2;2
99;sun;1;1
99;sunset;1;1
99;tanz;2;2
99;tanzen;2;2
99;tänzerisch;3;2
99;trauernd;3;3
99;überfordert;2;2
99;unergründlich;2;3
99;unglück;3;3
99;unmenschlich;2;2
99;unruhig;3;3
99;verlassen;3;3
99;verliebt;3;3
99;verschnörkelt;2;2
99;vertrauen;3;3
99;verträumt;3;3
99;verwirrend;3;3
99;verwirrt;3;3
99;verworren;2;2
99;warm;3;3
99;wärme;3;3
99;zentriert;2;2
99;zufrieden;3;3
99;zusammen;2;2
99;zusammenhalt;3;3
99;zwei;2;2
99;zweisam;3;3
100;bunt;2;2
100;dunkel;3;3
100;farbig;2;2
100;freude;3;3
100;fröhlich;3;3
100;irreal;3;3
100;lustig;3;3
100;natürich;2;2
100;rausch;2;2
100;schlecht;3;3
100;traurig;3;3
100;trist;3;3
100;unharmonisch;3;3
100;unordentlich;2;2
100;verbunden;3;2
100;verrückt;3;3
100;verträumt;3;3
100;verwirrend;3;3
100;warm;2;2
100;weltall;2;2
100;wirr;3;3
100;wütent;3;3
101;abend;1;2
101;gewalt;2;2
101;kraft;2;2
101;lebendig;3;3
101;morgens;2;2
101;ordinär;2;2
101;romantisch;3;2
101;rot;1;1
101;tempramentvoll;3;3
101;verletzlich;3;3
101;verwirrend;3;3
101;vulgär;2;2
101;warm;3;3
101;weihnachtlich;2;1
101;wut;3;3
101;wütent;3;3
101;zeremonie;2;2
102;aufbruch;2;2
102;bunt;2;2
102;denker;2;2
102;dunkel;2;2
102;düster;2;3
102;dynamik;3;3
102;dynamisch;3;3
102;erleuchtet;3;3
102;farbenfroh;2;2
102;kalt;3;3
102;köpfe;2;2
102;menschen;2;2
102;positiv;3;3
102;trüb;3;3
102;warm;2;2
